fixture_id,home_team,away_team,date_utc,lambda_h,lambda_a,p_home,p_draw,p_away
wc2026_pair_Algeria_Argentina,Algeria,Argentina,2026-06-11,0.5947810785266412,1.770344358625283,0.1191376676321519,0.2221448597183722,0.6587174726494758
wc2026_pair_Algeria_Australia,Algeria,Australia,2026-06-11,1.4654764630727042,1.003744551086339,0.4780140795332028,0.2631738488390902,0.2588120716277068
wc2026_pair_Algeria_Austria,Algeria,Austria,2026-06-11,1.253439866655532,1.313646711359162,0.3529474377496004,0.2657414687243629,0.3813110935260367
wc2026_pair_Algeria_Belgium,Algeria,Belgium,2026-06-11,1.200563237661069,1.3649414599089231,0.3288576070830239,0.2649025288868242,0.4062398640301518
wc2026_pair_Algeria_Bosnia and Herzegovina,Algeria,Bosnia and Herzegovina,2026-06-11,1.9334587496939255,0.7738087422094722,0.6471762217835385,0.210699049476505,0.1421247287399565
wc2026_pair_Algeria_Brazil,Algeria,Brazil,2026-06-11,0.9941001730321346,1.576754171991539,0.2386293088516556,0.2523379658433072,0.5090327253050372
wc2026_pair_Algeria_Canada,Canada,Algeria,2026-06-11,1.2507508094477149,1.099638016339061,0.3974199132248189,0.2790488501149393,0.3235312366602418
wc2026_pair_Algeria_Cape Verde,Algeria,Cape Verde,2026-06-11,1.6860753755343822,0.8650179078781958,0.5681321495064996,0.2406029854857019,0.1912648650077984
wc2026_pair_Algeria_Colombia,Algeria,Colombia,2026-06-11,1.0334865940479447,1.5209799542724671,0.2574705642134221,0.2572074160781402,0.4853220197084376
wc2026_pair_Algeria_Croatia,Algeria,Croatia,2026-06-11,1.2383332672873455,1.2910922083310448,0.3534495615947097,0.2680847375510539,0.3784657008542363
wc2026_pair_Algeria_Curaçao,Algeria,Curaçao,2026-06-11,2.023849863070936,0.7586004027875759,0.6695659203826407,0.2002277683272887,0.1302063112900704
wc2026_pair_Algeria_Czechia,Algeria,Czechia,2026-06-11,1.4409442346438637,1.080405802571857,0.4534139704841234,0.263421822682928,0.2831642068329485
wc2026_pair_Algeria_DR Congo,Algeria,DR Congo,2026-06-11,1.5224940882426667,0.9758783906965768,0.4996308711739311,0.2579809046321754,0.2423882241938934
wc2026_pair_Algeria_Ecuador,Algeria,Ecuador,2026-06-11,1.0404316502867252,1.285282019944752,0.3004053555220701,0.2791281160507072,0.4204665284272226
wc2026_pair_Algeria_Egypt,Algeria,Egypt,2026-06-11,1.522949773825473,0.9550570217026836,0.5048545816640749,0.258201925322008,0.2369434930139169
wc2026_pair_Algeria_England,Algeria,England,2026-06-11,0.8751818030061849,1.5750244890984724,0.2088238874221777,0.2530326666701671,0.5381434459076551
wc2026_pair_Algeria_France,Algeria,France,2026-06-11,0.8762462735778724,1.6023872519891555,0.2052659894095679,0.2499787894437913,0.5447552211466408
wc2026_pair_Algeria_Germany,Algeria,Germany,2026-06-11,1.1075461416774248,1.5203231781599436,0.2765753675949661,0.2557168613880198,0.4677077710170141
wc2026_pair_Algeria_Ghana,Algeria,Ghana,2026-06-11,2.066000769234728,0.6932867447710982,0.6941452460415074,0.1922037855189384,0.113650968439554
wc2026_pair_Algeria_Haiti,Algeria,Haiti,2026-06-11,1.8164483250763008,0.843164128757451,0.6040783442152151,0.2258771829748189,0.1700444728099659
wc2026_pair_Algeria_Iran,Algeria,Iran,2026-06-11,1.334287363813866,1.1680024428147835,0.4051839887116292,0.2687617485671972,0.3260542627211735
wc2026_pair_Algeria_Iraq,Algeria,Iraq,2026-06-11,1.717522763493737,0.858082618812751,0.5774024786428085,0.2370298570700618,0.1855676642871298
wc2026_pair_Algeria_Ivory Coast,Algeria,Ivory Coast,2026-06-11,1.562740844487422,1.0424165818568845,0.4938441787279495,0.253123133417967,0.2530326878540834
wc2026_pair_Algeria_Japan,Algeria,Japan,2026-06-11,1.094536558775313,1.3575828069910694,0.3018679599332766,0.2702195091194402,0.4279125309472831
wc2026_pair_Algeria_Jordan,Algeria,Jordan,2026-06-11,1.6825483887277035,1.0121263273790635,0.5307972335019117,0.2419342562659289,0.2272685102321593
wc2026_pair_Algeria_Mexico,Mexico,Algeria,2026-06-11,1.5371721154137117,1.0131543426227765,0.4943571939573017,0.2559906296718762,0.249652176370822
wc2026_pair_Algeria_Morocco,Algeria,Morocco,2026-06-11,1.1596124111235682,1.3208363587287564,0.3263844050876686,0.2702128273235127,0.4034027675888187
wc2026_pair_Algeria_Netherlands,Algeria,Netherlands,2026-06-11,1.0839897914575232,1.4212613577275466,0.2875656930318229,0.265053097045544,0.447381209922633
wc2026_pair_Algeria_New Zealand,Algeria,New Zealand,2026-06-11,1.9560113225023985,0.6878514094197741,0.6737311391119634,0.2041367917449606,0.1221320691430759
wc2026_pair_Algeria_Norway,Algeria,Norway,2026-06-11,1.1826532488675925,1.3564084944580954,0.3257332811302039,0.2663790287380011,0.407887690131795
wc2026_pair_Algeria_Panama,Algeria,Panama,2026-06-11,1.5958487063481874,1.1047143479742851,0.4874353551011873,0.2492042613101494,0.2633603835886632
wc2026_pair_Algeria_Paraguay,Algeria,Paraguay,2026-06-11,1.3060719300963326,1.1631345757176,0.3986338689506982,0.271165716297202,0.3302004147520997
wc2026_pair_Algeria_Portugal,Algeria,Portugal,2026-06-11,0.9772481360337564,1.442637793911399,0.2555599854684,0.2660667845572999,0.4783732299743001
wc2026_pair_Algeria_Qatar,Algeria,Qatar,2026-06-11,2.123199025451342,0.5918855247105164,0.7301076785956278,0.1794818389895571,0.0904104824148151
wc2026_pair_Algeria_Saudi Arabia,Algeria,Saudi Arabia,2026-06-11,1.8394681685729375,0.8216161645665356,0.6146956321889971,0.2227465910877122,0.1625577767232906
wc2026_pair_Algeria_Scotland,Algeria,Scotland,2026-06-11,1.4013380291937343,1.1461985161780726,0.4279095423865635,0.2644598819449397,0.3076305756684969
wc2026_pair_Algeria_Senegal,Algeria,Senegal,2026-06-11,1.2183390919748078,1.2644081965644636,0.3534592825953059,0.2710595797737458,0.3754811376309482
wc2026_pair_Algeria_South Africa,Algeria,South Africa,2026-06-11,1.90136164561457,0.7785083069291846,0.6391634679361077,0.2144213938302527,0.1464151382336396
wc2026_pair_Algeria_South Korea,Algeria,South Korea,2026-06-11,1.4914062151403125,1.0889052100369117,0.4646078131839481,0.2587041496637259,0.276688037152326
wc2026_pair_Algeria_Spain,Algeria,Spain,2026-06-11,0.6184373496161547,1.7089944657764051,0.1303054457459786,0.2313037370818681,0.6383908171721532
wc2026_pair_Algeria_Sweden,Algeria,Sweden,2026-06-11,1.5930110007643576,1.2091898355949162,0.4627628451640443,0.2474534597799061,0.2897836950560495
wc2026_pair_Algeria_Switzerland,Algeria,Switzerland,2026-06-11,1.2388859946817157,1.407138239130476,0.3308596290539183,0.2601396970633061,0.4090006738827755
wc2026_pair_Algeria_Tunisia,Algeria,Tunisia,2026-06-11,1.7467757183248267,0.9104314310716826,0.5711288094918766,0.2347136036468874,0.194157586861236
wc2026_pair_Algeria_Turkey,Algeria,Turkey,2026-06-11,1.1189246920434923,1.3280508368510364,0.3139826950842526,0.271624001739753,0.4143933031759944
wc2026_pair_Algeria_United States,United States,Algeria,2026-06-11,1.3087577084545654,1.4936356499844627,0.3324195305740129,0.2514593353673826,0.4161211340586044
wc2026_pair_Algeria_Uruguay,Algeria,Uruguay,2026-06-11,1.1963394901385955,1.2210266309612106,0.3563207105454091,0.2754201762208811,0.3682591132337097
wc2026_pair_Algeria_Uzbekistan,Algeria,Uzbekistan,2026-06-11,1.539107189804818,1.000000427695919,0.4980316701283565,0.2559894970541977,0.2459788328174457
wc2026_pair_Argentina_Australia,Argentina,Australia,2026-06-11,2.2504374025113174,0.4293244195372261,0.7912843978859965,0.1526728450004254,0.0560427571135779
wc2026_pair_Argentina_Austria,Argentina,Austria,2026-06-11,2.0364448828263035,0.7393796268700794,0.6768687639108834,0.1979106074235147,0.1252206286656019
wc2026_pair_Argentina_Belgium,Argentina,Belgium,2026-06-11,1.9855241770996823,0.7905213283598103,0.6538182441227135,0.2057985419815444,0.140383213895742
wc2026_pair_Argentina_Bosnia and Herzegovina,Argentina,Bosnia and Herzegovina,2026-06-11,2.7184196891325394,0.1993886106603594,0.8970779785849793,0.0875778725942535,0.0153441488207672
wc2026_pair_Argentina_Brazil,Argentina,Brazil,2026-06-11,1.7790611124707478,1.002334040442426,0.5560704299396303,0.2326030228961099,0.2113265471642598
wc2026_pair_Argentina_Canada,Canada,Argentina,2026-06-11,0.4694192148082949,1.7546185428359735,0.0928766756019934,0.2173818293466708,0.6897414950513358
wc2026_pair_Argentina_Cape Verde,Argentina,Cape Verde,2026-06-11,2.4710363149729955,0.290597776329083,0.8531124655586064,0.1173946352393787,0.0294928992020148
wc2026_pair_Argentina_Colombia,Argentina,Colombia,2026-06-11,1.8188387181401264,0.9465292133113484,0.5788565331998614,0.2279304688919885,0.1932129979081501
wc2026_pair_Argentina_Croatia,Argentina,Croatia,2026-06-11,2.023685391379527,0.7166414673699262,0.680036295489112,0.1980996640846245,0.1218640404262633
wc2026_pair_Argentina_Curaçao,Argentina,Curaçao,2026-06-11,2.8092019871631173,0.1841496618264572,0.9074858932367712,0.0796121441496278,0.0129019626136009
wc2026_pair_Argentina_Czechia,Argentina,Czechia,2026-06-11,2.225513989428909,0.5060162804347503,0.7687502730913554,0.1618772141296647,0.0693725127789798
wc2026_pair_Argentina_DR Congo,Argentina,DR Congo,2026-06-11,2.308628581641985,0.4013664309114457,0.8066065205148437,0.1440362533996679,0.0493572260854882
wc2026_pair_Argentina_Ecuador,Argentina,Ecuador,2026-06-11,1.8257837743789072,0.7108312789836333,0.6401514835381716,0.2203744868732816,0.1394740295885466
wc2026_pair_Argentina_Egypt,Argentina,Egypt,2026-06-11,2.307910713264086,0.3806368901535706,0.8114098782914612,0.1421706560154045,0.0464194656931342
wc2026_pair_Argentina_England,Argentina,England,2026-06-11,1.6617074810590715,1.0004819199013355,0.5285598629107542,0.2439570215783663,0.2274831155108795
wc2026_pair_Argentina_France,Argentina,France,2026-06-11,1.661989582323622,1.027905901616031,0.5219915867438562,0.2438776478206702,0.2341307654354737
wc2026_pair_Argentina_Germany,Argentina,Germany,2026-06-11,1.892507081116038,0.9459030466108308,0.595530078189144,0.2206039345932179,0.1838659872176379
wc2026_pair_Argentina_Ghana,Argentina,Ghana,2026-06-11,2.849396970059068,0.1189890508700095,0.9220090936572084,0.0703554440340076,0.0076354623087838
wc2026_pair_Argentina_Haiti,Argentina,Haiti,2026-06-11,2.6014092645149143,0.2687439972083382,0.8721571831009203,0.1038214031308887,0.024021413768191
wc2026_pair_Argentina_Iran,Argentina,Iran,2026-06-11,2.118465933945343,0.5936435300896831,0.7288179704711892,0.1801253152541111,0.0910567142746996
wc2026_pair_Argentina_Iraq,Argentina,Iraq,2026-06-11,2.5040484415466233,0.2835400496156143,0.8584610994031873,0.1136901681802166,0.027848732416596
wc2026_pair_Argentina_Ivory Coast,Argentina,Ivory Coast,2026-06-11,2.346919414618899,0.4680576691317835,0.7964906030540794,0.1461537805317117,0.0573556164142089
wc2026_pair_Argentina_Japan,Argentina,Japan,2026-06-11,1.8771503902925164,0.7833463319139928,0.6327078387982135,0.217288971830676,0.1500031893711106
wc2026_pair_Argentina_Jordan,Argentina,Jordan,2026-06-11,2.4679005128198854,0.4376755864179448,0.8202191376221234,0.1318369617675663,0.0479439006103102
wc2026_pair_Argentina_Mexico,Mexico,Argentina,2026-06-11,0.7558405207742916,1.668134869119689,0.1672172677520759,0.2407809336400176,0.5920017986079064
wc2026_pair_Argentina_Morocco,Argentina,Morocco,2026-06-11,1.9449645352157496,0.7463856177676377,0.6565316206843641,0.2082302235603979,0.1352381557552379
wc2026_pair_Argentina_Netherlands,Argentina,Netherlands,2026-06-11,1.869733100203273,0.8467800073544218,0.6150526107268686,0.2202490113229553,0.164698377950176
wc2026_pair_Argentina_New Zealand,Argentina,New Zealand,2026-06-11,2.7409722619410117,0.1134312778706614,0.9150239457992818,0.0769469226881174,0.0080291315126007
wc2026_pair_Argentina_Norway,Argentina,Norway,2026-06-11,1.968005372959774,0.7819577534969766,0.6523434897410542,0.2072980726763047,0.140358437582641
wc2026_pair_Argentina_Panama,Argentina,Panama,2026-06-11,2.3808096457868007,0.5302942164251725,0.7870437488222422,0.1481017728551184,0.0648544783226394
wc2026_pair_Argentina_Paraguay,Argentina,Paraguay,2026-06-11,2.0906416848813776,0.5887450535804932,0.7249967230946652,0.1828758168148836,0.092127460090451
wc2026_pair_Argentina_Portugal,Argentina,Portugal,2026-06-11,1.763773814086643,0.8680952247142624,0.5857185084309264,0.2321683393991358,0.1821131521699377
wc2026_pair_Argentina_Qatar,Argentina,Qatar,2026-06-11,2.908159964889955,0.0174653931614037,0.9426280475403293,0.0564026868393929,0.0009692656202778
wc2026_pair_Argentina_Saudi Arabia,Argentina,Saudi Arabia,2026-06-11,2.625602661972255,0.2471042047814048,0.8790273356650126,0.0996391187501269,0.0213335455848604
wc2026_pair_Argentina_Scotland,Argentina,Scotland,2026-06-11,2.1862989686323475,0.5717783846289597,0.7461447452791288,0.1711865832866178,0.0826686714342533
wc2026_pair_Argentina_Senegal,Argentina,Senegal,2026-06-11,2.004473585374126,0.6898962367793327,0.6829722477075308,0.1987785957312048,0.1182491565612643
wc2026_pair_Argentina_South Africa,Argentina,South Africa,2026-06-11,2.6863225850531833,0.2040881753800717,0.8933184541987289,0.0904584294751447,0.0162231163261262
wc2026_pair_Argentina_South Korea,Argentina,South Korea,2026-06-11,2.275584785271789,0.514546297311811,0.7746816524028466,0.1573235037823302,0.0679948438148231
wc2026_pair_Argentina_Spain,Argentina,Spain,2026-06-11,1.404571843015473,1.1344825059912744,0.431406119738701,0.2646553939206752,0.3039384863406237
wc2026_pair_Argentina_Sweden,Argentina,Sweden,2026-06-11,2.377189570895834,0.6348309228698155,0.7623965411259171,0.1566100165629247,0.0809934423111581
wc2026_pair_Argentina_Switzerland,Argentina,Switzerland,2026-06-11,2.0238469341203285,0.8327181075813632,0.6512034276013574,0.2036207236117253,0.1451758487869171
wc2026_pair_Argentina_Tunisia,Argentina,Tunisia,2026-06-11,2.53173665776344,0.3360112995225697,0.8503609118385457,0.1164831534138072,0.0331559347476469
wc2026_pair_Argentina_Turkey,Argentina,Turkey,2026-06-11,1.9038856314821055,0.7536307053019238,0.6460342080908079,0.2131276098963752,0.1408381820128168
wc2026_pair_Argentina_United States,United States,Argentina,2026-06-11,0.526774914716506,2.1485143851550035,0.0773155716212149,0.1718940973836866,0.7507903309950985
wc2026_pair_Argentina_Uruguay,Argentina,Uruguay,2026-06-11,1.9550910577881313,0.6486573300165004,0.6836183328751297,0.2021309111518789,0.1142507559729913
wc2026_pair_Argentina_Uzbekistan,Argentina,Uzbekistan,2026-06-11,2.324850498550568,0.4255190773227941,0.8032485436107003,0.1445915229722954,0.0521599334170042
wc2026_pair_Australia_Austria,Australia,Austria,2026-06-11,1.097720396280888,1.3616421588497576,0.3019811529538633,0.2697364975034966,0.4282823495426401
wc2026_pair_Australia_Belgium,Australia,Belgium,2026-06-11,1.0467996905542671,1.4127838603394889,0.2791581444688382,0.2670404503205862,0.4538014052105755
wc2026_pair_Australia_Bosnia and Herzegovina,Australia,Bosnia and Herzegovina,2026-06-11,1.779695202587123,0.8216511426400378,0.6011759877260757,0.2293557759598889,0.1694682363140354
wc2026_pair_Australia_Brazil,Australia,Brazil,2026-06-11,0.8403366259253322,1.6245965724221043,0.1933247796689302,0.2472402684168521,0.5594349519142175
wc2026_pair_Australia_Canada,Canada,Australia,2026-06-11,1.3385498607400843,0.9881411729450535,0.4475248141230759,0.2762525222907875,0.2762226635861365
wc2026_pair_Australia_Cape Verde,Australia,Cape Verde,2026-06-11,1.5323118284275798,0.9128603083087612,0.5177420704581098,0.2576187375654964,0.2246391919763937
wc2026_pair_Australia_Colombia,Australia,Colombia,2026-06-11,0.8801142315947108,1.5687917452910267,0.2109558064259364,0.2537303247749592,0.5353138687991044
wc2026_pair_Australia_Croatia,Australia,Croatia,2026-06-11,1.0849609048341118,1.3389039993496046,0.3027164220599695,0.2722519116076423,0.4250316663323881
wc2026_pair_Australia_Curaçao,Australia,Curaçao,2026-06-11,1.8704775006177017,0.8064121938061356,0.6253953960613318,0.218852498474291,0.1557521054643771
wc2026_pair_Australia_Czechia,Australia,Czechia,2026-06-11,1.286789502883493,1.1282788124144287,0.4010411159967843,0.2745195507034888,0.3244393332997268
wc2026_pair_Australia_DR Congo,Australia,DR Congo,2026-06-11,1.3699040950965693,1.0236289628911242,0.4477027916021465,0.2718711629894463,0.2804260454084071
wc2026_pair_Australia_Ecuador,Australia,Ecuador,2026-06-11,0.8870592878334914,1.3330938109633117,0.2490195159751586,0.280345088243725,0.4706353957811164
wc2026_pair_Australia_Egypt,Australia,Egypt,2026-06-11,1.3691862267186707,1.002899422133249,0.4524181270196022,0.2726741373084047,0.2749077356719931
wc2026_pair_Australia_England,Australia,England,2026-06-11,0.7229829945136558,1.622744451881014,0.1646190147713774,0.2457301049551906,0.5896508802734319
wc2026_pair_Australia_France,Australia,France,2026-06-11,0.7232650957782066,1.6501684335957092,0.1614647699074739,0.2422681152620435,0.5962671148304824
wc2026_pair_Australia_Germany,Australia,Germany,2026-06-11,0.9537825945706224,1.568165578590509,0.2297346326339373,0.2535276605910022,0.5167377067750604
wc2026_pair_Australia_Ghana,Australia,Ghana,2026-06-11,1.910672483513652,0.741251582849688,0.6506369761376845,0.2118342666514566,0.137528757210859
wc2026_pair_Australia_Haiti,Australia,Haiti,2026-06-11,1.6626847779694984,0.8910065291880165,0.5558988007348558,0.2434443413005447,0.2006568579645994
wc2026_pair_Australia_Iran,Australia,Iran,2026-06-11,1.179741447399927,1.2159060620693614,0.352790645781525,0.2768624826820398,0.3703468715364351
wc2026_pair_Australia_Iraq,Australia,Iraq,2026-06-11,1.5653239550012077,0.9058025815952926,0.5279566191312217,0.2540669652186413,0.2179764156501369
wc2026_pair_Australia_Ivory Coast,Australia,Ivory Coast,2026-06-11,1.4081949280734831,1.090320201111462,0.4424491197261285,0.2659842725115833,0.2915666077622882
wc2026_pair_Australia_Japan,Australia,Japan,2026-06-11,0.9384259037471008,1.405608863893671,0.2512184953827446,0.2708701216177508,0.4779113829995045
wc2026_pair_Australia_Jordan,Australia,Jordan,2026-06-11,1.5291760262744698,1.0599381183976233,0.4811341584369866,0.2559461953650567,0.2629196461979566
wc2026_pair_Australia_Mexico,Mexico,Australia,2026-06-11,1.624971166706081,0.9016574992287688,0.5439589103656269,0.2475937522463834,0.2084473373879897
wc2026_pair_Australia_Morocco,Australia,Morocco,2026-06-11,1.006240048670334,1.368648149747316,0.2759124181845769,0.2726104561685301,0.451477125646893
wc2026_pair_Australia_Netherlands,Australia,Netherlands,2026-06-11,0.9310086136578576,1.4690425393341002,0.2390546061896604,0.2642318692782607,0.4967135245320788
wc2026_pair_Australia_New Zealand,Australia,New Zealand,2026-06-11,1.802247775395596,0.7356938098503396,0.6284430313657617,0.2241122109546001,0.147444757679638
wc2026_pair_Australia_Norway,Australia,Norway,2026-06-11,1.0292808864143583,1.404220285476655,0.2759555414609412,0.2684064170661006,0.4556380414729581
wc2026_pair_Australia_Panama,Australia,Panama,2026-06-11,1.4420851592413853,1.152556748404851,0.4371813894012976,0.2609384650476274,0.3018801455510749
wc2026_pair_Australia_Paraguay,Australia,Paraguay,2026-06-11,1.151917198335962,1.2110075855601716,0.3460594360171606,0.2790286212779183,0.3749119427049209
wc2026_pair_Australia_Portugal,Australia,Portugal,2026-06-11,0.8250493275412275,1.4903577566939403,0.2079129057642823,0.2629491701239609,0.5291379241117568
wc2026_pair_Australia_Qatar,Australia,Qatar,2026-06-11,1.96943547834454,0.6397279251410819,0.6888038340365389,0.1999544832911195,0.1112416826723415
wc2026_pair_Australia_Saudi Arabia,Australia,Saudi Arabia,2026-06-11,1.6868781754268398,0.8693667367610831,0.5672224437074075,0.2405711026891781,0.1922064536034144
wc2026_pair_Australia_Scotland,Australia,Scotland,2026-06-11,1.247574482086932,1.194040916608638,0.3760338068585873,0.2737069056887275,0.3502592874526852
wc2026_pair_Australia_Senegal,Australia,Senegal,2026-06-11,1.0657490988287104,1.312158768759011,0.302417512792642,0.2754812972191942,0.4221011899881636
wc2026_pair_Australia_South Africa,Australia,South Africa,2026-06-11,1.7475980985077677,0.8263507073597501,0.5925549669242323,0.2330606497357899,0.1743843833399778
wc2026_pair_Australia_South Korea,Australia,South Korea,2026-06-11,1.3368602987263736,1.1368088292914893,0.4127798754153634,0.2700612117901171,0.3171589127945194
wc2026_pair_Australia_Spain,Australia,Spain,2026-06-11,0.4658473564700576,1.7567450379709526,0.0919428469463073,0.2168556044144028,0.6912015486392898
wc2026_pair_Australia_Sweden,Australia,Sweden,2026-06-11,1.4384650843504188,1.257093454849494,0.413172262298573,0.2571916577250466,0.3296360799763803
wc2026_pair_Australia_Switzerland,Australia,Switzerland,2026-06-11,1.085122447574913,1.4549806395610414,0.2819623998045723,0.2620328174505209,0.4560047827449068
wc2026_pair_Australia_Tunisia,Australia,Tunisia,2026-06-11,1.5930121712180243,0.9582738315022482,0.5218971530085512,0.2509416551550559,0.2271611918363928
wc2026_pair_Australia_Turkey,Australia,Turkey,2026-06-11,0.96516114493669,1.375893237281602,0.2634522207020063,0.2732413233054037,0.46330645599259
wc2026_pair_Australia_United States,United States,Australia,2026-06-11,1.3959055606482955,1.3820370152640833,0.3761784042576049,0.2539551420640709,0.3698664536783241
wc2026_pair_Australia_Uruguay,Australia,Uruguay,2026-06-11,1.0163665712427157,1.2709198619961788,0.2963324917405377,0.2816579676693351,0.4220095405901271
wc2026_pair_Australia_Uzbekistan,Australia,Uzbekistan,2026-06-11,1.3861260120051524,1.0477816093024723,0.4464199172544627,0.2694806274195839,0.2840994553259533
wc2026_pair_Austria_Belgium,Austria,Belgium,2026-06-11,1.4098644865225904,1.3127661912646895,0.3939925960018071,0.256583757303909,0.3494236466942839
wc2026_pair_Austria_Bosnia and Herzegovina,Austria,Bosnia and Herzegovina,2026-06-11,2.142759998555447,0.7216334735652388,0.7016420550341882,0.1857269014221306,0.112631043543681
wc2026_pair_Austria_Brazil,Austria,Brazil,2026-06-11,1.203401421893656,1.5245789033473054,0.3002172679630099,0.252839144805052,0.4469435872319382
wc2026_pair_Austria_Canada,Canada,Austria,2026-06-11,1.1245573410550709,1.2981963802779068,0.321214244626081,0.2737920007340901,0.4049937546398289
wc2026_pair_Austria_Cape Verde,Austria,Cape Verde,2026-06-11,1.8953766243959032,0.8128426392339624,0.6291881156080715,0.2163663415071859,0.1544455428847426
wc2026_pair_Austria_Colombia,Austria,Colombia,2026-06-11,1.2431790275630346,1.4687740762162278,0.3204121890825492,0.2556246510998627,0.423963159817588
wc2026_pair_Austria_Croatia,Austria,Croatia,2026-06-11,1.448025700802435,1.2388863302748054,0.4195782922966125,0.2572611175814251,0.3231605901219624
wc2026_pair_Austria_Curaçao,Austria,Curaçao,2026-06-11,2.233542296586025,0.7063945247313366,0.721723157184502,0.1755643224273674,0.1027125203881305
wc2026_pair_Austria_Czechia,Austria,Czechia,2026-06-11,1.6498542988518166,1.0282611433396296,0.5189395615931849,0.2450280576972309,0.236032380709584
wc2026_pair_Austria_DR Congo,Austria,DR Congo,2026-06-11,1.7329688910648928,0.9236112938163252,0.5645939411320616,0.2363315879824859,0.1990744708854525
wc2026_pair_Austria_Ecuador,Austria,Ecuador,2026-06-11,1.250124083801815,1.2330761418885126,0.3685212085914542,0.2711068128825475,0.3603719785259983
wc2026_pair_Austria_Egypt,Austria,Egypt,2026-06-11,1.7322510226869945,0.90288175305845,0.5695959005734054,0.236132272531914,0.1942718268946806
wc2026_pair_Austria_England,Austria,England,2026-06-11,1.0860477904819794,1.522726782806215,0.2706708067178103,0.2559932843565538,0.4733359089256359
wc2026_pair_Austria_France,Austria,France,2026-06-11,1.0863298917465305,1.5501507645209105,0.2661969392178812,0.2535465475232534,0.4802565132588653
wc2026_pair_Austria_Germany,Austria,Germany,2026-06-11,1.316847390538946,1.4681479095157102,0.3392572947486361,0.2527653337742921,0.4079773714770718
wc2026_pair_Austria_Ghana,Austria,Ghana,2026-06-11,2.273737279481976,0.6412339137748888,0.744157231290217,0.1671664421037741,0.0886763266060088
wc2026_pair_Austria_Haiti,Austria,Haiti,2026-06-11,2.025749573937822,0.7909888601132175,0.6618945043348731,0.2015728209408736,0.1365326747242533
wc2026_pair_Austria_Iran,Austria,Iran,2026-06-11,1.5428062433682506,1.1158883929945624,0.4714971096138897,0.2535904255789743,0.2749124648071359
wc2026_pair_Austria_Iraq,Austria,Iraq,2026-06-11,1.928388750969531,0.8057849125204937,0.6380438689742348,0.2125416286018941,0.149414502423871
wc2026_pair_Austria_Ivory Coast,Austria,Ivory Coast,2026-06-11,1.7712597240418066,0.990302532036663,0.5571760028183641,0.2332362334814974,0.2095877637001384
wc2026_pair_Austria_Japan,Austria,Japan,2026-06-11,1.3014906997154243,1.305591194818872,0.3672931062036407,0.2634947210319477,0.3692121727644115
wc2026_pair_Austria_Jordan,Austria,Jordan,2026-06-11,1.892240822242793,0.9599204493228244,0.592053105285599,0.2209534509271824,0.1869934437872186
wc2026_pair_Austria_Mexico,Mexico,Austria,2026-06-11,1.4109786470210677,1.2117127065616222,0.4159110661289809,0.2610367431863798,0.3230521906846392
wc2026_pair_Austria_Morocco,Austria,Morocco,2026-06-11,1.3693048446386575,1.2686304806725168,0.392775926197303,0.2613027057388913,0.3459213680638056
wc2026_pair_Austria_Netherlands,Austria,Netherlands,2026-06-11,1.294073409626181,1.369024870259301,0.3526087228222055,0.2600378141750358,0.3873534630027586
wc2026_pair_Austria_New Zealand,Austria,New Zealand,2026-06-11,2.16531257136392,0.6356761407755406,0.7267990700957234,0.1779463282422577,0.0952546016620188
wc2026_pair_Austria_Norway,Austria,Norway,2026-06-11,1.392345682382682,1.304202616401856,0.3912764732308583,0.258079957356853,0.3506435694122886
wc2026_pair_Austria_Panama,Austria,Panama,2026-06-11,1.8051499552097088,1.0525390793300518,0.5500360521222045,0.2306071934918784,0.2193567543859169
wc2026_pair_Austria_Paraguay,Austria,Paraguay,2026-06-11,1.5149819943042857,1.1109899164853727,0.4655421058002457,0.2560956764041932,0.278362217795561
wc2026_pair_Austria_Portugal,Austria,Portugal,2026-06-11,1.1881141235095511,1.3903400876191416,0.3207440179125723,0.2635773124951005,0.4156786695923271
wc2026_pair_Austria_Qatar,Austria,Qatar,2026-06-11,2.3325002743128636,0.539710256066283,0.7775691932444457,0.1536067882191036,0.0688240185364506
wc2026_pair_Austria_Saudi Arabia,Austria,Saudi Arabia,2026-06-11,2.0499429713951636,0.7693490676862841,0.6720895489743292,0.1979960986985655,0.1299143523271054
wc2026_pair_Austria_Scotland,Austria,Scotland,2026-06-11,1.6106392780552554,1.094023247533839,0.4936193870048486,0.2480563190912136,0.2583242939039378
wc2026_pair_Austria_Senegal,Austria,Senegal,2026-06-11,1.428813894797034,1.212141099684212,0.4204609888903367,0.2597122687811173,0.3198267423285459
wc2026_pair_Austria_South Africa,Austria,South Africa,2026-06-11,2.110662894476091,0.7263330382849511,0.6944710377560106,0.1893372188094974,0.116191743434492
wc2026_pair_Austria_South Korea,Austria,South Korea,2026-06-11,1.6999250946946969,1.0367911602166902,0.529037007304517,0.2402866296334206,0.2306763630620624
wc2026_pair_Austria_Spain,Austria,Spain,2026-06-11,0.8289121524383808,1.6567273688961537,0.1863249769771201,0.2434239739018097,0.57025104912107
wc2026_pair_Austria_Sweden,Austria,Sweden,2026-06-11,1.8015298803187425,1.1570757857746947,0.5246339826116916,0.2313356154663408,0.2440304019219675
wc2026_pair_Austria_Switzerland,Austria,Switzerland,2026-06-11,1.4481872435432366,1.3549629704862425,0.3949571027688877,0.2523308683592258,0.3527120288718863
wc2026_pair_Austria_Tunisia,Austria,Tunisia,2026-06-11,1.956076967186348,0.8582561624274492,0.6308320860681011,0.2115830921180161,0.1575848218138826
wc2026_pair_Austria_Turkey,Austria,Turkey,2026-06-11,1.3282259409050137,1.275875568206803,0.3804730589545218,0.2635637108544614,0.3559632301910167
wc2026_pair_Austria_United States,United States,Austria,2026-06-11,1.1819130409632814,1.6920922225969364,0.2667578358864979,0.2401276787053192,0.4931144854081828
wc2026_pair_Austria_Uruguay,Austria,Uruguay,2026-06-11,1.3794313672110392,1.1709021929213796,0.4165960489146293,0.2651582788233034,0.3182456722620672
wc2026_pair_Austria_Uzbekistan,Austria,Uzbekistan,2026-06-11,1.749190807973476,0.9477639402276736,0.5624336885618664,0.2349598231772643,0.2026064882608692
wc2026_pair_Belgium_Bosnia and Herzegovina,Belgium,Bosnia and Herzegovina,2026-06-11,2.1822585487844552,0.6923941563143232,0.7159853580102779,0.1798749985144134,0.1041396434753086
wc2026_pair_Belgium_Brazil,Belgium,Brazil,2026-06-11,1.242899972122664,1.49533958609639,0.3154680111391992,0.2537420156143871,0.4307899732464135
wc2026_pair_Belgium_Canada,Canada,Belgium,2026-06-11,1.0736366353284497,1.3493380817676377,0.2977161443328518,0.271819110494376,0.4304647451727721
wc2026_pair_Belgium_Cape Verde,Belgium,Cape Verde,2026-06-11,1.934875174624912,0.7836033219830468,0.6450016227042371,0.2109526806895613,0.1440456966062015
wc2026_pair_Belgium_Colombia,Belgium,Colombia,2026-06-11,1.2826775777920427,1.4395347589653122,0.3359989266632355,0.2560437179479801,0.4079573553887844
wc2026_pair_Belgium_Croatia,Belgium,Croatia,2026-06-11,1.4875242510314437,1.20964701302389,0.436134619660886,0.255446128063827,0.3084192522752869
wc2026_pair_Belgium_Curaçao,Belgium,Curaçao,2026-06-11,2.273040846815033,0.677155207480421,0.7355079050437784,0.1697168330736075,0.0947752618826141
wc2026_pair_Belgium_Czechia,Belgium,Czechia,2026-06-11,1.689352849080825,0.999021826088714,0.535621830338494,0.2412607476540274,0.2231174220074785
wc2026_pair_Belgium_DR Congo,Belgium,DR Congo,2026-06-11,1.7724674412939012,0.8943719765654097,0.5811335635826637,0.2317466495101088,0.1871197869072274
wc2026_pair_Belgium_Ecuador,Belgium,Ecuador,2026-06-11,1.2896226340308234,1.203836824637597,0.385381921666188,0.2701575889050108,0.3444604894288011
wc2026_pair_Belgium_Egypt,Belgium,Egypt,2026-06-11,1.7717495729160024,0.8736424358075345,0.5861694752273942,0.2314215669789994,0.1824089577936063
wc2026_pair_Belgium_England,Belgium,England,2026-06-11,1.1255463407109878,1.4934874655552992,0.2857888447786924,0.2575491090942134,0.4566620461270941
wc2026_pair_Belgium_France,Belgium,France,2026-06-11,1.1258284419755389,1.5209114472699947,0.2811460495174148,0.255225721979603,0.4636282285029822
wc2026_pair_Belgium_Germany,Belgium,Germany,2026-06-11,1.356345940767954,1.4389085922647946,0.3548641905189929,0.2528083385715528,0.3923274709094543
wc2026_pair_Belgium_Ghana,Belgium,Ghana,2026-06-11,2.313235829710984,0.6119945965239734,0.7575572252426495,0.1611191065963426,0.0813236681610078
wc2026_pair_Belgium_Haiti,Belgium,Haiti,2026-06-11,2.06524812416683,0.7617495428623019,0.6769847766756901,0.1960068689549971,0.1270083543693126
wc2026_pair_Belgium_Iran,Belgium,Iran,2026-06-11,1.5823047935972592,1.0866490757436469,0.4882878257059352,0.2506764630148509,0.2610357112792139
wc2026_pair_Belgium_Iraq,Belgium,Iraq,2026-06-11,1.9678873011985392,0.7765455952695781,0.6536776677018771,0.2070734819868789,0.1392488503112439
wc2026_pair_Belgium_Ivory Coast,Belgium,Ivory Coast,2026-06-11,1.810758274270815,0.9610632147857476,0.5734446490818863,0.228980018247008,0.1975753326711056
wc2026_pair_Belgium_Japan,Belgium,Japan,2026-06-11,1.3409892499444327,1.2763518775679563,0.3837321478249198,0.2627293221124743,0.3535385300626059
wc2026_pair_Belgium_Jordan,Belgium,Jordan,2026-06-11,1.9317393724718015,0.9306811320719088,0.6078189700685783,0.2163429099556184,0.1758381199758033
wc2026_pair_Belgium_Mexico,Mexico,Belgium,2026-06-11,1.3600579412944462,1.262854408051353,0.3915773580618471,0.2621989868605403,0.3462236550776125
wc2026_pair_Belgium_Morocco,Belgium,Morocco,2026-06-11,1.408803394867666,1.2393911634216015,0.4093245554249369,0.2600011475937517,0.3306742969813114
wc2026_pair_Belgium_Netherlands,Belgium,Netherlands,2026-06-11,1.3335719598551894,1.3397855530083855,0.3687270165139105,0.2596697570623648,0.3716032264237247
wc2026_pair_Belgium_New Zealand,Belgium,New Zealand,2026-06-11,2.204811121592928,0.6064368235246251,0.7408504289528328,0.1717513470099103,0.0873982240372569
wc2026_pair_Belgium_Norway,Belgium,Norway,2026-06-11,1.4318442326116902,1.2749632991509403,0.407632749632636,0.2568835870891417,0.3354836632782222
wc2026_pair_Belgium_Panama,Belgium,Panama,2026-06-11,1.844648505438717,1.0232997620791362,0.5660688013687979,0.2266397254564039,0.2072914731747981
wc2026_pair_Belgium_Paraguay,Belgium,Paraguay,2026-06-11,1.5544805445332937,1.0817505992344572,0.482429634059058,0.2532442527585255,0.2643261131824164
wc2026_pair_Belgium_Portugal,Belgium,Portugal,2026-06-11,1.227612673738559,1.361100770368226,0.3367499076420501,0.2638810055375646,0.3993690868203852
wc2026_pair_Belgium_Qatar,Belgium,Qatar,2026-06-11,2.3719988245418717,0.5104709388153673,0.7903187750272211,0.1473094901001479,0.0623717348726308
wc2026_pair_Belgium_Saudi Arabia,Belgium,Saudi Arabia,2026-06-11,2.0894415216241717,0.7401097504353686,0.6870268013718249,0.1923266752904481,0.1206465233377269
wc2026_pair_Belgium_Scotland,Belgium,Scotland,2026-06-11,1.6501378282842638,1.0647839302829234,0.5102676113285061,0.2447978438639973,0.2449345448074966
wc2026_pair_Belgium_Senegal,Belgium,Senegal,2026-06-11,1.4683124450260423,1.1829017824332964,0.4371645303745986,0.2578143499611425,0.3050211196642589
wc2026_pair_Belgium_South Africa,Belgium,South Africa,2026-06-11,2.150161444705099,0.6970937210340356,0.7090091009246048,0.1834883057652393,0.1075025933101559
wc2026_pair_Belgium_South Korea,Belgium,South Korea,2026-06-11,1.7394236449237055,1.0075518429657748,0.5455096350147836,0.2364508805027857,0.2180394844824307
wc2026_pair_Belgium_Spain,Belgium,Spain,2026-06-11,0.8684107026673892,1.627488051645238,0.1998767304846645,0.2471401025920515,0.552983166923284
wc2026_pair_Belgium_Sweden,Belgium,Sweden,2026-06-11,1.8410284305477504,1.1278364685237792,0.5404970275104498,0.2279433103139171,0.2315596621756331
wc2026_pair_Belgium_Switzerland,Belgium,Switzerland,2026-06-11,1.4876857937722447,1.325723653235327,0.411023139086861,0.251176999447902,0.3377998614652369
wc2026_pair_Belgium_Tunisia,Belgium,Tunisia,2026-06-11,1.995575517415356,0.8290168451765336,0.6463214870982876,0.2063777773949803,0.147300735506732
wc2026_pair_Belgium_Turkey,Belgium,Turkey,2026-06-11,1.3677244911340218,1.2466362509558877,0.3970358526001435,0.2624944390272078,0.3404697083726486
wc2026_pair_Belgium_United States,United States,Belgium,2026-06-11,1.1309923352366604,1.7432339240866677,0.2466707420167439,0.2362664295322994,0.5170628284509566
wc2026_pair_Belgium_Uruguay,Belgium,Uruguay,2026-06-11,1.4189299174400476,1.141662875670464,0.433573008631081,0.2632090463287121,0.3032179450402069
wc2026_pair_Belgium_Uzbekistan,Belgium,Uzbekistan,2026-06-11,1.7886893582024843,0.918524622976758,0.5788633702044104,0.2304927229529418,0.1906439068426477
wc2026_pair_Bosnia and Herzegovina_Brazil,Bosnia and Herzegovina,Brazil,2026-06-11,0.5139348689985102,2.0439449264858807,0.0816142360413039,0.1828841686709153,0.7355015952877808
wc2026_pair_Bosnia and Herzegovina_Canada,Canada,Bosnia and Herzegovina,2026-06-11,1.806532147361306,0.758205364068187,0.6235647738284731,0.2244020365108096,0.1520331896607172
wc2026_pair_Bosnia and Herzegovina_Cape Verde,Bosnia and Herzegovina,Cape Verde,2026-06-11,1.2059100715007574,1.332208662372537,0.3366123625071206,0.2670128260951003,0.396374811397779
wc2026_pair_Bosnia and Herzegovina_Colombia,Bosnia and Herzegovina,Colombia,2026-06-11,0.5537124746678885,1.9881400993548024,0.0929025717182061,0.1923591654850821,0.7147382627967117
wc2026_pair_Bosnia and Herzegovina_Croatia,Bosnia and Herzegovina,Croatia,2026-06-11,0.7585591479072892,1.7582523534133805,0.1574416356742105,0.2300552457240409,0.6125031186017486
wc2026_pair_Bosnia and Herzegovina_Curaçao,Bosnia and Herzegovina,Curaçao,2026-06-11,1.544075743690879,1.2257605478699116,0.4468672820710181,0.2507269456460756,0.3024057722829061
wc2026_pair_Bosnia and Herzegovina_Czechia,Bosnia and Herzegovina,Czechia,2026-06-11,0.9603877459566706,1.5476271664782049,0.2345246000941087,0.2555932192869988,0.5098821806188926
wc2026_pair_Bosnia and Herzegovina_DR Congo,Bosnia and Herzegovina,DR Congo,2026-06-11,1.043502338169747,1.4429773169549005,0.2730751050475418,0.2643247226921923,0.4626001722602659
wc2026_pair_Bosnia and Herzegovina_Ecuador,Bosnia and Herzegovina,Ecuador,2026-06-11,0.560657530906669,1.7524421650270876,0.1131435855377614,0.2228337646183044,0.664022649843934
wc2026_pair_Bosnia and Herzegovina_Egypt,Bosnia and Herzegovina,Egypt,2026-06-11,1.0427844697918482,1.4222477761970251,0.2764459633879135,0.2662841001615413,0.4572699364505451
wc2026_pair_Bosnia and Herzegovina_England,Bosnia and Herzegovina,England,2026-06-11,0.3965812375868334,2.04209280594479,0.0607878859793958,0.1736250907208765,0.7655870232997276
wc2026_pair_Bosnia and Herzegovina_France,Bosnia and Herzegovina,France,2026-06-11,0.3968633388513845,2.0695167876594853,0.0594624788467769,0.1703081700281875,0.7702293511250354
wc2026_pair_Bosnia and Herzegovina_Germany,Bosnia and Herzegovina,Germany,2026-06-11,0.6273808376437999,1.9875139326542852,0.1073006529558141,0.1971292803154322,0.6955700667287537
wc2026_pair_Bosnia and Herzegovina_Ghana,Bosnia and Herzegovina,Ghana,2026-06-11,1.5842707265868297,1.160599936913464,0.4716178170973952,0.2491854744657115,0.2791967084368933
wc2026_pair_Bosnia and Herzegovina_Haiti,Bosnia and Herzegovina,Haiti,2026-06-11,1.336283021042676,1.3103548832517926,0.3754437950917488,0.2611669620241346,0.3633892428841165
wc2026_pair_Bosnia and Herzegovina_Iran,Bosnia and Herzegovina,Iran,2026-06-11,0.8533396904731047,1.6352544161331375,0.1951157352826671,0.2461471973371837,0.5587370673801492
wc2026_pair_Bosnia and Herzegovina_Iraq,Bosnia and Herzegovina,Iraq,2026-06-11,1.238922198074385,1.3251509356590687,0.3467958270430735,0.265771542557857,0.3874326303990694
wc2026_pair_Bosnia and Herzegovina_Ivory Coast,Bosnia and Herzegovina,Ivory Coast,2026-06-11,1.0817931711466606,1.509668555175238,0.2717656703315471,0.2572528186719546,0.4709815109964982
wc2026_pair_Bosnia and Herzegovina_Japan,Bosnia and Herzegovina,Japan,2026-06-11,0.6120241468202783,1.8249572179574471,0.1179877774757914,0.2159673526853495,0.666044869838859
wc2026_pair_Bosnia and Herzegovina_Jordan,Bosnia and Herzegovina,Jordan,2026-06-11,1.2027742693476475,1.4792864724613994,0.3081485575494114,0.2562980547659972,0.4355533876845913
wc2026_pair_Bosnia and Herzegovina_Mexico,Mexico,Bosnia and Herzegovina,2026-06-11,2.092953453327303,0.6717216903519022,0.7046473975842903,0.1880076938501719,0.1073449085655377
wc2026_pair_Bosnia and Herzegovina_Morocco,Bosnia and Herzegovina,Morocco,2026-06-11,0.6798382917435114,1.787996503811092,0.1364112584120602,0.2236877502307021,0.6399009913572377
wc2026_pair_Bosnia and Herzegovina_Netherlands,Bosnia and Herzegovina,Netherlands,2026-06-11,0.604606856731035,1.8883908933978764,0.1109000696521145,0.2076519543796769,0.6814479759682086
wc2026_pair_Bosnia and Herzegovina_New Zealand,Bosnia and Herzegovina,New Zealand,2026-06-11,1.4758460184687736,1.1550421639141155,0.4453813700391894,0.2581318152818604,0.2964868146789501
wc2026_pair_Bosnia and Herzegovina_Norway,Bosnia and Herzegovina,Norway,2026-06-11,0.7028791294875357,1.8235686395404311,0.1379459074007226,0.2203139814251977,0.6417401111740796
wc2026_pair_Bosnia and Herzegovina_Panama,Bosnia and Herzegovina,Panama,2026-06-11,1.1156834023145628,1.5719051024686268,0.2700186490416145,0.251093822354382,0.4788875286040034
wc2026_pair_Bosnia and Herzegovina_Paraguay,Bosnia and Herzegovina,Paraguay,2026-06-11,0.8255154414091395,1.6303559396239478,0.1889087189650271,0.2464249696363856,0.5646663113985871
wc2026_pair_Bosnia and Herzegovina_Portugal,Bosnia and Herzegovina,Portugal,2026-06-11,0.4986475706144053,1.909706110757717,0.0877326086821753,0.1983202355255009,0.7139471557923238
wc2026_pair_Bosnia and Herzegovina_Qatar,Bosnia and Herzegovina,Qatar,2026-06-11,1.6430337214177173,1.059076279204858,0.5098848547085786,0.2454891187917853,0.2446260264996361
wc2026_pair_Bosnia and Herzegovina_Saudi Arabia,Bosnia and Herzegovina,Saudi Arabia,2026-06-11,1.3604764185000175,1.2887150908248592,0.3862473381951597,0.2608483341713324,0.3529043276335079
wc2026_pair_Bosnia and Herzegovina_Scotland,Bosnia and Herzegovina,Scotland,2026-06-11,0.9211727251601096,1.613389270672414,0.214925023573867,0.2488799971496292,0.5361949792765037
wc2026_pair_Bosnia and Herzegovina_Senegal,Bosnia and Herzegovina,Senegal,2026-06-11,0.7393473419018879,1.731507122822787,0.1559950440529884,0.2326716583539194,0.6113332975930922
wc2026_pair_Bosnia and Herzegovina_South Africa,Bosnia and Herzegovina,South Africa,2026-06-11,1.421196341580945,1.2456990614235262,0.4111765415454881,0.2588643888445757,0.3299590696099361
wc2026_pair_Bosnia and Herzegovina_South Korea,Bosnia and Herzegovina,South Korea,2026-06-11,1.010458541799551,1.5561571833552654,0.2459672108191722,0.2541822072903059,0.4998505818905219
wc2026_pair_Bosnia and Herzegovina_Spain,Bosnia and Herzegovina,Spain,2026-06-11,0.1394455995432351,2.176093392034729,0.0170725881175856,0.1310198874328714,0.8519075244495429
wc2026_pair_Bosnia and Herzegovina_Sweden,Bosnia and Herzegovina,Sweden,2026-06-11,1.1120633274235965,1.6764418089132698,0.2523822167567136,0.2421057271858336,0.5055120560574529
wc2026_pair_Bosnia and Herzegovina_Switzerland,Bosnia and Herzegovina,Switzerland,2026-06-11,0.7587206906480904,1.8743289936248175,0.1449559671453816,0.2166620955698814,0.6383819372847369
wc2026_pair_Bosnia and Herzegovina_Tunisia,Bosnia and Herzegovina,Tunisia,2026-06-11,1.266610414291202,1.3776221855660242,0.3437682327469312,0.2608565388870373,0.3953752283660315
wc2026_pair_Bosnia and Herzegovina_Turkey,Bosnia and Herzegovina,Turkey,2026-06-11,0.6387593880098676,1.795241591345378,0.1265687137645811,0.2210118733763893,0.6524194128590295
wc2026_pair_Bosnia and Herzegovina_United States,United States,Bosnia and Herzegovina,2026-06-11,1.8638878472695168,1.1521012063872167,0.5400488586532712,0.2261507830638816,0.233800358282847
wc2026_pair_Bosnia and Herzegovina_Uruguay,Bosnia and Herzegovina,Uruguay,2026-06-11,0.6899648143158933,1.690268216059955,0.148975365290165,0.2362892026998894,0.6147354320099455
wc2026_pair_Bosnia and Herzegovina_Uzbekistan,Bosnia and Herzegovina,Uzbekistan,2026-06-11,1.05972425507833,1.467129963366249,0.2732258359028124,0.2616467692396675,0.4651273948575199
wc2026_pair_Brazil_Canada,Canada,Brazil,2026-06-11,0.867173570699515,1.5611507938502536,0.2087495728781258,0.254593629363143,0.5366567977587312
wc2026_pair_Brazil_Cape Verde,Brazil,Cape Verde,2026-06-11,2.2341376845684264,0.6425988266265612,0.737131179452671,0.171264421053964,0.0916043994933649
wc2026_pair_Brazil_Colombia,Brazil,Colombia,2026-06-11,1.5819400877355574,1.2985302636088267,0.440286590930757,0.2459521246046931,0.3137612844645497
wc2026_pair_Brazil_Croatia,Brazil,Croatia,2026-06-11,1.786786760974958,1.0686425176674044,0.5419498985555914,0.2323827704840509,0.2256673309603576
wc2026_pair_Brazil_Curaçao,Brazil,Curaçao,2026-06-11,2.572303356758548,0.5361507121239355,0.8124312994110673,0.1310790529333804,0.0564896476555523
wc2026_pair_Brazil_Czechia,Brazil,Czechia,2026-06-11,1.98861535902434,0.8580173307322287,0.6377207074526555,0.2082388991535148,0.1540403933938297
wc2026_pair_Brazil_DR Congo,Brazil,DR Congo,2026-06-11,2.0717299512374163,0.7533674812089242,0.6803235445909476,0.1948931542348444,0.124783301174208
wc2026_pair_Brazil_Ecuador,Brazil,Ecuador,2026-06-11,1.588885143974338,1.0628323292811117,0.4955650449350222,0.2504206912805217,0.2540142637844559
wc2026_pair_Brazil_Egypt,Brazil,Egypt,2026-06-11,2.071012082859517,0.732637940451049,0.6853169808031272,0.1938654208479575,0.1208175983489152
wc2026_pair_Brazil_England,Brazil,England,2026-06-11,1.4248088506545025,1.3524829701988137,0.3895535176224167,0.2538070550593116,0.3566394273182716
wc2026_pair_Brazil_France,Brazil,France,2026-06-11,1.425090951919053,1.3799069519135092,0.3840010452865094,0.2524728441109775,0.363526110602513
wc2026_pair_Brazil_Germany,Brazil,Germany,2026-06-11,1.655608450711469,1.297904096908309,0.4583570746779968,0.2409194883306293,0.3007234369913737
wc2026_pair_Brazil_Ghana,Brazil,Ghana,2026-06-11,2.6124983396544987,0.4709901011674876,0.8313557955819331,0.1220613766018505,0.0465828278162164
wc2026_pair_Brazil_Haiti,Brazil,Haiti,2026-06-11,2.364510634110345,0.6207450475058163,0.7636628393619307,0.1567757977369571,0.0795613629011122
wc2026_pair_Brazil_Iran,Brazil,Iran,2026-06-11,1.8815673035407736,0.9456445803871614,0.5931741329480091,0.2216769592523035,0.1851489077996872
wc2026_pair_Brazil_Iraq,Brazil,Iraq,2026-06-11,2.2671498111420543,0.6355410999130926,0.7444106496958076,0.1674245060056516,0.0881648442985407
wc2026_pair_Brazil_Ivory Coast,Brazil,Ivory Coast,2026-06-11,2.1100207842143295,0.8200587194292619,0.671441288472581,0.1943238713768975,0.1342348401505215
wc2026_pair_Brazil_Japan,Brazil,Japan,2026-06-11,1.6402517598879474,1.135347382211471,0.4912704686347254,0.2449599535809503,0.2637695777843242
wc2026_pair_Brazil_Jordan,Brazil,Jordan,2026-06-11,2.2310018824153164,0.7896766367154231,0.7014242571393172,0.180816138137127,0.1177596047235557
wc2026_pair_Brazil_Mexico,Mexico,Brazil,2026-06-11,1.1535948766655115,1.474667120133969,0.2963221829321689,0.2582728234655946,0.4454049936022364
wc2026_pair_Brazil_Morocco,Brazil,Morocco,2026-06-11,1.7080659048111806,1.098386668065116,0.516338271198771,0.2394234391400441,0.2442382896611849
wc2026_pair_Brazil_Netherlands,Brazil,Netherlands,2026-06-11,1.632834469798704,1.1987810576519002,0.4749104321961552,0.2445788142192314,0.2805107535846132
wc2026_pair_Brazil_New Zealand,Brazil,New Zealand,2026-06-11,2.5040736315364427,0.4654323281681397,0.818839988513204,0.1310191438636271,0.0501408676231688
wc2026_pair_Brazil_Norway,Brazil,Norway,2026-06-11,1.731106742555205,1.133958803794455,0.5135003276575428,0.2372846270197569,0.2492150453227001
wc2026_pair_Brazil_Panama,Brazil,Panama,2026-06-11,2.1439110153822316,0.8822952667226507,0.6630407006992546,0.1939063219000824,0.1430529774006629
wc2026_pair_Brazil_Paraguay,Brazil,Paraguay,2026-06-11,1.8537430544768083,0.9407461038779716,0.5881697462412702,0.2243309094380869,0.1874993443206428
wc2026_pair_Brazil_Portugal,Brazil,Portugal,2026-06-11,1.5268751836820742,1.2200962750117406,0.4438011605041536,0.2521726266664405,0.3040262128294058
wc2026_pair_Brazil_Qatar,Brazil,Qatar,2026-06-11,2.6712613344853864,0.3694664434588819,0.859040292549594,0.107986132891767,0.0329735745586389
wc2026_pair_Brazil_Saudi Arabia,Brazil,Saudi Arabia,2026-06-11,2.388704031567687,0.599105255078883,0.7723969683002223,0.1528230417302268,0.0747799899695509
wc2026_pair_Brazil_Scotland,Brazil,Scotland,2026-06-11,1.9494003382277785,0.923779434926438,0.6133072854413186,0.2144009907040153,0.1722917238546659
wc2026_pair_Brazil_Senegal,Brazil,Senegal,2026-06-11,1.767574954969557,1.041897287076811,0.5438531069819094,0.2339937147304948,0.2221531782875958
wc2026_pair_Brazil_South Africa,Brazil,South Africa,2026-06-11,2.449423954648614,0.5560892256775499,0.79117820009509,0.1437168061414652,0.0651049937634448
wc2026_pair_Brazil_South Korea,Brazil,South Korea,2026-06-11,2.03868615486722,0.8665473476092893,0.6459377235472339,0.203519902930953,0.150542373521813
wc2026_pair_Brazil_Spain,Brazil,Spain,2026-06-11,1.167673212610904,1.4864835562887528,0.2978529343349488,0.2568833114761166,0.4452637541889346
wc2026_pair_Brazil_Sweden,Brazil,Sweden,2026-06-11,2.1402909404912656,0.9868319731672938,0.6375843729393659,0.1984719010617975,0.1639437259988367
wc2026_pair_Brazil_Switzerland,Brazil,Switzerland,2026-06-11,1.7869483037157594,1.1847191578788416,0.5148857994251091,0.232481279637522,0.2526329209373689
wc2026_pair_Brazil_Tunisia,Brazil,Tunisia,2026-06-11,2.294838027358871,0.6880123498200481,0.7366245077569533,0.1683050702644813,0.0950704219785653
wc2026_pair_Brazil_Turkey,Brazil,Turkey,2026-06-11,1.6669870010775367,1.105631755599402,0.5047267154450966,0.2429807629849326,0.2522925215699707
wc2026_pair_Brazil_United States,United States,Brazil,2026-06-11,0.9245292706077258,1.955046636169283,0.1718002688702721,0.2138663753000483,0.6143333558296795
wc2026_pair_Brazil_Uruguay,Brazil,Uruguay,2026-06-11,1.7181924273835625,1.0006583803139788,0.5421412858388682,0.2384634436011208,0.2193952705600109
wc2026_pair_Brazil_Uzbekistan,Brazil,Uzbekistan,2026-06-11,2.087951868145999,0.7775201276202724,0.6775324927377468,0.194452624736403,0.1280148825258502
wc2026_pair_Canada_Cape Verde,Canada,Cape Verde,2026-06-11,1.5591487732017624,0.8494145297369106,0.5406793149643644,0.2548133434086396,0.2045073416269959
wc2026_pair_Canada_Colombia,Canada,Colombia,2026-06-11,0.9069511763688934,1.505345966719176,0.2271521772972247,0.2606136438268134,0.5122341788759618
wc2026_pair_Canada_Croatia,Canada,Croatia,2026-06-11,1.1117978496082943,1.2754582207777536,0.3220979137550739,0.2763254930219542,0.4015765932229719
wc2026_pair_Canada_Curaçao,Canada,Curaçao,2026-06-11,1.897314445391884,0.7429664152342847,0.6473582525766436,0.2134167899455115,0.1392249574778449
wc2026_pair_Canada_Czechia,Canada,Czechia,2026-06-11,1.3136264476576758,1.064833033842578,0.4227153872498724,0.2753923467827065,0.3018922659674211
wc2026_pair_Canada_DR Congo,Canada,DR Congo,2026-06-11,1.396741039870752,0.9601831843192734,0.4701897840928224,0.2712258328372972,0.2585843830698804
wc2026_pair_Canada_Ecuador,Canada,Ecuador,2026-06-11,0.9138962326076742,1.2696480323914607,0.2674464499464155,0.2865161653756787,0.4460373846779057
wc2026_pair_Canada_Egypt,Canada,Egypt,2026-06-11,1.3960231714928533,0.9394536435613984,0.4750578547772965,0.271867589380746,0.2530745558419575
wc2026_pair_Canada_England,Canada,England,2026-06-11,0.7498199392878385,1.5592986733091632,0.1791315233120935,0.2542083735586666,0.56666010312924
wc2026_pair_Canada_France,Canada,France,2026-06-11,0.7501020405523894,1.586722655023859,0.1757407870880321,0.2507499545431989,0.5735092583687689
wc2026_pair_Canada_Germany,Canada,Germany,2026-06-11,0.9806195393448052,1.5047198000186583,0.2464175558694971,0.2597088254186174,0.4938736187118854
wc2026_pair_Canada_Ghana,Canada,Ghana,2026-06-11,1.937509428287835,0.677805804277837,0.6725193413386727,0.2057408500397786,0.1217398086215485
wc2026_pair_Canada_Haiti,Canada,Haiti,2026-06-11,1.6895217227436812,0.8275607506161657,0.5785190383218535,0.2396520626185272,0.1818288990596193
wc2026_pair_Canada_Iran,Canada,Iran,2026-06-11,1.2065783921741098,1.1524602834975106,0.3735591112810417,0.2793257313905771,0.3471151573283811
wc2026_pair_Canada_Iraq,Canada,Iraq,2026-06-11,1.5921608997753902,0.8423568030234418,0.5508368010769034,0.2509829222107379,0.1981802767123587
wc2026_pair_Canada_Ivory Coast,Canada,Ivory Coast,2026-06-11,1.435031872847666,1.0268744225396111,0.4644343690338779,0.2655417317814089,0.2700238991847131
wc2026_pair_Canada_Japan,Canada,Japan,2026-06-11,0.9652628485212836,1.3421630853218205,0.2692659578885649,0.2767273839646205,0.4540066581468145
wc2026_pair_Canada_Jordan,Canada,Jordan,2026-06-11,1.5560129710486523,0.9964923398257725,0.5031965530821066,0.2543649641555618,0.2424384827623316
wc2026_pair_Canada_Mexico,Canada,Mexico,2026-06-11,0.9716277610049572,1.280446893038698,0.2819594861070411,0.2828248326499154,0.4352156812430434
wc2026_pair_Canada_Morocco,Canada,Morocco,2026-06-11,1.0330769934445168,1.3052023711754652,0.2946686820204698,0.2776177468365238,0.4277135711430063
wc2026_pair_Canada_Netherlands,Canada,Netherlands,2026-06-11,0.95784555843204,1.4055967607622493,0.2564758590446696,0.2703672060943105,0.4731569348610199
wc2026_pair_Canada_New Zealand,Canada,New Zealand,2026-06-11,1.8290847201697789,0.6722480312784889,0.6509833730169519,0.2183337750551085,0.1306828519279395
wc2026_pair_Canada_Norway,Canada,Norway,2026-06-11,1.056117831188541,1.340774506904804,0.2945047328470484,0.2733240944423457,0.4321711727106058
wc2026_pair_Canada_Panama,Canada,Panama,2026-06-11,1.4689221040155678,1.089110969833,0.4587209211302636,0.2606851485187604,0.2805939303509759
wc2026_pair_Canada_Paraguay,Canada,Paraguay,2026-06-11,1.1787541431101447,1.1475618069883209,0.3667984928267989,0.2817372874512664,0.3514642197219346
wc2026_pair_Canada_Portugal,Canada,Portugal,2026-06-11,0.8518862723154103,1.4269119781220898,0.2244278218177972,0.2702363954302761,0.5053357827519266
wc2026_pair_Canada_Qatar,Canada,Qatar,2026-06-11,1.9962724231187223,0.576282146569231,0.7104527849295114,0.1928950084510397,0.0966522066194489
wc2026_pair_Canada_Saudi Arabia,Canada,Saudi Arabia,2026-06-11,1.7137151202010226,0.8059209581892324,0.5898452634580765,0.2364648117400253,0.1736899248018981
wc2026_pair_Canada_Scotland,Canada,Scotland,2026-06-11,1.2744114268611146,1.1305951380367874,0.3971261883047462,0.2753867116610879,0.3274871000341658
wc2026_pair_Canada_Senegal,Canada,Senegal,2026-06-11,1.0925860436028931,1.24871299018716,0.3219593459017593,0.2796197790676903,0.3984208750305503
wc2026_pair_Canada_South Africa,Canada,South Africa,2026-06-11,1.77443504328195,0.7629049287878993,0.6150830028449503,0.2282894515703868,0.1566275455846627
wc2026_pair_Canada_South Korea,Canada,South Korea,2026-06-11,1.363697243500556,1.0733630507196386,0.4344217266433694,0.2705525441786874,0.2950257291779432
wc2026_pair_Canada_Spain,Canada,Spain,2026-06-11,0.4926843012442401,1.693299259399102,0.1028539529314257,0.227572981466793,0.6695730656017813
wc2026_pair_Canada_Sweden,Canada,Sweden,2026-06-11,1.4653020291246013,1.1936476762776431,0.4339900627429191,0.2576747683862965,0.3083351688707844
wc2026_pair_Canada_Switzerland,Canada,Switzerland,2026-06-11,1.1119593923490956,1.3915348609891909,0.300332282898417,0.2666139102481811,0.4330538068534019
wc2026_pair_Canada_Tunisia,Canada,Tunisia,2026-06-11,1.619849115992207,0.8948280529303974,0.5444077793074321,0.2481240942860153,0.2074681264065525
wc2026_pair_Canada_Turkey,Canada,Turkey,2026-06-11,0.9919980897108728,1.3124474587097512,0.2819266761076907,0.2787081031680479,0.4393652207242613
wc2026_pair_Canada_United States,Canada,United States,2026-06-11,1.4856260686253415,1.090698140838542,0.4626933258087498,0.2591682310430168,0.2781384431482332
wc2026_pair_Canada_Uruguay,Canada,Uruguay,2026-06-11,1.0432035160168982,1.2074740834243278,0.3160415997957542,0.2861159883937387,0.397842411810507
wc2026_pair_Canada_Uzbekistan,Canada,Uzbekistan,2026-06-11,1.4129629567793351,0.9843358307306216,0.4687208983328859,0.2688912080884603,0.2623878935786537
wc2026_pair_Cape Verde_Colombia,Cape Verde,Colombia,2026-06-11,0.6234409854307889,1.7611991035835424,0.1263923327885131,0.2246694728557726,0.6489381943557142
wc2026_pair_Cape Verde_Croatia,Cape Verde,Croatia,2026-06-11,0.8282876586701897,1.5313113576421202,0.2029733039937849,0.2580562995458283,0.5389703964603867
wc2026_pair_Cape Verde_Curaçao,Cape Verde,Curaçao,2026-06-11,1.6138042544537798,0.9988195520986513,0.5171656059526487,0.2486511684567892,0.2341832255905621
wc2026_pair_Cape Verde_Czechia,Cape Verde,Czechia,2026-06-11,1.0301162567195714,1.3206861707069444,0.2910172876472083,0.2762917596122234,0.4326909527405682
wc2026_pair_Cape Verde_DR Congo,Cape Verde,DR Congo,2026-06-11,1.1132308489326477,1.21603632118364,0.3342081668970038,0.2810934056822144,0.3846984274207817
wc2026_pair_Cape Verde_Ecuador,Cape Verde,Ecuador,2026-06-11,0.6303860416695695,1.5255011692558271,0.15268899727648,0.2569724154840405,0.5903385872394794
wc2026_pair_Cape Verde_Egypt,Cape Verde,Egypt,2026-06-11,1.112512980554749,1.1953067804257649,0.3381807370866714,0.2828089259311433,0.3790103369821851
wc2026_pair_Cape Verde_England,Cape Verde,England,2026-06-11,0.466309748349734,1.8151518101735296,0.0878085261204308,0.2086925318419266,0.7034989420376425
wc2026_pair_Cape Verde_France,Cape Verde,France,2026-06-11,0.4665918496142851,1.842575791888225,0.085944797274263,0.2049620448256455,0.7090931579000914
wc2026_pair_Cape Verde_Germany,Cape Verde,Germany,2026-06-11,0.6971093484067005,1.760572936883025,0.1431224103482562,0.2277315491761704,0.6291460404755733
wc2026_pair_Cape Verde_Ghana,Cape Verde,Ghana,2026-06-11,1.6539992373497303,0.9336589411422036,0.5431044131229527,0.2446332480273171,0.2122623388497302
wc2026_pair_Cape Verde_Haiti,Cape Verde,Haiti,2026-06-11,1.4060115318055766,1.083413887480532,0.4434620285075695,0.2664205625733403,0.2901174089190901
wc2026_pair_Cape Verde_Iran,Cape Verde,Iran,2026-06-11,0.9230682012360054,1.408313420361877,0.2466169262227122,0.2709539501474461,0.4824291236298416
wc2026_pair_Cape Verde_Iraq,Cape Verde,Iraq,2026-06-11,1.3086507088372858,1.0982099398878085,0.4137579757728967,0.2742435890084936,0.3119984352186096
wc2026_pair_Cape Verde_Ivory Coast,Cape Verde,Ivory Coast,2026-06-11,1.1515216819095615,1.2827275594039778,0.3316019216270191,0.2735829389191128,0.394815139453868
wc2026_pair_Cape Verde_Japan,Cape Verde,Japan,2026-06-11,0.6817526575831789,1.5980162221861869,0.157332559005406,0.2480612351538303,0.5946062058407635
wc2026_pair_Cape Verde_Jordan,Cape Verde,Jordan,2026-06-11,1.2725027801105482,1.252345476690139,0.3705498638927083,0.2684665498986158,0.3609835862086759
wc2026_pair_Cape Verde_Mexico,Mexico,Cape Verde,2026-06-11,1.8455700791677592,0.7629308560206258,0.6310221986442381,0.2200852457727276,0.1488925555830343
wc2026_pair_Cape Verde_Morocco,Cape Verde,Morocco,2026-06-11,0.749566802506412,1.5610555080398316,0.1788435351591511,0.2539828927530623,0.5671735720877866
wc2026_pair_Cape Verde_Netherlands,Cape Verde,Netherlands,2026-06-11,0.6743353674939355,1.661449897626616,0.1484029972320773,0.2395256899209195,0.6120713128470031
wc2026_pair_Cape Verde_New Zealand,Cape Verde,New Zealand,2026-06-11,1.5455745292316745,0.9281011681428556,0.5173455759084026,0.2560800414319476,0.2265743826596496
wc2026_pair_Cape Verde_Norway,Cape Verde,Norway,2026-06-11,0.7726076402504364,1.5966276437691709,0.1801249637708376,0.2498179896991323,0.5700570465300301
wc2026_pair_Cape Verde_Panama,Cape Verde,Panama,2026-06-11,1.1854119130774636,1.3449641066973663,0.328664614088061,0.267104096926225,0.4042312889857139
wc2026_pair_Cape Verde_Paraguay,Cape Verde,Paraguay,2026-06-11,0.89524395217204,1.4034149438526875,0.2398489606532592,0.2721339669312785,0.4880170724154622
wc2026_pair_Cape Verde_Portugal,Cape Verde,Portugal,2026-06-11,0.5683760813773057,1.6827651149864564,0.1212048541402132,0.2327673581543378,0.6460277877054489
wc2026_pair_Cape Verde_Qatar,Cape Verde,Qatar,2026-06-11,1.712762232180618,0.8321352834335978,0.58288659708465,0.2370992458143553,0.1800141571009948
wc2026_pair_Cape Verde_Saudi Arabia,Cape Verde,Saudi Arabia,2026-06-11,1.4302049292629182,1.061774095053599,0.454923706718319,0.264965020430905,0.2801112728507758
wc2026_pair_Cape Verde_Scotland,Cape Verde,Scotland,2026-06-11,0.99090123592301,1.3864482749011535,0.2686606784111575,0.2713596919876894,0.459979629601153
wc2026_pair_Cape Verde_Senegal,Cape Verde,Senegal,2026-06-11,0.8090758526647884,1.5045661270515267,0.2017183835964896,0.2612830686069595,0.5369985477965508
wc2026_pair_Cape Verde_South Africa,Cape Verde,South Africa,2026-06-11,1.4909248523438456,1.018758065652266,0.4810696354561278,0.2603696440078016,0.2585607205360705
wc2026_pair_Cape Verde_South Korea,Cape Verde,South Korea,2026-06-11,1.0801870525624515,1.329216187584005,0.3032093428917026,0.2733115538278037,0.4234791032804937
wc2026_pair_Cape Verde_Spain,Cape Verde,Spain,2026-06-11,0.2091741103061359,1.9491523962634685,0.0325297997950017,0.1676413279728293,0.7998288722321689
wc2026_pair_Cape Verde_Sweden,Cape Verde,Sweden,2026-06-11,1.1817918381864971,1.4495008131420095,0.3081412661694466,0.25931010129055,0.4325486325400034
wc2026_pair_Cape Verde_Switzerland,Cape Verde,Switzerland,2026-06-11,0.8284492014109909,1.6473879978535573,0.1874165051047471,0.244491794524557,0.5680917003706959
wc2026_pair_Cape Verde_Tunisia,Cape Verde,Tunisia,2026-06-11,1.336338925054103,1.150681189794764,0.4095566547226355,0.2694431844728273,0.3210001608045372
wc2026_pair_Cape Verde_Turkey,Cape Verde,Turkey,2026-06-11,0.7084878987727681,1.5683005955741178,0.1675395642763963,0.25249467861943,0.5799657571041736
wc2026_pair_Cape Verde_United States,United States,Cape Verde,2026-06-11,1.6165044731099734,1.2433103720559402,0.4609117873246116,0.244921433495542,0.2941667791798464
wc2026_pair_Cape Verde_Uruguay,Cape Verde,Uruguay,2026-06-11,0.7596933250787937,1.4633272202886944,0.1943989181633578,0.2665431131668176,0.5390579686698246
wc2026_pair_Cape Verde_Uzbekistan,Cape Verde,Uzbekistan,2026-06-11,1.1294527658412308,1.2401889675949882,0.3339217420202103,0.2781734862387489,0.3879047717410408
wc2026_pair_Colombia_Croatia,Colombia,Croatia,2026-06-11,1.7613325160438875,1.081802182825699,0.5328833110966312,0.2347161176635003,0.2324005712398684
wc2026_pair_Colombia_Curaçao,Colombia,Curaçao,2026-06-11,2.5468491118274774,0.5493103772822301,0.806214693102904,0.1343847728864952,0.0594005340106007
wc2026_pair_Colombia_Czechia,Colombia,Czechia,2026-06-11,1.963161114093269,0.8711769958905232,0.6291391679283671,0.2113158248825137,0.1595450071891191
wc2026_pair_Colombia_DR Congo,Colombia,DR Congo,2026-06-11,2.0462757063063455,0.7665271463672189,0.672062329668938,0.1982416773020515,0.1296959930290104
wc2026_pair_Colombia_Ecuador,Colombia,Ecuador,2026-06-11,1.5634308990432677,1.075991994439406,0.486049497080767,0.252539667127743,0.2614108357914899
wc2026_pair_Colombia_Egypt,Colombia,Egypt,2026-06-11,2.0455578379284467,0.7457976056093438,0.6770697225772615,0.1972678124339677,0.1256624649887708
wc2026_pair_Colombia_England,Colombia,England,2026-06-11,1.3993546057234318,1.3656426353571085,0.3803837146274069,0.254606905002763,0.36500938036983
wc2026_pair_Colombia_France,Colombia,France,2026-06-11,1.3996367069879827,1.393066617071804,0.3748991667064559,0.2531849108954767,0.3719159223980673
wc2026_pair_Colombia_Germany,Colombia,Germany,2026-06-11,1.6301542057803982,1.311063762066604,0.4493353717936709,0.242351857104365,0.308312771101964
wc2026_pair_Colombia_Ghana,Colombia,Ghana,2026-06-11,2.5870440947234283,0.4841497663257823,0.8254276795964431,0.125373835477476,0.0491984849260808
wc2026_pair_Colombia_Haiti,Colombia,Haiti,2026-06-11,2.3390563891792744,0.6339047126641109,0.7565721849231318,0.1602035873310988,0.0832242277457693
wc2026_pair_Colombia_Iran,Colombia,Iran,2026-06-11,1.856113058609703,0.9588042455454558,0.584279727255955,0.2244658157325578,0.1912544570114871
wc2026_pair_Colombia_Iraq,Colombia,Iraq,2026-06-11,2.241695566210983,0.6487007650713872,0.736958279489082,0.1709170639678074,0.0921246565431105
wc2026_pair_Colombia_Ivory Coast,Colombia,Ivory Coast,2026-06-11,2.084566539283259,0.8332183845875565,0.6632570522179456,0.1974920404128595,0.1392509073691948
wc2026_pair_Colombia_Japan,Colombia,Japan,2026-06-11,1.6147975149568767,1.1485070473697656,0.4819675992487635,0.2468967470060332,0.2711356537452032
wc2026_pair_Colombia_Jordan,Colombia,Jordan,2026-06-11,2.205547637484246,0.8028363018737179,0.6936518072904231,0.1840151563714266,0.1223330363381502
wc2026_pair_Colombia_Mexico,Mexico,Colombia,2026-06-11,1.1933724823348906,1.4188622930028911,0.3167897150899856,0.2612076523922647,0.4220026325177496
wc2026_pair_Colombia_Morocco,Colombia,Morocco,2026-06-11,1.68261165988011,1.1115463332234106,0.5071252583808644,0.2415743423629925,0.251300399256143
wc2026_pair_Colombia_Netherlands,Colombia,Netherlands,2026-06-11,1.6073802248676334,1.2119407228101948,0.46569128474951,0.2462914483389461,0.2880172669115439
wc2026_pair_Colombia_New Zealand,Colombia,New Zealand,2026-06-11,2.478619386605372,0.4785919933264342,0.8125575409094481,0.1344904796944545,0.0529519793960972
wc2026_pair_Colombia_Norway,Colombia,Norway,2026-06-11,1.7056524976241343,1.1471184689527496,0.5043774943670454,0.2393469813975617,0.2562755242353929
wc2026_pair_Colombia_Panama,Colombia,Panama,2026-06-11,2.118456770451161,0.8954549318809453,0.6549218671705341,0.1969163020219516,0.1481618308075143
wc2026_pair_Colombia_Paraguay,Colombia,Paraguay,2026-06-11,1.8282888095457377,0.9539057690362662,0.5791960983207711,0.227121115988465,0.1936827856907639
wc2026_pair_Colombia_Portugal,Colombia,Portugal,2026-06-11,1.5014209387510036,1.2332559401700351,0.4344518014768916,0.2536308651204572,0.3119173334026511
wc2026_pair_Colombia_Qatar,Colombia,Qatar,2026-06-11,2.6458070895543155,0.3826261086171767,0.8535746419444568,0.1112770832979282,0.0351482747576149
wc2026_pair_Colombia_Saudi Arabia,Colombia,Saudi Arabia,2026-06-11,2.363249786636616,0.6122649202371777,0.7654287418241349,0.1562610827270238,0.0783101754488414
wc2026_pair_Colombia_Scotland,Colombia,Scotland,2026-06-11,1.923946093296708,0.9369391000847326,0.6046018119583924,0.2172818441498422,0.1781163438917654
wc2026_pair_Colombia_Senegal,Colombia,Senegal,2026-06-11,1.7421207100384863,1.0550569522351056,0.5347179130459346,0.2363950946370697,0.2288869923169957
wc2026_pair_Colombia_South Africa,Colombia,South Africa,2026-06-11,2.423969709717543,0.5692488908358445,0.7845036850762482,0.1471495496748056,0.068346765248946
wc2026_pair_Colombia_South Korea,Colombia,South Korea,2026-06-11,2.0132319099361493,0.8797070127675838,0.6375071479240801,0.2065749794414401,0.1559178726344798
wc2026_pair_Colombia_Spain,Colombia,Spain,2026-06-11,1.142218967679833,1.4996432214470474,0.2890058920755173,0.2565704815024776,0.4544236264220052
wc2026_pair_Colombia_Sweden,Colombia,Sweden,2026-06-11,2.1148366955601947,0.9999916383255884,0.6294075701818066,0.2012278926171009,0.1693645372010926
wc2026_pair_Colombia_Switzerland,Colombia,Switzerland,2026-06-11,1.761494058784689,1.1978788230371362,0.5059325758115315,0.2344521395310322,0.2596152846574362
wc2026_pair_Colombia_Tunisia,Colombia,Tunisia,2026-06-11,2.2693837824278003,0.7011720149783427,0.729188500901589,0.1716734680132905,0.0991380310851204
wc2026_pair_Colombia_Turkey,Colombia,Turkey,2026-06-11,1.641532756146466,1.1187914207576966,0.4954359362115804,0.2450555445636839,0.2595085192247356
wc2026_pair_Colombia_United States,United States,Colombia,2026-06-11,0.9643068762771044,1.8992418090382053,0.1870972363825464,0.2203717120829308,0.5925310515345227
wc2026_pair_Colombia_Uruguay,Colombia,Uruguay,2026-06-11,1.6927381824524916,1.0138180454722734,0.5328478443239602,0.2409560918712009,0.2261960638048389
wc2026_pair_Colombia_Uzbekistan,Colombia,Uzbekistan,2026-06-11,2.062497623214929,0.7906797927785671,0.6693070016227923,0.1977337817553286,0.1329592166218791
wc2026_pair_Croatia_Curaçao,Croatia,Curaçao,2026-06-11,2.172576694940701,0.6898313214474221,0.7148631754330614,0.1807120776036948,0.1044247469632438
wc2026_pair_Croatia_Czechia,Croatia,Czechia,2026-06-11,1.5888886972064924,1.0116979400557151,0.5078183780880883,0.2509883721825118,0.2411932497293998
wc2026_pair_Croatia_DR Congo,Croatia,DR Congo,2026-06-11,1.6720032894195689,0.9070480905324108,0.5541323083763706,0.2425751251118433,0.203292566511786
wc2026_pair_Croatia_Ecuador,Croatia,Ecuador,2026-06-11,1.1891584821564911,1.216512938604598,0.3552699413772956,0.276204288432056,0.3685257701906484
wc2026_pair_Croatia_Egypt,Croatia,Egypt,2026-06-11,1.67128542104167,0.8863185497745357,0.5591702518822449,0.242467784119759,0.198361963997996
wc2026_pair_Croatia_England,Croatia,England,2026-06-11,1.0250821888366557,1.5061635795223005,0.2577124323709125,0.2587776430568704,0.483509924572217
wc2026_pair_Croatia_France,Croatia,France,2026-06-11,1.0253642901012063,1.5335875612369958,0.2533510538756114,0.2561460710324891,0.4905028750918995
wc2026_pair_Croatia_Germany,Croatia,Germany,2026-06-11,1.255881788893622,1.4515847062317957,0.3268602590161938,0.2563370543623049,0.4168026866215013
wc2026_pair_Croatia_Ghana,Croatia,Ghana,2026-06-11,2.2127716778366517,0.6246707104909743,0.7377912331017557,0.1722133007458088,0.0899954661524354
wc2026_pair_Croatia_Haiti,Croatia,Haiti,2026-06-11,1.964783972292498,0.774425656829303,0.6535674384208217,0.2073154081048694,0.1391171534743088
wc2026_pair_Croatia_Iran,Croatia,Iran,2026-06-11,1.4818406417229266,1.099325189710648,0.4597069929413186,0.2592689652072575,0.2810240418514238
wc2026_pair_Croatia_Iraq,Croatia,Iraq,2026-06-11,1.867423149324207,0.7892217092365792,0.6290926856608626,0.2185840295717773,0.15232328476736
wc2026_pair_Croatia_Ivory Coast,Croatia,Ivory Coast,2026-06-11,1.7102941223964827,0.9737393287527486,0.5468251471815315,0.239097320626516,0.2140775321919525
wc2026_pair_Croatia_Japan,Croatia,Japan,2026-06-11,1.2405250980701004,1.2890279915349576,0.3544538123826512,0.2680943555173214,0.3774518321000272
wc2026_pair_Croatia_Jordan,Croatia,Jordan,2026-06-11,1.8312752205974696,0.9433572460389098,0.582462556696973,0.2266278442162652,0.1909095990867617
wc2026_pair_Croatia_Mexico,Mexico,Croatia,2026-06-11,1.398219155574291,1.188974547061469,0.4175633020098143,0.2629463073405737,0.3194903906496119
wc2026_pair_Croatia_Morocco,Croatia,Morocco,2026-06-11,1.3083392429933336,1.2520672773886026,0.3801877325913326,0.2661650773434738,0.3536471900651934
wc2026_pair_Croatia_Netherlands,Croatia,Netherlands,2026-06-11,1.233107807980857,1.3524616669753866,0.3398818461904876,0.264209273739293,0.3959088800702193
wc2026_pair_Croatia_New Zealand,Croatia,New Zealand,2026-06-11,2.1043469697185957,0.6191129374916262,0.7198884345697978,0.1834121185315559,0.0966994468986463
wc2026_pair_Croatia_Norway,Croatia,Norway,2026-06-11,1.331380080737358,1.2876394131179416,0.37885451313998,0.2627194898791169,0.3584259969809031
wc2026_pair_Croatia_Panama,Croatia,Panama,2026-06-11,1.7441843535643846,1.0359758760461373,0.5397758060926326,0.2361419711040469,0.2240822228033204
wc2026_pair_Croatia_Paraguay,Croatia,Paraguay,2026-06-11,1.454016392658961,1.0944267132014582,0.4535928314581497,0.2618399681541669,0.2845672003876834
wc2026_pair_Croatia_Portugal,Croatia,Portugal,2026-06-11,1.1271485218642272,1.3737768843352272,0.3076477342228494,0.2674835621598361,0.4248687036173143
wc2026_pair_Croatia_Qatar,Croatia,Qatar,2026-06-11,2.2715346726675394,0.5231470527823684,0.771983957952876,0.15844211178573,0.0695739302613939
wc2026_pair_Croatia_Saudi Arabia,Croatia,Saudi Arabia,2026-06-11,1.9889773697498396,0.7527858644023697,0.6639794624039244,0.2037000192349645,0.132320518361111
wc2026_pair_Croatia_Scotland,Croatia,Scotland,2026-06-11,1.5496736764099317,1.0774600442499245,0.4822209238720358,0.2537536788526502,0.2640253972753139
wc2026_pair_Croatia_Senegal,Croatia,Senegal,2026-06-11,1.3678482931517095,1.1955778964002977,0.4080977046036877,0.2649214929362462,0.326980802460066
wc2026_pair_Croatia_South Africa,Croatia,South Africa,2026-06-11,2.049697292830767,0.7097698350010366,0.6868697350141112,0.1948997046390375,0.1182305603468512
wc2026_pair_Croatia_South Korea,Croatia,South Korea,2026-06-11,1.638959493049373,1.020227956932776,0.5182013651981927,0.246102548464965,0.2356960863368422
wc2026_pair_Croatia_Spain,Croatia,Spain,2026-06-11,0.7679465507930567,1.6401641656122394,0.17353564967512,0.2444256627914655,0.5820386875334145
wc2026_pair_Croatia_Sweden,Croatia,Sweden,2026-06-11,1.740564278673418,1.1405125824907805,0.514215934411991,0.2364579479752886,0.2493261176127203
wc2026_pair_Croatia_Switzerland,Croatia,Switzerland,2026-06-11,1.3872216418979124,1.3383997672023282,0.38286167433193,0.2566820105180065,0.3604563151500634
wc2026_pair_Croatia_Tunisia,Croatia,Tunisia,2026-06-11,1.895111365541024,0.8416929591435347,0.6218809646912431,0.2173872468491367,0.1607317884596201
wc2026_pair_Croatia_Turkey,Croatia,Turkey,2026-06-11,1.2672603392596895,1.2593123649228886,0.3676989195656913,0.2683730579053383,0.3639280225289704
wc2026_pair_Croatia_United States,United States,Croatia,2026-06-11,1.1691535495165053,1.6693540630967831,0.2673264229900035,0.2421170447414441,0.4905565322685523
wc2026_pair_Croatia_Uruguay,Croatia,Uruguay,2026-06-11,1.318465765565715,1.1543389896374652,0.4039220192189985,0.2706623888415058,0.3254155919394957
wc2026_pair_Croatia_Uzbekistan,Croatia,Uzbekistan,2026-06-11,1.688225206328152,0.931200736943759,0.5520268887414642,0.2410549149146172,0.2069181963439185
wc2026_pair_Curaçao_Czechia,Curaçao,Czechia,2026-06-11,0.9236308777702688,1.6400028291048554,0.211767000284256,0.2460655235849589,0.542167476130785
wc2026_pair_Curaçao_DR Congo,Curaçao,DR Congo,2026-06-11,1.0067454699833451,1.535352979581551,0.2482993287686733,0.2562626009054562,0.4954380703258706
wc2026_pair_Curaçao_Ecuador,Curaçao,Ecuador,2026-06-11,0.5239006627202671,1.8448178276537384,0.0976278202010696,0.2084199859207919,0.6939521938781383
wc2026_pair_Curaçao_Egypt,Curaçao,Egypt,2026-06-11,1.0060276016054464,1.514623438823676,0.2514184442431431,0.2583034246833342,0.4902781310735227
wc2026_pair_Curaçao_England,Curaçao,England,2026-06-11,0.3598243694004315,2.1344684685714403,0.05036754794345,0.1592267147730709,0.7904057372834791
wc2026_pair_Curaçao_France,Curaçao,France,2026-06-11,0.3601064706649826,2.161892450286136,0.0492548396237531,0.1560874013677614,0.7946577590084855
wc2026_pair_Curaçao_Germany,Curaçao,Germany,2026-06-11,0.5906239694573979,2.079889595280936,0.0932388772852786,0.1842114406881825,0.7225496820265389
wc2026_pair_Curaçao_Ghana,Curaçao,Ghana,2026-06-11,1.547513858400428,1.2529755995401146,0.4417099986446861,0.2496843157208676,0.3086056856344462
wc2026_pair_Curaçao_Haiti,Curaçao,Haiti,2026-06-11,1.2995261528562745,1.4027305458784431,0.3474089849067217,0.2576559405867992,0.3949350745064791
wc2026_pair_Curaçao_Iran,Curaçao,Iran,2026-06-11,0.8165828222867028,1.727630078759788,0.1745159736911476,0.2351009581109507,0.5903830681979018
wc2026_pair_Curaçao_Iraq,Curaçao,Iraq,2026-06-11,1.2021653298879833,1.4175265982857193,0.3193340745899437,0.2609507192631264,0.4197152061469298
wc2026_pair_Curaçao_Ivory Coast,Curaçao,Ivory Coast,2026-06-11,1.0450363029602587,1.6020442178018888,0.2474956710412819,0.2494107351401697,0.5030935938185483
wc2026_pair_Curaçao_Japan,Curaçao,Japan,2026-06-11,0.5752672786338765,1.9173328805840977,0.1025179558085889,0.2023615455130574,0.6951204986783537
wc2026_pair_Curaçao_Jordan,Curaçao,Jordan,2026-06-11,1.1660174011612456,1.57166213508805,0.2826733814381755,0.2500944455179513,0.4672321730438732
wc2026_pair_Curaçao_Mexico,Mexico,Curaçao,2026-06-11,2.1837357513578812,0.6564827415179999,0.7249843704619131,0.1774025152183604,0.0976131143197265
wc2026_pair_Curaçao_Morocco,Curaçao,Morocco,2026-06-11,0.6430814235571097,1.8803721664377424,0.1196471174522353,0.2107043990537995,0.6696484834939651
wc2026_pair_Curaçao_Netherlands,Curaçao,Netherlands,2026-06-11,0.5678499885446331,1.980766556024527,0.096176651126458,0.1941853575544809,0.709637991319061
wc2026_pair_Curaçao_New Zealand,Curaçao,New Zealand,2026-06-11,1.439089150282372,1.2474178265407665,0.4154246646537748,0.2575468914115855,0.3270284439346396
wc2026_pair_Curaçao_Norway,Curaçao,Norway,2026-06-11,0.6661222613011342,1.9159443021670817,0.1212680711384386,0.2076509909274818,0.6710809379340796
wc2026_pair_Curaçao_Panama,Curaçao,Panama,2026-06-11,1.0789265341281609,1.6642807650952776,0.2462160380619628,0.2434203211909202,0.510363640747117
wc2026_pair_Curaçao_Paraguay,Curaçao,Paraguay,2026-06-11,0.7887585732227377,1.7227316022505983,0.1685628563885018,0.2350321954061498,0.5964049482053484
wc2026_pair_Curaçao_Portugal,Curaçao,Portugal,2026-06-11,0.4618907024280032,2.0020817733843677,0.0746906201585835,0.1839638285033369,0.7413455513380796
wc2026_pair_Curaçao_Qatar,Curaçao,Qatar,2026-06-11,1.6062768532313156,1.1514519418315086,0.4791829338806401,0.2475522903082802,0.2732647758110797
wc2026_pair_Curaçao_Saudi Arabia,Curaçao,Saudi Arabia,2026-06-11,1.3237195503136157,1.3810907534515098,0.3578963400529534,0.257790509684798,0.3843131502622485
wc2026_pair_Curaçao_Scotland,Curaçao,Scotland,2026-06-11,0.8844158569737077,1.7057649332990643,0.193345514529452,0.2387092916890829,0.5679451937814649
wc2026_pair_Curaçao_Senegal,Curaçao,Senegal,2026-06-11,0.702590473715486,1.8238827854494375,0.1378506727518613,0.2202645478806298,0.6418847793675089
wc2026_pair_Curaçao_South Africa,Curaçao,South Africa,2026-06-11,1.384439473394543,1.338074724050177,0.3822141627660459,0.2568603077439438,0.3609255294900103
wc2026_pair_Curaçao_South Korea,Curaçao,South Korea,2026-06-11,0.9737016736131492,1.648532845981916,0.2228510600851505,0.2452716517200496,0.5318772881948
wc2026_pair_Curaçao_Spain,Curaçao,Spain,2026-06-11,0.1026887313568332,2.268469054661379,0.0112995757213395,0.1164263342808091,0.8722740899978513
wc2026_pair_Curaçao_Sweden,Curaçao,Sweden,2026-06-11,1.0753064592371944,1.7688174715399203,0.2297941379557633,0.2340287489234642,0.5361771131207723
wc2026_pair_Curaçao_Switzerland,Curaçao,Switzerland,2026-06-11,0.7219638224616887,1.9667046562514685,0.1281248489233341,0.2046566434836376,0.6672185075930283
wc2026_pair_Curaçao_Tunisia,Curaçao,Tunisia,2026-06-11,1.2298535461048,1.4699978481926748,0.3167777906304729,0.2560297835888199,0.4271924257807073
wc2026_pair_Curaçao_Turkey,Curaçao,Turkey,2026-06-11,0.6020025198234656,1.8876172539720288,0.1104245945046419,0.2076005971461003,0.6819748083492576
wc2026_pair_Curaçao_United States,United States,Curaçao,2026-06-11,1.9546701453000952,1.1368622575533145,0.5637588525472804,0.2184346034979256,0.2178065439547939
wc2026_pair_Curaçao_Uruguay,Curaçao,Uruguay,2026-06-11,0.6532079461294913,1.7826438786866057,0.1309904294045273,0.2232388504232013,0.6457707201722713
wc2026_pair_Curaçao_Uzbekistan,Curaçao,Uzbekistan,2026-06-11,1.0229673868919282,1.5595056259928992,0.2486169479780607,0.2536973542772504,0.4976856977446887
wc2026_pair_Czechia_DR Congo,Czechia,DR Congo,2026-06-11,1.430263104224555,1.0331140496230018,0.4616871825085419,0.2658178371026225,0.2724949803888355
wc2026_pair_Czechia_Ecuador,Czechia,Ecuador,2026-06-11,0.9474182969614772,1.3425788976951891,0.2642509874688099,0.2773109772851089,0.4584380352460811
wc2026_pair_Czechia_Egypt,Czechia,Egypt,2026-06-11,1.4295452358466565,1.0123845088651264,0.4664269261610504,0.2664730789978758,0.2670999948410736
wc2026_pair_Czechia_England,Czechia,England,2026-06-11,0.7833420036416416,1.632229538612891,0.1782923663939051,0.2456417589230435,0.5760658746830514
wc2026_pair_Czechia_France,Czechia,France,2026-06-11,0.7836241049061925,1.6596535203275866,0.1749557836874694,0.2423606040381672,0.5826836122743633
wc2026_pair_Czechia_Germany,Czechia,Germany,2026-06-11,1.014141603698608,1.5776506653223867,0.2435453817386939,0.2520533646393639,0.5044012536219421
wc2026_pair_Czechia_Ghana,Czechia,Ghana,2026-06-11,1.971031492641638,0.7507366695815653,0.6608234908316096,0.2055595103683777,0.1336169988000126
wc2026_pair_Czechia_Haiti,Czechia,Haiti,2026-06-11,1.7230437870974842,0.900491615919894,0.5680159940982215,0.237074406958692,0.1949095989430864
wc2026_pair_Czechia_Iran,Czechia,Iran,2026-06-11,1.240100456527913,1.2253911488012388,0.3673995414337244,0.272254059417543,0.3603463991487325
wc2026_pair_Czechia_Iraq,Czechia,Iraq,2026-06-11,1.6256829641291932,0.91528766832717,0.5407174087244714,0.2475604802829104,0.2117221109926181
wc2026_pair_Czechia_Ivory Coast,Czechia,Ivory Coast,2026-06-11,1.4685539372014689,1.0998052878433395,0.4561433174699802,0.2604126901872362,0.2834439923427835
wc2026_pair_Czechia_Japan,Czechia,Japan,2026-06-11,0.9987849128750868,1.4150939506255484,0.2659092693933319,0.2682726300613703,0.4658181005452977
wc2026_pair_Czechia_Jordan,Czechia,Jordan,2026-06-11,1.5895350354024556,1.0694232051295007,0.4941649090459705,0.2502741972019305,0.255560893752099
wc2026_pair_Czechia_Mexico,Mexico,Czechia,2026-06-11,1.6000477536236726,0.9783493601262933,0.5187285967103107,0.250128707531096,0.2311426957585934
wc2026_pair_Czechia_Morocco,Czechia,Morocco,2026-06-11,1.06659905779832,1.3781332364791934,0.2905946177348448,0.2695217831074151,0.43988359915774
wc2026_pair_Czechia_Netherlands,Czechia,Netherlands,2026-06-11,0.9913676227858432,1.4785276260659774,0.2534264639044059,0.2621442448001113,0.4844292912954827
wc2026_pair_Czechia_New Zealand,Czechia,New Zealand,2026-06-11,1.862606784523582,0.7451788965822171,0.6393134496023721,0.21745914537622,0.1432274050214078
wc2026_pair_Czechia_Norway,Czechia,Norway,2026-06-11,1.089639895542344,1.4137053722085324,0.2904039555110621,0.26552558953989,0.4440704549490477
wc2026_pair_Czechia_Panama,Czechia,Panama,2026-06-11,1.502444168369371,1.162041835136728,0.4506290885878703,0.255776256939523,0.2935946544726067
wc2026_pair_Czechia_Paraguay,Czechia,Paraguay,2026-06-11,1.2122762074639477,1.220492672292049,0.3608122988830311,0.2744127791763101,0.3647749219406588
wc2026_pair_Czechia_Portugal,Czechia,Portugal,2026-06-11,0.8854083366692133,1.4998428434258182,0.2223543608936554,0.2614304612792045,0.5162151778271401
wc2026_pair_Czechia_Qatar,Czechia,Qatar,2026-06-11,2.0297944874725258,0.6492130118729593,0.6982550014333705,0.1936094584892752,0.1081355400773543
wc2026_pair_Czechia_Saudi Arabia,Czechia,Saudi Arabia,2026-06-11,1.7472371845548258,0.8788518234929606,0.5791519870949683,0.2341532078244217,0.18669480508061
wc2026_pair_Czechia_Scotland,Czechia,Scotland,2026-06-11,1.3079334912149176,1.2035260033405155,0.3903835722514647,0.2688745408764821,0.3407418868720531
wc2026_pair_Czechia_Senegal,Czechia,Senegal,2026-06-11,1.126108107956696,1.3216438554908885,0.3171495041038917,0.2718057992112485,0.4110446966848598
wc2026_pair_Czechia_South Africa,Czechia,South Africa,2026-06-11,1.8079571076357532,0.8358357940916277,0.6040119373668524,0.2266061169470341,0.1693819456861133
wc2026_pair_Czechia_South Korea,Czechia,South Korea,2026-06-11,1.397219307854359,1.1462939160233667,0.4267981985377964,0.2647878603352817,0.3084139411269219
wc2026_pair_Czechia_Spain,Czechia,Spain,2026-06-11,0.5262063655980433,1.7662301247028305,0.1043611464345811,0.2191123323338928,0.676526521231526
wc2026_pair_Czechia_Sweden,Czechia,Sweden,2026-06-11,1.4988240934784045,1.2665785415813713,0.4265059635823763,0.2526676658639048,0.320826370553719
wc2026_pair_Czechia_Switzerland,Czechia,Switzerland,2026-06-11,1.1454814567028988,1.464465726292919,0.2960329723345144,0.2593613106201557,0.4446057170453297
wc2026_pair_Czechia_Tunisia,Czechia,Tunisia,2026-06-11,1.6533711803460105,0.9677589182341256,0.5345220135204677,0.2447815978227207,0.2206963886568115
wc2026_pair_Czechia_Turkey,Czechia,Turkey,2026-06-11,1.025520154064676,1.3853783240134794,0.2782224500378787,0.2703261067803467,0.4514514431817746
wc2026_pair_Czechia_United States,United States,Czechia,2026-06-11,1.3709821475658863,1.4587288761616075,0.3547002797071834,0.2510006773411184,0.3942990429516982
wc2026_pair_Czechia_Uruguay,Czechia,Uruguay,2026-06-11,1.0767255803707014,1.2804049487280562,0.3114307471783125,0.2777519824253501,0.4108172703963373
wc2026_pair_Czechia_Uzbekistan,Czechia,Uzbekistan,2026-06-11,1.446485021133138,1.05726669603435,0.460283377517058,0.263608985392366,0.2761076370905759
wc2026_pair_DR Congo_Ecuador,DR Congo,Ecuador,2026-06-11,0.7970230483708213,1.3911832117271257,0.2148406848985543,0.2754484000117739,0.5097109150896717
wc2026_pair_DR Congo_Egypt,DR Congo,Egypt,2026-06-11,1.2791499872560006,1.060988822897063,0.4140434372749007,0.2786658028872182,0.307290759837881
wc2026_pair_DR Congo_England,DR Congo,England,2026-06-11,0.6329467550509857,1.6808338526448277,0.1365182973247619,0.2356085521809626,0.6278731504942754
wc2026_pair_DR Congo_France,DR Congo,France,2026-06-11,0.6332288563155366,1.7082578343595232,0.1338050445045515,0.2319868658021732,0.6342080896932752
wc2026_pair_DR Congo_Germany,DR Congo,Germany,2026-06-11,0.8637463551079523,1.626254979354323,0.1988906601683467,0.2472448906217277,0.5538644492099254
wc2026_pair_DR Congo_Ghana,DR Congo,Ghana,2026-06-11,1.820636244050982,0.7993409836135018,0.616155727413869,0.2241417077376471,0.1597025648484837
wc2026_pair_DR Congo_Haiti,DR Congo,Haiti,2026-06-11,1.5726485385068285,0.9490959299518305,0.5190306845089744,0.2530926028201559,0.2278767126708697
wc2026_pair_DR Congo_Iran,DR Congo,Iran,2026-06-11,1.0897052079372571,1.273995462833175,0.3162610846949768,0.2776288347936845,0.4061100805113386
wc2026_pair_DR Congo_Iraq,DR Congo,Iraq,2026-06-11,1.475287715538537,0.9638919823591066,0.4902649992456541,0.263001071031083,0.2467339297232628
wc2026_pair_DR Congo_Ivory Coast,DR Congo,Ivory Coast,2026-06-11,1.318158688610813,1.148409601875276,0.4051465236665363,0.2709845541090286,0.3238689222244351
wc2026_pair_DR Congo_Japan,DR Congo,Japan,2026-06-11,0.8483896642844307,1.463698264657485,0.2179660404263485,0.2659435004178228,0.5160904591558286
wc2026_pair_DR Congo_Jordan,DR Congo,Jordan,2026-06-11,1.4391397868117997,1.1180275191614373,0.4442590227565967,0.2623680918090499,0.2933728854343534
wc2026_pair_DR Congo_Mexico,Mexico,DR Congo,2026-06-11,1.6831623458367488,0.8736995106029887,0.5652302953799239,0.2410331416953506,0.1937365629247255
wc2026_pair_DR Congo_Morocco,DR Congo,Morocco,2026-06-11,0.916203809207664,1.42673755051113,0.2418010515241829,0.2690936417674264,0.4891053067083906
wc2026_pair_DR Congo_Netherlands,DR Congo,Netherlands,2026-06-11,0.8409723741951874,1.5271319400979142,0.2068368156669641,0.2585369261931897,0.5346262581398461
wc2026_pair_DR Congo_New Zealand,DR Congo,New Zealand,2026-06-11,1.712211535932926,0.7937832106141536,0.5926248588641243,0.2363734849540424,0.1710016561818332
wc2026_pair_DR Congo_Norway,DR Congo,Norway,2026-06-11,0.9392446469516882,1.4623096862404688,0.2422952998785457,0.2648084760034935,0.4928962241179607
wc2026_pair_DR Congo_Panama,DR Congo,Panama,2026-06-11,1.352048919778715,1.2106461491686646,0.4006328553903488,0.2653524993288608,0.3340146452807903
wc2026_pair_DR Congo_Paraguay,DR Congo,Paraguay,2026-06-11,1.0618809588732918,1.2690969863239856,0.3094466905329869,0.2795187227894564,0.4110345866775566
wc2026_pair_DR Congo_Portugal,DR Congo,Portugal,2026-06-11,0.7350130880785575,1.5484471574577543,0.1767358452591261,0.2554354249785651,0.5678287297623087
wc2026_pair_DR Congo_Qatar,DR Congo,Qatar,2026-06-11,1.8793992388818697,0.697817325904896,0.6551669296542141,0.2134848268196347,0.1313482435261511
wc2026_pair_DR Congo_Saudi Arabia,DR Congo,Saudi Arabia,2026-06-11,1.59684193596417,0.9274561375248972,0.5304949031754158,0.2506339263629517,0.2188711704616325
wc2026_pair_DR Congo_Scotland,DR Congo,Scotland,2026-06-11,1.157538242624262,1.252130317372452,0.3393156512560681,0.275579279835427,0.3851050689085049
wc2026_pair_DR Congo_Senegal,DR Congo,Senegal,2026-06-11,0.9757128593660402,1.3702481695228248,0.2672999239334819,0.273484277061163,0.4592157990053551
wc2026_pair_DR Congo_South Africa,DR Congo,South Africa,2026-06-11,1.6575618590450971,0.8844401081235641,0.5563067699986596,0.2439455714829397,0.1997476585184006
wc2026_pair_DR Congo_South Korea,DR Congo,South Korea,2026-06-11,1.2468240592637034,1.1948982300553033,0.375646556834613,0.2737070526571717,0.3506463905082151
wc2026_pair_DR Congo_Spain,DR Congo,Spain,2026-06-11,0.3758111170073872,1.8148344387347664,0.0692303671970683,0.2021626625649706,0.728606970237961
wc2026_pair_DR Congo_Sweden,DR Congo,Sweden,2026-06-11,1.3484288448877486,1.3151828556133078,0.3776161499427897,0.2601809328788776,0.3622029171783326
wc2026_pair_DR Congo_Switzerland,DR Congo,Switzerland,2026-06-11,0.9950862081122428,1.5130700403248554,0.2488387257291951,0.258638339575966,0.4925229346948388
wc2026_pair_DR Congo_Tunisia,DR Congo,Tunisia,2026-06-11,1.5029759317553544,1.016363232266062,0.4847753115032464,0.2592519635456666,0.2559727249510869
wc2026_pair_DR Congo_Turkey,DR Congo,Turkey,2026-06-11,0.87512490547402,1.433982638045416,0.2296108394688386,0.2690436813953031,0.5013454791358583
wc2026_pair_DR Congo_United States,United States,DR Congo,2026-06-11,1.4540967397789628,1.3540790266383032,0.3966306184913021,0.2520239895730061,0.3513453919356917
wc2026_pair_DR Congo_Uruguay,DR Congo,Uruguay,2026-06-11,0.9263303317800456,1.3290092627599928,0.2606995557313316,0.2795006455989094,0.4597997986697589
wc2026_pair_DR Congo_Uzbekistan,DR Congo,Uzbekistan,2026-06-11,1.2960897725424825,1.1058710100662863,0.4085864898073691,0.274921764287491,0.3164917459051399
wc2026_pair_Ecuador_Egypt,Ecuador,Egypt,2026-06-11,1.7055046075697873,0.6607048902300455,0.6261551049288803,0.2333650964509156,0.140479798620204
wc2026_pair_Ecuador_England,Ecuador,England,2026-06-11,1.0593013753647726,1.2805499199778103,0.3065560195677136,0.2786255041147424,0.4148184763175438
wc2026_pair_Ecuador_France,Ecuador,France,2026-06-11,1.0595834766293233,1.3079739016925056,0.3014954234166467,0.276143681493563,0.4223608950897902
wc2026_pair_Ecuador_Germany,Ecuador,Germany,2026-06-11,1.290100975421739,1.2259710466873055,0.380806162698748,0.2688636751816208,0.3503301621196312
wc2026_pair_Ecuador_Ghana,Ecuador,Ghana,2026-06-11,2.2469908643647685,0.3990570509464842,0.7980913001810034,0.1502975148578351,0.0516111849611614
wc2026_pair_Ecuador_Haiti,Ecuador,Haiti,2026-06-11,1.999003158820615,0.5488119972848129,0.7180916253771851,0.1907245764300801,0.0911837981927347
wc2026_pair_Ecuador_Iran,Ecuador,Iran,2026-06-11,1.5160598282510436,0.8737115301661578,0.523400934441448,0.2596863845726951,0.2169126809858568
wc2026_pair_Ecuador_Iraq,Ecuador,Iraq,2026-06-11,1.901642335852324,0.563608049692089,0.6950184340988007,0.2035930761931637,0.1013884897080355
wc2026_pair_Ecuador_Ivory Coast,Ecuador,Ivory Coast,2026-06-11,1.7445133089245997,0.7481256692082584,0.6120531673825557,0.2313718453976902,0.1565749872197541
wc2026_pair_Ecuador_Japan,Ecuador,Japan,2026-06-11,1.274744284598217,1.0634143319904674,0.4122626893777692,0.2789356214927457,0.308801689129485
wc2026_pair_Ecuador_Jordan,Ecuador,Jordan,2026-06-11,1.8654944071255863,0.7177435864944197,0.6470189990808133,0.2159921180440304,0.1369888828751563
wc2026_pair_Ecuador_Mexico,Mexico,Ecuador,2026-06-11,1.200317538573671,1.183164358675176,0.3653019248962804,0.2777418152502112,0.3569562598535084
wc2026_pair_Ecuador_Morocco,Ecuador,Morocco,2026-06-11,1.3425584295214503,1.0264536178441124,0.4395697298402318,0.2743716917390236,0.2860585784207445
wc2026_pair_Ecuador_Netherlands,Ecuador,Netherlands,2026-06-11,1.267326994508974,1.1268480074308966,0.395998287383919,0.2761613293735557,0.3278403832425253
wc2026_pair_Ecuador_New Zealand,Ecuador,New Zealand,2026-06-11,2.138566156246713,0.3934992779471361,0.7825533315163629,0.161855151779715,0.0555915167039221
wc2026_pair_Ecuador_Norway,Ecuador,Norway,2026-06-11,1.3655992672654749,1.0620257535734514,0.4375572304873119,0.2708299423730029,0.2916128271396851
wc2026_pair_Ecuador_Panama,Ecuador,Panama,2026-06-11,1.7784035400925018,0.8103622165016471,0.6037645824191437,0.2292041243052137,0.1670312932756425
wc2026_pair_Ecuador_Paraguay,Ecuador,Paraguay,2026-06-11,1.4882355791870785,0.868813053656968,0.517374184817642,0.2628967265743888,0.2197290886079692
wc2026_pair_Ecuador_Portugal,Ecuador,Portugal,2026-06-11,1.1613677083923442,1.148163224790737,0.3617616974503628,0.2829882952320688,0.3552500073175684
wc2026_pair_Ecuador_Qatar,Ecuador,Qatar,2026-06-11,2.305753859195656,0.2975333932378784,0.8307696887413796,0.1342249565582541,0.0350053547003662
wc2026_pair_Ecuador_Saudi Arabia,Ecuador,Saudi Arabia,2026-06-11,2.0231965562779566,0.5271722048578795,0.7282568589355864,0.1863151854036716,0.0854279556607418
wc2026_pair_Ecuador_Scotland,Ecuador,Scotland,2026-06-11,1.5838928629380484,0.8518463847054345,0.5463269585820256,0.2519766559719244,0.2016963854460499
wc2026_pair_Ecuador_Senegal,Ecuador,Senegal,2026-06-11,1.402067479679827,0.9699642368558076,0.4692576996842737,0.2704008408219884,0.2603414594937377
wc2026_pair_Ecuador_South Africa,Ecuador,South Africa,2026-06-11,2.083916479358884,0.4841561754565465,0.7503049690464045,0.1759007176726009,0.0737943132809945
wc2026_pair_Ecuador_South Korea,Ecuador,South Korea,2026-06-11,1.67317867957749,0.7946142973882856,0.5830939591543165,0.240959950640535,0.1759460902051484
wc2026_pair_Ecuador_Spain,Ecuador,Spain,2026-06-11,0.8021657373211739,1.4145505060677492,0.2127879974895531,0.2724364529437457,0.5147755495667011
wc2026_pair_Ecuador_Sweden,Ecuador,Sweden,2026-06-11,1.7747834652015353,0.9148989229462904,0.5765496053697724,0.2318669561460465,0.191583438484181
wc2026_pair_Ecuador_Switzerland,Ecuador,Switzerland,2026-06-11,1.4214408284260296,1.112786107657838,0.4408000386934441,0.2640479938862756,0.2951519674202802
wc2026_pair_Ecuador_Tunisia,Ecuador,Tunisia,2026-06-11,1.929330552069141,0.6160792995990445,0.686849170011487,0.203328522378356,0.1098223076101569
wc2026_pair_Ecuador_Turkey,Ecuador,Turkey,2026-06-11,1.301479525787807,1.0336987053783984,0.4265351414892171,0.2779383407543081,0.2955265177564747
wc2026_pair_Ecuador_United States,United States,Ecuador,2026-06-11,0.9712519325158848,1.6635438747104905,0.2200888881898471,0.2437622595051344,0.5361488523050184
wc2026_pair_Ecuador_Uruguay,Ecuador,Uruguay,2026-06-11,1.3526849520938322,0.9287253300929752,0.4657991840270765,0.2768457638422503,0.2573550521306731
wc2026_pair_Ecuador_Uzbekistan,Ecuador,Uzbekistan,2026-06-11,1.722444392856269,0.705587077399269,0.6181241839808127,0.2327377127578223,0.1491381032613649
wc2026_pair_Egypt_England,Egypt,England,2026-06-11,0.664823766155079,1.663277176668629,0.1459288181570631,0.2389986313929754,0.6150725504499613
wc2026_pair_Egypt_France,Egypt,France,2026-06-11,0.6651058674196298,1.6907011583833245,0.1430654514668592,0.2354328063227354,0.6215017422104053
wc2026_pair_Egypt_Germany,Egypt,Germany,2026-06-11,0.8956233662120455,1.6086983033781244,0.2092236486707139,0.2493424537515007,0.5414338975777854
wc2026_pair_Egypt_Ghana,Egypt,Ghana,2026-06-11,1.8525132551550751,0.781784307637303,0.6277198532950197,0.2199821445438685,0.1522980021611118
wc2026_pair_Egypt_Haiti,Egypt,Haiti,2026-06-11,1.6045255496109216,0.9315392539756316,0.5314008751937536,0.2498171671619726,0.2187819576442738
wc2026_pair_Egypt_Iran,Egypt,Iran,2026-06-11,1.1215822190413505,1.2564387868569764,0.3285205981436312,0.277334052149833,0.3941453497065357
wc2026_pair_Egypt_Iraq,Egypt,Iraq,2026-06-11,1.507164726642631,0.9463353063829076,0.5029149761520347,0.2599595146129925,0.2371255092349727
wc2026_pair_Egypt_Ivory Coast,Egypt,Ivory Coast,2026-06-11,1.3500356997149063,1.1308529258990772,0.417664176459245,0.2692686378826052,0.3130671856581497
wc2026_pair_Egypt_Japan,Egypt,Japan,2026-06-11,0.8802666753885239,1.446141588681286,0.2291193802613578,0.2675710152593731,0.503309604479269
wc2026_pair_Egypt_Jordan,Egypt,Jordan,2026-06-11,1.471016797915893,1.1004708431852384,0.4566302770446845,0.2601793397205132,0.2831903832348023
wc2026_pair_Egypt_Mexico,Mexico,Egypt,2026-06-11,1.68244447745885,0.8529699698451136,0.5703215139872811,0.2408429976999711,0.1888354883127477
wc2026_pair_Egypt_Morocco,Egypt,Morocco,2026-06-11,0.9480808203117572,1.409180874534931,0.2532437036862803,0.270245860809331,0.4765104355043885
wc2026_pair_Egypt_Netherlands,Egypt,Netherlands,2026-06-11,0.8728493852992806,1.5095752641217153,0.2176381571344644,0.2604285224102213,0.5219333204553143
wc2026_pair_Egypt_New Zealand,Egypt,New Zealand,2026-06-11,1.744088547037019,0.7762265346379547,0.6046413289094293,0.2322215061372116,0.1631371649533591
wc2026_pair_Egypt_Norway,Egypt,Norway,2026-06-11,0.9711216580557812,1.44475301026427,0.253583337534872,0.2659920535906999,0.480424608874428
wc2026_pair_Egypt_Panama,Egypt,Panama,2026-06-11,1.3839259308828085,1.193089473192466,0.4128932920401415,0.2638401985970477,0.3232665093628107
wc2026_pair_Egypt_Paraguay,Egypt,Paraguay,2026-06-11,1.0937579699773852,1.251540310347787,0.321735532564637,0.2793147875710234,0.3989496798643395
wc2026_pair_Egypt_Portugal,Egypt,Portugal,2026-06-11,0.7668900991826506,1.5308904814815556,0.1871882699554417,0.2579381246887745,0.5548736053557838
wc2026_pair_Egypt_Qatar,Egypt,Qatar,2026-06-11,1.911276249985963,0.680260649928697,0.6664470921046778,0.2089147379222802,0.1246381699730419
wc2026_pair_Egypt_Saudi Arabia,Egypt,Saudi Arabia,2026-06-11,1.6287189470682633,0.9098994615486984,0.5428176575621124,0.2472195646692957,0.2099627777685918
wc2026_pair_Egypt_Scotland,Egypt,Scotland,2026-06-11,1.189415253728355,1.2345736413962531,0.3516373585659879,0.2749143239072807,0.3734483175267314
wc2026_pair_Egypt_Senegal,Egypt,Senegal,2026-06-11,1.0075898704701336,1.352691493546626,0.279082721008504,0.274122385740477,0.4467948932510188
wc2026_pair_Egypt_South Africa,Egypt,South Africa,2026-06-11,1.6894388701491907,0.8668834321473653,0.5684675808688506,0.2402567981082226,0.1912756210229268
wc2026_pair_Egypt_South Korea,Egypt,South Korea,2026-06-11,1.2787010703677968,1.1773415540791043,0.3881076379200683,0.2724459736648832,0.3394463884150484
wc2026_pair_Egypt_Spain,Egypt,Spain,2026-06-11,0.4076881281114808,1.797277762758568,0.0768216725353451,0.2071017102268186,0.7160766172378361
wc2026_pair_Egypt_Sweden,Egypt,Sweden,2026-06-11,1.380305855991842,1.297626179637109,0.3895388981833645,0.2591542036784209,0.3513068981382145
wc2026_pair_Egypt_Switzerland,Egypt,Switzerland,2026-06-11,1.026963219216336,1.495513364348657,0.2599421228649179,0.2597592539246681,0.480298623210414
wc2026_pair_Egypt_Tunisia,Egypt,Tunisia,2026-06-11,1.5348529428594475,0.9988065562898634,0.4972310087578296,0.2564257166295583,0.2463432746126121
wc2026_pair_Egypt_Turkey,Egypt,Turkey,2026-06-11,0.9070019165781132,1.4164259620692172,0.2409634777195798,0.2704240300742948,0.4886124922061254
wc2026_pair_Egypt_United States,United States,Egypt,2026-06-11,1.453378871401064,1.333349485880428,0.4007701900282196,0.2529803778653141,0.3462494321064663
wc2026_pair_Egypt_Uruguay,Egypt,Uruguay,2026-06-11,0.9582073428841388,1.3114525867837938,0.2726602771278311,0.2801859569445373,0.4471537659276314
wc2026_pair_Egypt_Uzbekistan,Egypt,Uzbekistan,2026-06-11,1.3279667836465756,1.0883143340900876,0.4212853713375855,0.2730526562999333,0.3056619723624811
wc2026_pair_England_France,England,France,2026-06-11,1.4040328062649643,1.2539311237614137,0.404954046670114,0.2596829756432393,0.3353629776866466
wc2026_pair_England_Germany,England,Germany,2026-06-11,1.63455030505738,1.1719282687562136,0.4814455614910299,0.2448992329112266,0.2736552055977435
wc2026_pair_England_Ghana,England,Ghana,2026-06-11,2.59144019400041,0.3450142730153922,0.8552795329911069,0.1122140887046,0.032506378304293
wc2026_pair_England_Haiti,England,Haiti,2026-06-11,2.343452488456256,0.4947692193537207,0.7897426781864952,0.148796139096573,0.0614611827169316
wc2026_pair_England_Iran,England,Iran,2026-06-11,1.8605091578866848,0.8196687522350656,0.6198504682996823,0.2203862571640015,0.1597632745363161
wc2026_pair_England_Iraq,England,Iraq,2026-06-11,2.246091665487965,0.5095652717609969,0.7712007476022261,0.1599888588042989,0.0688103935934749
wc2026_pair_England_Ivory Coast,England,Ivory Coast,2026-06-11,2.0889626385602407,0.6940828912771664,0.6983319613773226,0.1897750359954348,0.1118930026272426
wc2026_pair_England_Japan,England,Japan,2026-06-11,1.6191936142338583,1.0093715540593753,0.5159432945247971,0.2480652052298365,0.2359915002453664
wc2026_pair_England_Jordan,England,Jordan,2026-06-11,2.2099437367612276,0.6637008085633276,0.7278520829810733,0.1751733216622644,0.0969745953566623
wc2026_pair_England_Mexico,Mexico,England,2026-06-11,1.0362412452538354,1.4728149995928783,0.2661222233851806,0.2617091452232956,0.4721686313915237
wc2026_pair_England_Morocco,England,Morocco,2026-06-11,1.6870077591570916,0.9724108399130204,0.5415563781413073,0.2414140512645355,0.2170295705941571
wc2026_pair_England_Netherlands,England,Netherlands,2026-06-11,1.611776324144615,1.0728052294998045,0.4989073310896276,0.2482137484345449,0.2528789204758274
wc2026_pair_England_New Zealand,England,New Zealand,2026-06-11,2.483015485882354,0.339456500016044,0.8438264327388849,0.1211855626373196,0.0349880046237953
wc2026_pair_England_Norway,England,Norway,2026-06-11,1.710048596901116,1.0079829756423593,0.5384179950233704,0.2392788459540931,0.2223031590225365
wc2026_pair_England_Panama,England,Panama,2026-06-11,2.122852869728143,0.756319438570555,0.6894284387608862,0.1897427992379343,0.1208287620011795
wc2026_pair_England_Paraguay,England,Paraguay,2026-06-11,1.8326849088227195,0.8147702757258761,0.6149201734901671,0.2232817275636341,0.1617980989461988
wc2026_pair_England_Portugal,England,Portugal,2026-06-11,1.5058170380279852,1.094120446859645,0.4671100011773831,0.2573033469750446,0.2755866518475723
wc2026_pair_England_Qatar,England,Qatar,2026-06-11,2.6502031888312976,0.2434906153067864,0.8821744670616247,0.0973070592907626,0.0205184736476126
wc2026_pair_England_Saudi Arabia,England,Saudi Arabia,2026-06-11,2.3676458859135976,0.4731294269267875,0.7983237213728804,0.1445450624145706,0.0571312162125488
wc2026_pair_England_Scotland,England,Scotland,2026-06-11,1.9283421925736897,0.7978036067743424,0.6400412859544813,0.2122344809843418,0.1477242330611767
wc2026_pair_England_Senegal,England,Senegal,2026-06-11,1.746516809315468,0.9159214589247152,0.5696994333054084,0.2348203580631818,0.1954802086314098
wc2026_pair_England_South Africa,England,South Africa,2026-06-11,2.428365808994525,0.4301133975254545,0.816643751691741,0.1348507575161127,0.0485054907921463
wc2026_pair_England_South Korea,England,South Korea,2026-06-11,2.0176280092131313,0.7405715194571936,0.6728273165689506,0.1999973552945155,0.1271753281365339
wc2026_pair_England_Spain,England,Spain,2026-06-11,1.1466150669568151,1.360507728136657,0.3153319422469366,0.2677163310334456,0.4169517267196177
wc2026_pair_England_Sweden,England,Sweden,2026-06-11,2.1192327948371763,0.8608561450151981,0.6633769080645062,0.1953242550472004,0.1412988368882934
wc2026_pair_England_Switzerland,England,Switzerland,2026-06-11,1.7658901580616706,1.058743329726746,0.5394312941658623,0.2342321666649391,0.2263365391691985
wc2026_pair_England_Tunisia,England,Tunisia,2026-06-11,2.273779881704782,0.5620365216679525,0.7630418522804148,0.1612947761678813,0.0756633715517038
wc2026_pair_England_Turkey,England,Turkey,2026-06-11,1.6459288554234477,0.9796559274473065,0.5297791310116271,0.2455302694065818,0.224690599581791
wc2026_pair_England_United States,United States,England,2026-06-11,0.8071756391960495,1.953194515628193,0.147123570306445,0.2099416113345524,0.6429348183590025
wc2026_pair_England_Uruguay,England,Uruguay,2026-06-11,1.6971342817294732,0.8746825521618831,0.5683386240579162,0.2395169599547911,0.1921444159872926
wc2026_pair_England_Uzbekistan,England,Uzbekistan,2026-06-11,2.06689372249191,0.6515442994681768,0.7047743991809164,0.1896170903660032,0.1056085104530803
wc2026_pair_France_Germany,France,Germany,2026-06-11,1.695552179320263,1.1805466376464968,0.4942576233294626,0.2398647890728356,0.2658775875977017
wc2026_pair_France_Ghana,France,Ghana,2026-06-11,2.652442068263293,0.3536326419056753,0.8602169498065986,0.1080017582572449,0.0317812919361564
wc2026_pair_France_Haiti,France,Haiti,2026-06-11,2.404454362719139,0.503387588244004,0.7966660850478914,0.1435755642932636,0.059758350658845
wc2026_pair_France_Iran,France,Iran,2026-06-11,1.9215110321495676,0.8282871211253489,0.6309332261420594,0.2141196408312192,0.1549471330267214
wc2026_pair_France_Iraq,France,Iraq,2026-06-11,2.307093539750848,0.5181836406512801,0.7787264427336219,0.1544007611737015,0.0668727960926765
wc2026_pair_France_Ivory Coast,France,Ivory Coast,2026-06-11,2.1499645128231237,0.7027012601674496,0.7076013046343768,0.1838504881696584,0.1085482071959648
wc2026_pair_France_Japan,France,Japan,2026-06-11,1.6801954884967414,1.0179899229496585,0.5288089307318451,0.2421595902093852,0.2290314790587696
wc2026_pair_France_Jordan,France,Jordan,2026-06-11,2.27094561102411,0.6723191774536107,0.7363003166855104,0.1695972203382522,0.0941024629762373
wc2026_pair_France_Mexico,Mexico,France,2026-06-11,1.0365233465183863,1.5002389813075738,0.2616455002726219,0.2591115632104359,0.4792429365169421
wc2026_pair_France_Morocco,France,Morocco,2026-06-11,1.7480096334199746,0.9810292088033036,0.5539892168197045,0.2354204335202779,0.2105903496600175
wc2026_pair_France_Netherlands,France,Netherlands,2026-06-11,1.672778198407498,1.0814235983900875,0.5118376383880875,0.2426416566791805,0.2455207049327318
wc2026_pair_France_New Zealand,France,New Zealand,2026-06-11,2.5440173601452365,0.3480748689063272,0.8492105553270132,0.1165817191105347,0.0342077255624521
wc2026_pair_France_Norway,France,Norway,2026-06-11,1.771050471163999,1.0166013445326425,0.5507513426864036,0.2334947941802213,0.2157538631333751
wc2026_pair_France_Panama,France,Panama,2026-06-11,2.183854743991026,0.7649378074608382,0.6987370348567041,0.1840491728305116,0.1172137923127843
wc2026_pair_France_Paraguay,France,Paraguay,2026-06-11,1.8936867830856023,0.8233886446161592,0.6261661211323953,0.2169198379885568,0.1569140408790478
wc2026_pair_France_Portugal,France,Portugal,2026-06-11,1.5668189122908682,1.102738815749928,0.4806256036411092,0.2517726226280078,0.2676017737308829
wc2026_pair_France_Qatar,France,Qatar,2026-06-11,2.71120506309418,0.2521089841970696,0.8862957127308493,0.0934717958492045,0.020232491419946
wc2026_pair_France_Saudi Arabia,France,Saudi Arabia,2026-06-11,2.4286477601764807,0.4817477958170707,0.8050089829683281,0.139415776834812,0.0555752401968598
wc2026_pair_France_Scotland,France,Scotland,2026-06-11,1.9893440668365725,0.8064219756646256,0.6506418395174057,0.2060828127518288,0.1432753477307654
wc2026_pair_France_Senegal,France,Senegal,2026-06-11,1.807518683578351,0.9245398278149984,0.5816952220778392,0.2286716096331615,0.1896331682889993
wc2026_pair_France_South Africa,France,South Africa,2026-06-11,2.489367683257408,0.4387317664157376,0.822794539822765,0.1299633406162632,0.0472421195609718
wc2026_pair_France_South Korea,France,South Korea,2026-06-11,2.0786298834760144,0.7491898883474767,0.6826971758874375,0.193948926728283,0.1233538973842794
wc2026_pair_France_Spain,France,Spain,2026-06-11,1.207616941219698,1.3691260970269403,0.3299217287495369,0.2642663676634523,0.4058119035870108
wc2026_pair_France_Sweden,France,Sweden,2026-06-11,2.1802346691000594,0.8694745139054812,0.6730623465204868,0.1898483976351492,0.137089255844364
wc2026_pair_France_Switzerland,France,Switzerland,2026-06-11,1.8268920323245537,1.0673616986170291,0.5515009541651709,0.2287587297930851,0.219740316041744
wc2026_pair_France_Tunisia,France,Tunisia,2026-06-11,2.334781755967665,0.5706548905582355,0.7706741200946253,0.1558408952962111,0.0734849846091634
wc2026_pair_France_Turkey,France,Turkey,2026-06-11,1.7069307296863307,0.9882742963375896,0.5424655966874335,0.2395063310465355,0.2180280722660309
wc2026_pair_France_United States,United States,France,2026-06-11,0.8074577404606003,1.980618497342888,0.144372234963159,0.2070460360928497,0.6485817289439912
wc2026_pair_France_Uruguay,France,Uruguay,2026-06-11,1.7581361559923565,0.8833009210521663,0.5805789564548591,0.2330649536134621,0.1863560899316787
wc2026_pair_France_Uzbekistan,France,Uzbekistan,2026-06-11,2.1278955967547932,0.66016266835846,0.7140056409658141,0.1835321543101499,0.102462204724036
wc2026_pair_Germany_Ghana,Germany,Ghana,2026-06-11,2.604362587604172,0.5607619579328459,0.811367103164074,0.1303753843858005,0.0582575124501254
wc2026_pair_Germany_Haiti,Germany,Haiti,2026-06-11,2.356374882060018,0.7105169042711745,0.7415921765511778,0.1639161718619298,0.0944916515868924
wc2026_pair_Germany_Iran,Germany,Iran,2026-06-11,1.873431551490447,1.0354164371525196,0.5696523773948835,0.2241441279426151,0.2062034946625013
wc2026_pair_Germany_Iraq,Germany,Iraq,2026-06-11,2.259014059091727,0.7253129566784509,0.7216708994135479,0.1742411198889678,0.1040879806974842
wc2026_pair_Germany_Ivory Coast,Germany,Ivory Coast,2026-06-11,2.101885032164003,0.9098305761946202,0.6482001254226933,0.1990950202111661,0.1527048543661405
wc2026_pair_Germany_Japan,Germany,Japan,2026-06-11,1.6321160078376205,1.2251192389768293,0.468795217965113,0.2441376990001534,0.2870670830347335
wc2026_pair_Germany_Jordan,Germany,Jordan,2026-06-11,2.2228661303649897,0.8794484934807815,0.6787222047078848,0.1863136699249872,0.1349641253671279
wc2026_pair_Germany_Mexico,Mexico,Germany,2026-06-11,1.267040845310802,1.4182361263023735,0.3360392108041874,0.258137943205957,0.4058228459898555
wc2026_pair_Germany_Morocco,Germany,Morocco,2026-06-11,1.699930152760854,1.1881585248304742,0.4935658972386129,0.2394308210735508,0.2670032816878362
wc2026_pair_Germany_Netherlands,Germany,Netherlands,2026-06-11,1.6246987177483772,1.2885529144172585,0.4529221082145059,0.2432804777010638,0.3037974140844301
wc2026_pair_Germany_New Zealand,Germany,New Zealand,2026-06-11,2.4959378794861156,0.5552041849334979,0.7979575315839689,0.1393934315960115,0.0626490368200194
wc2026_pair_Germany_Norway,Germany,Norway,2026-06-11,1.722970990504878,1.223730660559813,0.490975774462129,0.2372313266365374,0.2717928989013335
wc2026_pair_Germany_Panama,Germany,Panama,2026-06-11,2.135775263331905,0.9720671234880088,0.6401590634582095,0.1983404620238729,0.1615004745179176
wc2026_pair_Germany_Paraguay,Germany,Paraguay,2026-06-11,1.8456073024264816,1.03051796064333,0.5645538610522306,0.2266467637705236,0.2087993751772457
wc2026_pair_Germany_Portugal,Germany,Portugal,2026-06-11,1.5187394316317473,1.3098681317770988,0.4221754858892487,0.2497888814204201,0.3280356326903311
wc2026_pair_Germany_Qatar,Germany,Qatar,2026-06-11,2.6631255824350597,0.45923830022424,0.8398402771016263,0.1168338343679994,0.0433258885303742
wc2026_pair_Germany_Saudi Arabia,Germany,Saudi Arabia,2026-06-11,2.3805682795173597,0.6888771118442413,0.7504978594500439,0.1601636927951343,0.0893384477548217
wc2026_pair_Germany_Scotland,Germany,Scotland,2026-06-11,1.941264586177452,1.013551291691796,0.5898595447794214,0.2174789988522546,0.192661456368324
wc2026_pair_Germany_Senegal,Germany,Senegal,2026-06-11,1.75943920291923,1.131669143842169,0.5207225406087848,0.2348875723384311,0.2443898870527841
wc2026_pair_Germany_South Africa,Germany,South Africa,2026-06-11,2.441288202598287,0.6458610824429083,0.7697509291119304,0.1514404573364007,0.0788086135516688
wc2026_pair_Germany_South Korea,Germany,South Korea,2026-06-11,2.0305504028168935,0.9563192043746476,0.6225519581885685,0.2075665812170437,0.1698814605943878
wc2026_pair_Germany_Spain,Germany,Spain,2026-06-11,1.159537460560577,1.576255413054111,0.2802781975268659,0.2498608107563829,0.4698609917167511
wc2026_pair_Germany_Sweden,Germany,Sweden,2026-06-11,2.1321551884409384,1.076603829932652,0.6150501393690828,0.2021058454111951,0.182844015219722
wc2026_pair_Germany_Switzerland,Germany,Switzerland,2026-06-11,1.7788125516654327,1.2744910146442,0.4927030088001734,0.2325192297207848,0.2747777614790417
wc2026_pair_Germany_Tunisia,Germany,Tunisia,2026-06-11,2.286702275308544,0.7777842065854064,0.714130743392795,0.174782099908869,0.1110871566983359
wc2026_pair_Germany_Turkey,Germany,Turkey,2026-06-11,1.6588512490272098,1.1954036123647602,0.4820142671820586,0.242592657554591,0.2753930752633503
wc2026_pair_Germany_United States,United States,Germany,2026-06-11,1.037975239253016,1.898615642337688,0.2034691788257678,0.221873379716997,0.5746574414572352
wc2026_pair_Germany_Uruguay,Germany,Uruguay,2026-06-11,1.7100566753332354,1.0904302370793368,0.5186908379225861,0.2392758315639729,0.242033330513441
wc2026_pair_Germany_Uzbekistan,Germany,Uzbekistan,2026-06-11,2.0798161160956723,0.8672919843856307,0.6540434014059192,0.1994715501669144,0.1464850484271663
wc2026_pair_Ghana_Haiti,Ghana,Haiti,2026-06-11,1.1911587552570655,1.4253658823131563,0.3150060082030818,0.2608042819275954,0.4241897098693228
wc2026_pair_Ghana_Iran,Ghana,Iran,2026-06-11,0.7082154246874944,1.7502654151945014,0.1467503739137198,0.2293922287656581,0.623857397320622
wc2026_pair_Ghana_Iraq,Ghana,Iraq,2026-06-11,1.0937979322887748,1.4401619347204329,0.2868265634653907,0.2630712378328743,0.4501021987017349
wc2026_pair_Ghana_Ivory Coast,Ghana,Ivory Coast,2026-06-11,0.9366689053610504,1.624679554236602,0.2171593585679231,0.2477016124016424,0.5351390290304344
wc2026_pair_Ghana_Japan,Ghana,Japan,2026-06-11,0.466899881034668,1.9399682170188113,0.0795049899185908,0.1921538582232695,0.7283411518581396
wc2026_pair_Ghana_Jordan,Ghana,Jordan,2026-06-11,1.057650003562037,1.5942974715227634,0.2518607636989021,0.2499883887583893,0.4981508475427084
wc2026_pair_Ghana_Mexico,Mexico,Ghana,2026-06-11,2.2239307342538317,0.5913221305615523,0.7477737043669901,0.1686559377483711,0.0835703578846387
wc2026_pair_Ghana_Morocco,Ghana,Morocco,2026-06-11,0.5347140259579011,1.903007502872456,0.095429749760154,0.2015949436672451,0.7029753065726009
wc2026_pair_Ghana_Netherlands,Ghana,Netherlands,2026-06-11,0.4594825909454247,2.00340189245924,0.0741684047505371,0.1836118969211834,0.7422196983282795
wc2026_pair_Ghana_New Zealand,Ghana,New Zealand,2026-06-11,1.3307217526831634,1.2700531629754797,0.3823478321566309,0.2637233821624489,0.3539287856809202
wc2026_pair_Ghana_Norway,Ghana,Norway,2026-06-11,0.5577548637019256,1.938579638601795,0.0973622794525555,0.1986449286782525,0.703992791869192
wc2026_pair_Ghana_Panama,Ghana,Panama,2026-06-11,0.9705591365289524,1.6869161015299907,0.2165954949331333,0.2414158384854931,0.5419886665813735
wc2026_pair_Ghana_Paraguay,Ghana,Paraguay,2026-06-11,0.6803911756235291,1.7453669386853117,0.1408884273331416,0.22900572163082,0.6301058510360382
wc2026_pair_Ghana_Portugal,Ghana,Portugal,2026-06-11,0.3535233048287949,2.024717109819081,0.0541875857294153,0.1719414778045815,0.7738709364660031
wc2026_pair_Ghana_Qatar,Ghana,Qatar,2026-06-11,1.497909455632107,1.1740872782662222,0.4467452776334091,0.2557806422740378,0.297474080092553
wc2026_pair_Ghana_Saudi Arabia,Ghana,Saudi Arabia,2026-06-11,1.215352152714407,1.4037260898862232,0.3253695169679038,0.2614092702556091,0.413221212776487
wc2026_pair_Ghana_Scotland,Ghana,Scotland,2026-06-11,0.7760484593744991,1.728400269733778,0.1649153167845079,0.2340545944799782,0.6010300887355139
wc2026_pair_Ghana_Senegal,Ghana,Senegal,2026-06-11,0.5942230761162776,1.8465181218841509,0.1122857347876281,0.2123027897780235,0.6754114754343483
wc2026_pair_Ghana_South Africa,Ghana,South Africa,2026-06-11,1.2760720757953343,1.36071006048489,0.3495562170898456,0.2614839695387161,0.3889598133714381
wc2026_pair_Ghana_South Korea,Ghana,South Korea,2026-06-11,0.8653342760139408,1.6711681824166291,0.1932916630086346,0.242255465487911,0.5644528715034544
wc2026_pair_Ghana_Spain,Ghana,Spain,2026-06-11,1e-06,2.291104391096093,1.011576324989515e-07,0.1011576978014086,0.8988422010409589
wc2026_pair_Ghana_Sweden,Ghana,Sweden,2026-06-11,0.9669390616379858,1.791452807974634,0.2014567862758629,0.2309770911702701,0.567566122553867
wc2026_pair_Ghana_Switzerland,Ghana,Switzerland,2026-06-11,0.6135964248624801,1.9893399926861817,0.1044439487534352,0.1960805606569015,0.6994754905896632
wc2026_pair_Ghana_Tunisia,Ghana,Tunisia,2026-06-11,1.1214861485055918,1.492633184627388,0.2848906401243707,0.2577334684240478,0.4573758914515814
wc2026_pair_Ghana_Turkey,Ghana,Turkey,2026-06-11,0.4936351222242574,1.910252590406742,0.0867015793438827,0.1979008536556629,0.7153975670004543
wc2026_pair_Ghana_United States,United States,Ghana,2026-06-11,1.9948651281960457,1.0717016465968667,0.5876434931706508,0.2138797400373447,0.1984767667920045
wc2026_pair_Ghana_Uruguay,Ghana,Uruguay,2026-06-11,0.544840548530283,1.8052792151213188,0.1052013800516808,0.2148964619519367,0.6799021579963824
wc2026_pair_Ghana_Uzbekistan,Ghana,Uzbekistan,2026-06-11,0.9145999892927196,1.5821409624276126,0.2177658301865654,0.2522252469615209,0.5300089228519137
wc2026_pair_Haiti_Iran,Haiti,Iran,2026-06-11,0.908363390691302,1.5397215690110635,0.2223824793011078,0.2568434037489788,0.5207741169499134
wc2026_pair_Haiti_Iraq,Haiti,Iraq,2026-06-11,1.2939458982925824,1.229618088536995,0.3810681362274317,0.2683943086086431,0.3505375551639252
wc2026_pair_Haiti_Ivory Coast,Haiti,Ivory Coast,2026-06-11,1.136816871364858,1.4141357080531645,0.3028126257420556,0.2637821767769324,0.433405197481012
wc2026_pair_Haiti_Japan,Haiti,Japan,2026-06-11,0.6670478470384759,1.7294243708353734,0.1394715640574281,0.2305263958537856,0.6300020400887861
wc2026_pair_Haiti_Jordan,Haiti,Jordan,2026-06-11,1.257797969565845,1.3837536253393257,0.3402773742549878,0.2608738984307094,0.3988487273143028
wc2026_pair_Haiti_Mexico,Mexico,Haiti,2026-06-11,1.9759430287096784,0.7410770768998809,0.664268875789292,0.2045635130012825,0.1311676112094255
wc2026_pair_Haiti_Morocco,Haiti,Morocco,2026-06-11,0.734861991961709,1.6924636566890183,0.1593620510805189,0.2372992427586138,0.6033387061608672
wc2026_pair_Haiti_Netherlands,Haiti,Netherlands,2026-06-11,0.6596305569492323,1.7928580462758026,0.1314238563287962,0.2222380401308674,0.6463381035403363
wc2026_pair_Haiti_New Zealand,Haiti,New Zealand,2026-06-11,1.530869718686971,1.059509316792042,0.4816690349131118,0.2557987417438181,0.26253222334307
wc2026_pair_Haiti_Norway,Haiti,Norway,2026-06-11,0.7579028297057333,1.7280357924183574,0.1607142865740609,0.2336166143863832,0.6056690990395558
wc2026_pair_Haiti_Panama,Haiti,Panama,2026-06-11,1.1707071025327602,1.476372255346553,0.3004325533443817,0.2575886886096754,0.4419787580459429
wc2026_pair_Haiti_Paraguay,Haiti,Paraguay,2026-06-11,0.8805391416273369,1.534823092501874,0.2159442311113576,0.2575328235803403,0.5265229453083021
wc2026_pair_Haiti_Portugal,Haiti,Portugal,2026-06-11,0.5536712708326026,1.814173263635643,0.1063635798884581,0.2142224226252943,0.6794139974862474
wc2026_pair_Haiti_Qatar,Haiti,Qatar,2026-06-11,1.6980574216359148,0.9635434320827844,0.5463958465050326,0.2402625863289018,0.2133415671660655
wc2026_pair_Haiti_Saudi Arabia,Haiti,Saudi Arabia,2026-06-11,1.415500118718215,1.1931822437027857,0.4211659910711226,0.2614687213663333,0.317365287562544
wc2026_pair_Haiti_Scotland,Haiti,Scotland,2026-06-11,0.9761964253783068,1.5178564235503402,0.2431975538768997,0.2584467467967793,0.4983556993263209
wc2026_pair_Haiti_Senegal,Haiti,Senegal,2026-06-11,0.7943710421200854,1.6359742757007134,0.1805288800075831,0.2453603007727458,0.574110819219671
wc2026_pair_Haiti_South Africa,Haiti,South Africa,2026-06-11,1.4762200417991425,1.1501662143014526,0.4465839302004749,0.2582544393250608,0.2951616304744642
wc2026_pair_Haiti_South Korea,Haiti,South Korea,2026-06-11,1.0654822420177483,1.4606243362331917,0.2758431336276787,0.2620858672932603,0.4620709990790609
wc2026_pair_Haiti_Spain,Haiti,Spain,2026-06-11,0.1944692997614325,2.080560544912655,0.0266824255245979,0.1487874979076391,0.8245300765677629
wc2026_pair_Haiti_Sweden,Haiti,Sweden,2026-06-11,1.1670870276417935,1.580908961791196,0.2813787563612325,0.2493241838037485,0.4692970598350188
wc2026_pair_Haiti_Switzerland,Haiti,Switzerland,2026-06-11,0.813744390866288,1.778796146502744,0.1677607238367021,0.2292499314197952,0.6029893447435026
wc2026_pair_Haiti_Tunisia,Haiti,Tunisia,2026-06-11,1.3216341145093995,1.2820893384439505,0.3774421215332322,0.2636322569621159,0.3589256215046519
wc2026_pair_Haiti_Turkey,Haiti,Turkey,2026-06-11,0.6937830882280651,1.6997087442233043,0.1488471825092317,0.2352107731046816,0.6159420443860866
wc2026_pair_Haiti_United States,United States,Haiti,2026-06-11,1.746877422651892,1.2214565929351953,0.4971395779458731,0.2354148112104847,0.2674456108436422
wc2026_pair_Haiti_Uruguay,Haiti,Uruguay,2026-06-11,0.7449885145340907,1.5947353689378811,0.173464423903963,0.2496676707715744,0.5768679053244625
wc2026_pair_Haiti_Uzbekistan,Haiti,Uzbekistan,2026-06-11,1.1147479552965276,1.371597116244175,0.3047289378279531,0.268182233744782,0.4270888284272649
wc2026_pair_Iran_Iraq,Iran,Iraq,2026-06-11,1.71808184874088,0.8376721135864129,0.5827312567292324,0.2366049652959618,0.1806637779748058
wc2026_pair_Iran_Ivory Coast,Iran,Ivory Coast,2026-06-11,1.5609528218131554,1.0221897331025822,0.4982398178185576,0.2535686347913696,0.2481915473900727
wc2026_pair_Iran_Japan,Iran,Japan,2026-06-11,1.0911837974867733,1.3374783958847911,0.3046743868288109,0.2721005408217593,0.4232250723494297
wc2026_pair_Iran_Jordan,Iran,Jordan,2026-06-11,1.681933920014142,0.9918076503887436,0.5355861251598056,0.2419726545412159,0.2224412202989783
wc2026_pair_Iran_Mexico,Mexico,Iran,2026-06-11,1.4929996981401066,1.0659766097812258,0.4703919971321189,0.259126153790387,0.270481849077494
wc2026_pair_Iran_Morocco,Iran,Morocco,2026-06-11,1.1589979424100063,1.300517681738436,0.3301599000964453,0.2718091386272827,0.3980309612762719
wc2026_pair_Iran_Netherlands,Iran,Netherlands,2026-06-11,1.08376650739753,1.4009120713252203,0.2911209893418266,0.2668581545795074,0.442020856078666
wc2026_pair_Iran_New Zealand,Iran,New Zealand,2026-06-11,1.9550056691352684,0.6675633418414598,0.6787320183855416,0.2031783748266412,0.1180896067878171
wc2026_pair_Iran_Norway,Iran,Norway,2026-06-11,1.1820387801540309,1.336089817467775,0.3294735116022773,0.2679326050582216,0.4025938833395011
wc2026_pair_Iran_Panama,Iran,Panama,2026-06-11,1.5948430529810576,1.084426280395971,0.4919473565258271,0.2495901099286107,0.2584625335455621
wc2026_pair_Iran_Paraguay,Iran,Paraguay,2026-06-11,1.3046750920756345,1.142877117551292,0.4027050855978369,0.272328346433307,0.3249665679688559
wc2026_pair_Iran_Portugal,Iran,Portugal,2026-06-11,0.9778072212809,1.4222272886850609,0.2590855037322873,0.2681283559755759,0.4727861402921368
wc2026_pair_Iran_Qatar,Iran,Qatar,2026-06-11,2.122193372084212,0.5715974571322021,0.7349946672320156,0.1781539600316595,0.0868513727363248
wc2026_pair_Iran_Saudi Arabia,Iran,Saudi Arabia,2026-06-11,1.8396360691665123,0.8012362687522034,0.6199111900313522,0.2220827050295417,0.158006104939106
wc2026_pair_Iran_Scotland,Iran,Scotland,2026-06-11,1.4003323758266042,1.1259104485997582,0.4322233494549711,0.2653362543015984,0.3024403962434304
wc2026_pair_Iran_Senegal,Iran,Senegal,2026-06-11,1.218506992568383,1.2440283007501312,0.3576641066126528,0.2724281559890861,0.3699077373982611
wc2026_pair_Iran_South Africa,Iran,South Africa,2026-06-11,1.90035599224744,0.7582202393508704,0.6441102443972813,0.213714276722818,0.1421754788799007
wc2026_pair_Iran_South Korea,Iran,South Korea,2026-06-11,1.489618192466046,1.0686783612826094,0.4688799144920305,0.2593686097520116,0.2717514757559578
wc2026_pair_Iran_Spain,Iran,Spain,2026-06-11,0.6186052502097297,1.688614569962073,0.1323639953069797,0.2340325190888515,0.6336034856041688
wc2026_pair_Iran_Sweden,Iran,Sweden,2026-06-11,1.591222978090091,1.188962986840614,0.4668864937420147,0.2480369193159627,0.2850765869420226
wc2026_pair_Iran_Switzerland,Iran,Switzerland,2026-06-11,1.2378803413145856,1.3868501715521615,0.3344765199260653,0.2615984083495632,0.4039250717243715
wc2026_pair_Iran_Tunisia,Iran,Tunisia,2026-06-11,1.7457700649576968,0.8901433634933684,0.5759696834379189,0.2345027975708707,0.1895275189912103
wc2026_pair_Iran_Turkey,Iran,Turkey,2026-06-11,1.1179190386763624,1.3077627692727225,0.3175635629317939,0.2733461597286434,0.4090902773395626
wc2026_pair_Iran_United States,United States,Iran,2026-06-11,1.2639340920823208,1.54635612581654,0.3115472048278863,0.2494368553656698,0.4390159398064439
wc2026_pair_Iran_Uruguay,Iran,Uruguay,2026-06-11,1.1691244649823882,1.202789393987299,0.3525406049807502,0.2785059436163038,0.368953451402946
wc2026_pair_Iran_Uzbekistan,Iran,Uzbekistan,2026-06-11,1.538883905744825,0.9796511412935928,0.5029237631996113,0.256274632989527,0.2408016038108617
wc2026_pair_Iraq_Ivory Coast,Iraq,Ivory Coast,2026-06-11,1.152591229435529,1.315218226741558,0.3255687768541803,0.2710037935989725,0.4034274295468472
wc2026_pair_Iraq_Japan,Iraq,Japan,2026-06-11,0.6828222051091467,1.630506889523767,0.1538898322696446,0.2438023373213751,0.6023078304089803
wc2026_pair_Iraq_Jordan,Iraq,Jordan,2026-06-11,1.2735723276365158,1.2848361440277194,0.3641381269266679,0.2664086929913396,0.3694531800819923
wc2026_pair_Iraq_Mexico,Mexico,Iraq,2026-06-11,1.878582205741387,0.7558731293071572,0.6400312550364569,0.2160683810211494,0.1439003639423939
wc2026_pair_Iraq_Morocco,Iraq,Morocco,2026-06-11,0.7506363500323798,1.593546175377412,0.1750228170097745,0.2499011744394283,0.5750760085507971
wc2026_pair_Iraq_Netherlands,Iraq,Netherlands,2026-06-11,0.6754049150199034,1.6939405649641963,0.1451452331155518,0.2353564874432555,0.6194982794411927
wc2026_pair_Iraq_New Zealand,Iraq,New Zealand,2026-06-11,1.546644076757642,0.9605918354804356,0.5095806645736184,0.2556924463903076,0.2347268890360739
wc2026_pair_Iraq_Norway,Iraq,Norway,2026-06-11,0.7736771877764042,1.629118311106751,0.1763056538470731,0.2458654511426146,0.5778288950103123
wc2026_pair_Iraq_Panama,Iraq,Panama,2026-06-11,1.186481460603431,1.3774547740349468,0.3227453963744125,0.264619651644033,0.4126349519815545
wc2026_pair_Iraq_Paraguay,Iraq,Paraguay,2026-06-11,0.8963134996980079,1.4359056111902675,0.2350067585990794,0.2684618040682091,0.4965314373327114
wc2026_pair_Iraq_Portugal,Iraq,Portugal,2026-06-11,0.5694456289032735,1.7152557823240366,0.1184513376638372,0.2283255247177271,0.6532231376184356
wc2026_pair_Iraq_Qatar,Iraq,Qatar,2026-06-11,1.7138317797065856,0.864625950771178,0.5748671830807782,0.2375425497142551,0.1875902672049665
wc2026_pair_Iraq_Saudi Arabia,Iraq,Saudi Arabia,2026-06-11,1.431274476788886,1.0942647623911792,0.4476529112738795,0.2638325101308519,0.2885145785952684
wc2026_pair_Iraq_Scotland,Iraq,Scotland,2026-06-11,0.9919707834489778,1.4189389422387342,0.2634330886214324,0.2680808431159295,0.468486068262638
wc2026_pair_Iraq_Senegal,Iraq,Senegal,2026-06-11,0.8101454001907563,1.5370567943891071,0.1975039766531086,0.2573500186926789,0.5451460046542125
wc2026_pair_Iraq_South Africa,Iraq,South Africa,2026-06-11,1.4919943998698133,1.0512487329898463,0.473607619332908,0.2595618262375173,0.2668305544295746
wc2026_pair_Iraq_South Korea,Iraq,South Korea,2026-06-11,1.0812566000884194,1.3617068549215854,0.2975228567905649,0.2704100646835182,0.4320670785259169
wc2026_pair_Iraq_Spain,Iraq,Spain,2026-06-11,0.2102436578321034,1.981643063601049,0.0317619431708524,0.1633245649556415,0.804913491873506
wc2026_pair_Iraq_Sweden,Iraq,Sweden,2026-06-11,1.1828613857124646,1.4819914804795895,0.3025538338488768,0.2567532131717406,0.4406929529793825
wc2026_pair_Iraq_Switzerland,Iraq,Switzerland,2026-06-11,0.8295187489369588,1.6798786651911377,0.183516336013874,0.2407835198192242,0.5757001441669016
wc2026_pair_Iraq_Tunisia,Iraq,Tunisia,2026-06-11,1.3374084725800703,1.1831718571323442,0.402699735607669,0.2677779252660149,0.329522339126316
wc2026_pair_Iraq_Turkey,Iraq,Turkey,2026-06-11,0.709557446298736,1.600791262911698,0.1639082771626887,0.2482778175993371,0.5878139052379742
wc2026_pair_Iraq_United States,United States,Iraq,2026-06-11,1.649516599683601,1.2362526453424716,0.4705346080472797,0.242613944385051,0.2868514475676693
wc2026_pair_Iraq_Uruguay,Iraq,Uruguay,2026-06-11,0.7607628726047616,1.4958178876262749,0.1902676301185843,0.2623650772424286,0.5473672926389871
wc2026_pair_Iraq_Uzbekistan,Iraq,Uzbekistan,2026-06-11,1.1305223133671984,1.2726796349325686,0.3278057738838153,0.2755290267584502,0.3966651993577345
wc2026_pair_Ivory Coast_Japan,Ivory Coast,Japan,2026-06-11,0.971160338376464,1.5279375915746778,0.2403226166769977,0.2574898558988961,0.5021875274241061
wc2026_pair_Ivory Coast_Jordan,Ivory Coast,Jordan,2026-06-11,1.561910460903833,1.18226684607863,0.4610971106277257,0.2505008584477898,0.2884020309244845
wc2026_pair_Ivory Coast_Mexico,Mexico,Ivory Coast,2026-06-11,1.7214531788136629,0.9403907488233264,0.5577008876020482,0.2377056436516964,0.2045934687462554
wc2026_pair_Ivory Coast_Morocco,Ivory Coast,Morocco,2026-06-11,1.0389744832996974,1.4909768774283227,0.2638115208020017,0.2599327585172258,0.4762557206807725
wc2026_pair_Ivory Coast_Netherlands,Ivory Coast,Netherlands,2026-06-11,0.9637430482872208,1.591371267015107,0.2287779137075627,0.2510835651919214,0.5201385211005157
wc2026_pair_Ivory Coast_New Zealand,Ivory Coast,New Zealand,2026-06-11,1.834982210024959,0.8580225375313465,0.6045057039862733,0.2242812944236553,0.1712130015900713
wc2026_pair_Ivory Coast_Norway,Ivory Coast,Norway,2026-06-11,1.0620153210437215,1.5265490131576618,0.2638830774435276,0.2561468127954374,0.4799701097610349
wc2026_pair_Ivory Coast_Panama,Ivory Coast,Panama,2026-06-11,1.4748195938707485,1.2748854760858577,0.4186273305580301,0.254002767198013,0.3273699022439569
wc2026_pair_Ivory Coast_Paraguay,Ivory Coast,Paraguay,2026-06-11,1.1846516329653252,1.3333363132411786,0.330706180433021,0.2680077299577144,0.4012860896092646
wc2026_pair_Ivory Coast_Portugal,Ivory Coast,Portugal,2026-06-11,0.8577837621705908,1.612686484374947,0.1992494516845745,0.2487316900399695,0.5520188582754558
wc2026_pair_Ivory Coast_Qatar,Ivory Coast,Qatar,2026-06-11,2.002169912973903,0.7620566528220888,0.6643347649004503,0.2027166973711627,0.1329485377283868
wc2026_pair_Ivory Coast_Saudi Arabia,Ivory Coast,Saudi Arabia,2026-06-11,1.7196126100562033,0.99169546444209,0.5446608998576831,0.2382806275712598,0.217058472571057
wc2026_pair_Ivory Coast_Scotland,Ivory Coast,Scotland,2026-06-11,1.280308916716295,1.3163696442896449,0.3595174139356692,0.2640598659033341,0.3764227201609966
wc2026_pair_Ivory Coast_Senegal,Ivory Coast,Senegal,2026-06-11,1.0984835334580736,1.4344874964400178,0.2890594008713853,0.2634142448555073,0.4475263542731074
wc2026_pair_Ivory Coast_South Africa,Ivory Coast,South Africa,2026-06-11,1.7803325331371307,0.948679435040757,0.5694760751189336,0.2318282068157527,0.1986957180653137
wc2026_pair_Ivory Coast_South Korea,Ivory Coast,South Korea,2026-06-11,1.3695947333557368,1.259137556972496,0.3948637212638594,0.2617542836253765,0.343381995110764
wc2026_pair_Ivory Coast_Spain,Ivory Coast,Spain,2026-06-11,0.4985817910994206,1.8790737656519596,0.0898860582563932,0.2022844427535867,0.7078294989900201
wc2026_pair_Ivory Coast_Sweden,Ivory Coast,Sweden,2026-06-11,1.471199518979782,1.3794221825305006,0.3956828312818906,0.2499158312981306,0.3544013374199787
wc2026_pair_Ivory Coast_Switzerland,Ivory Coast,Switzerland,2026-06-11,1.1178568822042765,1.5773093672420484,0.2696727074162498,0.2505894971783324,0.4797377954054178
wc2026_pair_Ivory Coast_Tunisia,Ivory Coast,Tunisia,2026-06-11,1.6257466058473875,1.080602559183255,0.5005208200889044,0.2468684051709796,0.2526107747401159
wc2026_pair_Ivory Coast_Turkey,Ivory Coast,Turkey,2026-06-11,0.9978955795660532,1.4982219649626087,0.2519464537120386,0.2600615905812528,0.4879919557067086
wc2026_pair_Ivory Coast_United States,United States,Ivory Coast,2026-06-11,1.4923875727558766,1.4207702648586409,0.3924845551346758,0.2469393069669507,0.3605761378983735
wc2026_pair_Ivory Coast_Uruguay,Ivory Coast,Uruguay,2026-06-11,1.049101005872079,1.3932485896771856,0.2831969450735349,0.2687750447653837,0.4480280101610813
wc2026_pair_Ivory Coast_Uzbekistan,Ivory Coast,Uzbekistan,2026-06-11,1.4188604466345156,1.170110336983479,0.4271674197004356,0.262129548464551,0.3107030318350132
wc2026_pair_Japan_Jordan,Japan,Jordan,2026-06-11,1.9617641389697067,0.8029486155957698,0.6457866446363272,0.208856581128188,0.1453567742354847
wc2026_pair_Japan_Mexico,Mexico,Japan,2026-06-11,1.2516841544872803,1.2556794116055354,0.3642592190792474,0.2695797286821682,0.3661610522385844
wc2026_pair_Japan_Morocco,Japan,Morocco,2026-06-11,1.438828161365571,1.1116586469454623,0.445636942677458,0.2626065857528202,0.2917564715697217
wc2026_pair_Japan_Netherlands,Japan,Netherlands,2026-06-11,1.363596726353094,1.2120530365322466,0.4033873361979243,0.2644555792848398,0.3321570845172359
wc2026_pair_Japan_New Zealand,Japan,New Zealand,2026-06-11,2.234835888090833,0.4787043070484861,0.7768846977452294,0.1586200220660907,0.0644952801886799
wc2026_pair_Japan_Norway,Japan,Norway,2026-06-11,1.461868999109595,1.1472307826748014,0.4435349338689071,0.2595164296200855,0.2969486365110074
wc2026_pair_Japan_Panama,Japan,Panama,2026-06-11,1.874673271936622,0.8955672456029972,0.6039759868068666,0.2211312780283522,0.174892735164781
wc2026_pair_Japan_Paraguay,Japan,Paraguay,2026-06-11,1.5845053110311986,0.9540180827583182,0.5208083126717105,0.2518376217319815,0.2273540655963081
wc2026_pair_Japan_Portugal,Japan,Portugal,2026-06-11,1.2576374402364645,1.2333682538920872,0.3704952869438673,0.2705946396278629,0.3589100734282698
wc2026_pair_Japan_Qatar,Japan,Qatar,2026-06-11,2.4020235910397765,0.3827384223392283,0.8238619521573676,0.1329720791866167,0.0431659686560157
wc2026_pair_Japan_Saudi Arabia,Japan,Saudi Arabia,2026-06-11,2.1194662881220765,0.6123772339592296,0.7243261133672467,0.1813026786671505,0.0943712079656027
wc2026_pair_Japan_Scotland,Japan,Scotland,2026-06-11,1.6801625947821686,0.9370514138067846,0.5486267569745185,0.2419315076313009,0.2094417353941806
wc2026_pair_Japan_Senegal,Japan,Senegal,2026-06-11,1.498337211523947,1.0551692659571574,0.4743242030090216,0.258886071874743,0.2667897251162354
wc2026_pair_Japan_South Africa,Japan,South Africa,2026-06-11,2.180186211203004,0.5693612045578965,0.7456906728478198,0.1716626926852588,0.0826466344669213
wc2026_pair_Japan_South Korea,Japan,South Korea,2026-06-11,1.7694484114216102,0.8798193264896357,0.58408305426242,0.2317908179986806,0.1841261277388993
wc2026_pair_Japan_Spain,Japan,Spain,2026-06-11,0.8984354691652942,1.4997555351690992,0.2257723970757878,0.2613160973918752,0.5129115055323369
wc2026_pair_Japan_Sweden,Japan,Sweden,2026-06-11,1.8710531970456552,1.0001039520476402,0.577601006096322,0.2237941560768167,0.1986048378268612
wc2026_pair_Japan_Switzerland,Japan,Switzerland,2026-06-11,1.5177105602701495,1.197991136759188,0.4464155381458961,0.2535236142784647,0.3000608475756392
wc2026_pair_Japan_Tunisia,Japan,Tunisia,2026-06-11,2.025600283913261,0.7012843287003947,0.6842768803122932,0.1970620145443873,0.1186611051433195
wc2026_pair_Japan_Turkey,Japan,Turkey,2026-06-11,1.3977492576319268,1.1189037344797486,0.4331280402207978,0.2658219204577097,0.3010500393214924
wc2026_pair_Japan_United States,United States,Japan,2026-06-11,1.0226185484294943,1.7360589276408498,0.2220803370307714,0.2368497138728009,0.5410699490964277
wc2026_pair_Japan_Uruguay,Japan,Uruguay,2026-06-11,1.4489546839379523,1.0139303591943252,0.4712107271276353,0.2645451769495879,0.2642440959227768
wc2026_pair_Japan_Uzbekistan,Japan,Uzbekistan,2026-06-11,1.8187141247003893,0.7907921065006192,0.6179113984554944,0.224087180971383,0.1580014205731226
wc2026_pair_Jordan_Mexico,Mexico,Jordan,2026-06-11,1.8424342770146491,0.9100086661094878,0.5932097007364863,0.2247973242892843,0.1819929749742295
wc2026_pair_Jordan_Morocco,Jordan,Morocco,2026-06-11,0.9984703253612972,1.6117161224357406,0.2344107087151969,0.2488582064412982,0.5167310848435048
wc2026_pair_Jordan_Netherlands,Jordan,Netherlands,2026-06-11,0.9232388903488208,1.7121105120225248,0.201768494766326,0.2384968509304797,0.5597346543031942
wc2026_pair_Jordan_New Zealand,Jordan,New Zealand,2026-06-11,1.7944780520865593,0.9787617825387642,0.5653755657701616,0.2308387954151332,0.2037856388147052
wc2026_pair_Jordan_Norway,Jordan,Norway,2026-06-11,1.0215111631053215,1.6472882581650796,0.2347621520382194,0.2452999112279383,0.5199379367338423
wc2026_pair_Jordan_Panama,Jordan,Panama,2026-06-11,1.4343154359323484,1.3956247210932753,0.3831280270852593,0.2512082300417032,0.3656637428730375
wc2026_pair_Jordan_Paraguay,Jordan,Paraguay,2026-06-11,1.1441474750269252,1.4540755582485962,0.2975368492739682,0.2602540258550914,0.4422091248709403
wc2026_pair_Jordan_Portugal,Jordan,Portugal,2026-06-11,0.8172796042321908,1.7334257293823652,0.1739774200340366,0.2344576635531493,0.5915649164128141
wc2026_pair_Jordan_Qatar,Jordan,Qatar,2026-06-11,1.961665755035503,0.8827958978295064,0.625962270603611,0.2118697186550093,0.1621680107413796
wc2026_pair_Jordan_Saudi Arabia,Jordan,Saudi Arabia,2026-06-11,1.6791084521178032,1.1124347094495075,0.506070358207436,0.2418715943898214,0.2520580474027427
wc2026_pair_Jordan_Scotland,Jordan,Scotland,2026-06-11,1.239804758777895,1.4371088892970625,0.3254375628945894,0.2579964199859301,0.4165660171194805
wc2026_pair_Jordan_Senegal,Jordan,Senegal,2026-06-11,1.0579793755196736,1.5552267414474357,0.2581807547628522,0.2535840418564068,0.4882352033807411
wc2026_pair_Jordan_South Africa,Jordan,South Africa,2026-06-11,1.739828375198731,1.0694186800481746,0.5307537053183757,0.2366292991498315,0.2326169955317927
wc2026_pair_Jordan_South Korea,Jordan,South Korea,2026-06-11,1.3290905754173368,1.3798768019799137,0.3595213117466631,0.2575877495439165,0.3828909387094205
wc2026_pair_Jordan_Spain,Jordan,Spain,2026-06-11,0.4580776331610208,1.9998130106593777,0.0741260466179021,0.1839451094052663,0.7419288439768315
wc2026_pair_Jordan_Sweden,Jordan,Sweden,2026-06-11,1.430695361041382,1.5001614275379185,0.3615188542826167,0.2460953943264549,0.3923857513909284
wc2026_pair_Jordan_Switzerland,Jordan,Switzerland,2026-06-11,1.0773527242658762,1.6980486122494662,0.2407039851416672,0.2403909610173517,0.518905053840981
wc2026_pair_Jordan_Tunisia,Jordan,Tunisia,2026-06-11,1.5852424479089875,1.2013418041906727,0.4626046916793427,0.2482299450308319,0.2891653632898253
wc2026_pair_Jordan_Turkey,Jordan,Turkey,2026-06-11,0.9573914216276532,1.6189612099700263,0.2231249443595321,0.248283213823747,0.5285918418167209
wc2026_pair_Jordan_United States,United States,Jordan,2026-06-11,1.613368670956863,1.390388182144802,0.4283124102327903,0.2412028287968803,0.3304847609703292
wc2026_pair_Jordan_Uruguay,Jordan,Uruguay,2026-06-11,1.0085968479336789,1.5139878346846034,0.25218411127017,0.2583217591509389,0.4894941295788911
wc2026_pair_Jordan_Uzbekistan,Jordan,Uzbekistan,2026-06-11,1.3783562886961158,1.290849581990897,0.3904531401294591,0.2596144015531768,0.3499324583173641
wc2026_pair_Mexico_Morocco,Mexico,Morocco,2026-06-11,1.3194982994105136,1.2187186974591804,0.3902284760635809,0.2672414517651175,0.3425300721713015
wc2026_pair_Mexico_Netherlands,Mexico,Netherlands,2026-06-11,1.244266864398037,1.3191130870459646,0.3494167709638906,0.2658869353670032,0.3846962936691062
wc2026_pair_Mexico_New Zealand,Mexico,New Zealand,2026-06-11,2.1155060261357757,0.5857643575622041,0.7302544413916451,0.1799011492527073,0.0898444093556475
wc2026_pair_Mexico_Norway,Mexico,Norway,2026-06-11,1.3425391371545377,1.2542908331885194,0.388781561587859,0.263795288869156,0.347423149542985
wc2026_pair_Mexico_Panama,Mexico,Panama,2026-06-11,1.7553434099815646,1.0026272961167153,0.5504555797995917,0.234886106427199,0.2146583137732092
wc2026_pair_Mexico_Paraguay,Mexico,Paraguay,2026-06-11,1.4651754490761413,1.0610781332720365,0.4642974155024225,0.261789915387175,0.2739126691104024
wc2026_pair_Mexico_Portugal,Mexico,Portugal,2026-06-11,1.138307578281407,1.3404283044058052,0.3168874587253326,0.2697038473592109,0.4134086939154565
wc2026_pair_Mexico_Qatar,Mexico,Qatar,2026-06-11,2.2826937290847193,0.4897984728529464,0.7817045650388436,0.1545339128241964,0.06376152213696
wc2026_pair_Mexico_Saudi Arabia,Mexico,Saudi Arabia,2026-06-11,2.0001364261670194,0.7194372844729475,0.6746355433301667,0.2008267232332793,0.1245377334365539
wc2026_pair_Mexico_Scotland,Mexico,Scotland,2026-06-11,1.5608327328271114,1.0441114643205025,0.4929564122005859,0.2532774574936893,0.2537661303057248
wc2026_pair_Mexico_Senegal,Mexico,Senegal,2026-06-11,1.37900734956889,1.1622293164708757,0.4184077965136001,0.2655684228399625,0.3160237806464374
wc2026_pair_Mexico_South Africa,Mexico,South Africa,2026-06-11,2.060856349247947,0.6764212550716145,0.6973786541416848,0.1917811506115813,0.1108401952467338
wc2026_pair_Mexico_South Korea,Mexico,South Korea,2026-06-11,1.650118549466553,0.9868793770033538,0.529040655499699,0.2451079162289758,0.2258514282713251
wc2026_pair_Mexico_Spain,Mexico,Spain,2026-06-11,0.7791056072102368,1.6068155856828177,0.180450737190391,0.2486565826549856,0.5708926801546235
wc2026_pair_Mexico_Sweden,Mexico,Sweden,2026-06-11,1.751723335090598,1.1071640025613585,0.5246420138167226,0.2355813051350533,0.2397766810482239
wc2026_pair_Mexico_Switzerland,Mexico,Switzerland,2026-06-11,1.3983806983150924,1.305051187272906,0.3926550867140393,0.2576637414579797,0.3496811718279808
wc2026_pair_Mexico_Tunisia,Mexico,Tunisia,2026-06-11,1.906270421958204,0.8083443792141126,0.6326715376610754,0.2150240524220983,0.1523044099168262
wc2026_pair_Mexico_Turkey,Mexico,Turkey,2026-06-11,1.2784193956768697,1.2259637849934664,0.3776623216605225,0.2696553276769533,0.3526823506625242
wc2026_pair_Mexico_United States,Mexico,United States,2026-06-11,1.7720473745913383,1.004214467122257,0.5539808004621072,0.2332939339477853,0.2127252655901075
wc2026_pair_Mexico_Uruguay,Mexico,Uruguay,2026-06-11,1.329624821982895,1.1209904097080432,0.4143573895133453,0.2713965533980979,0.3142460570885569
wc2026_pair_Mexico_Uzbekistan,Mexico,Uzbekistan,2026-06-11,1.699384262745332,0.897852157014337,0.5630396653887231,0.2395616599148852,0.1973986746963917
wc2026_pair_Morocco_Netherlands,Morocco,Netherlands,2026-06-11,1.2987947176624004,1.2720477688468734,0.3734817980727485,0.2656305314726228,0.3608876704546286
wc2026_pair_Morocco_New Zealand,Morocco,New Zealand,2026-06-11,2.170033879400139,0.538699039363113,0.7515139820453244,0.1704469800007717,0.0780390379539038
wc2026_pair_Morocco_Norway,Morocco,Norway,2026-06-11,1.3970669904189013,1.2072255149894282,0.4132529049495841,0.2622471459069033,0.3244999491435125
wc2026_pair_Morocco_Panama,Morocco,Panama,2026-06-11,1.809871263245928,0.955561977917624,0.5745899911605166,0.2289792564784599,0.1964307523610235
wc2026_pair_Morocco_Paraguay,Morocco,Paraguay,2026-06-11,1.5197033023405049,1.014012815072945,0.4896638758038263,0.257672752929734,0.2526633712664397
wc2026_pair_Morocco_Portugal,Morocco,Portugal,2026-06-11,1.1928354315457703,1.293362986206714,0.3407426189343469,0.2705064258712309,0.3887509551944221
wc2026_pair_Morocco_Qatar,Morocco,Qatar,2026-06-11,2.3372215823490827,0.4427331546538554,0.8009989190352941,0.144890162506515,0.0541109184581908
wc2026_pair_Morocco_Saudi Arabia,Morocco,Saudi Arabia,2026-06-11,2.0546642794313827,0.6723719662738563,0.6972062239670006,0.1922217196608359,0.1105720563721635
wc2026_pair_Morocco_Scotland,Morocco,Scotland,2026-06-11,1.6153605860914748,0.9970461461214112,0.517983753013462,0.248507785834747,0.2335084611517909
wc2026_pair_Morocco_Senegal,Morocco,Senegal,2026-06-11,1.433535202833253,1.1151639982717845,0.4434425373351871,0.2629392191712812,0.2936182434935316
wc2026_pair_Morocco_South Africa,Morocco,South Africa,2026-06-11,2.11538420251231,0.6293559368725234,0.7193548564810632,0.1828841434345358,0.0977610000844009
wc2026_pair_Morocco_South Korea,Morocco,South Korea,2026-06-11,1.7046464027309165,0.9398140588042624,0.55383428769929,0.2394255047151979,0.2067402075855119
wc2026_pair_Morocco_Spain,Morocco,Spain,2026-06-11,0.8336334604746002,1.5597502674837262,0.2004035507980229,0.254712543892015,0.5448839053099621
wc2026_pair_Morocco_Sweden,Morocco,Sweden,2026-06-11,1.8062511883549617,1.060098684362267,0.5484878143553503,0.2305658587801878,0.2209463268644617
wc2026_pair_Morocco_Switzerland,Morocco,Switzerland,2026-06-11,1.452908551579456,1.2579858690738148,0.4166867983181763,0.256161615089499,0.3271515865923246
wc2026_pair_Morocco_Tunisia,Morocco,Tunisia,2026-06-11,1.9607982752225672,0.7612790610150215,0.6560522323147406,0.2071624680721562,0.1367852996131031
wc2026_pair_Morocco_Turkey,Morocco,Turkey,2026-06-11,1.3329472489412328,1.1788984667943752,0.4024371424667783,0.268324221908974,0.3292386356242476
wc2026_pair_Morocco_United States,United States,Morocco,2026-06-11,1.0904326933527275,1.6990982134944947,0.2436889186965305,0.2402481909652572,0.5160628903382123
wc2026_pair_Morocco_Uruguay,Morocco,Uruguay,2026-06-11,1.3841526752472586,1.073925091508952,0.4398073181206237,0.268706498123979,0.2914861837553973
wc2026_pair_Morocco_Uzbekistan,Morocco,Uzbekistan,2026-06-11,1.753912116009695,0.8507868388152457,0.5878038213006759,0.232888769930153,0.179307408769171
wc2026_pair_Netherlands_New Zealand,Netherlands,New Zealand,2026-06-11,2.279748542647652,0.5034232195753412,0.7779929632123573,0.1559770516934725,0.06602998509417
wc2026_pair_Netherlands_Norway,Netherlands,Norway,2026-06-11,1.506781653666414,1.1719496952016564,0.4494943259757216,0.2551415092158269,0.2953641648084514
wc2026_pair_Netherlands_Panama,Netherlands,Panama,2026-06-11,1.9195859264934407,0.9202861581298524,0.6077272774625476,0.2172593461217153,0.175013376415737
wc2026_pair_Netherlands_Paraguay,Netherlands,Paraguay,2026-06-11,1.6294179655880177,0.9787369952851732,0.5259366308943623,0.247182041940345,0.2268813271652926
wc2026_pair_Netherlands_Portugal,Netherlands,Portugal,2026-06-11,1.302550094793283,1.258087166418942,0.3773861685374637,0.2661987489304918,0.3564150825320443
wc2026_pair_Netherlands_Qatar,Netherlands,Qatar,2026-06-11,2.4469362455965955,0.4074573348660836,0.8242065810117378,0.1310170654927152,0.044776353495547
wc2026_pair_Netherlands_Saudi Arabia,Netherlands,Saudi Arabia,2026-06-11,2.164378942678896,0.6370961464860845,0.7262843745235527,0.1781408530324287,0.0955747724440186
wc2026_pair_Netherlands_Scotland,Netherlands,Scotland,2026-06-11,1.7250752493389876,0.9617703263336396,0.5532863107179137,0.2375332078981082,0.2091804813839781
wc2026_pair_Netherlands_Senegal,Netherlands,Senegal,2026-06-11,1.543249866080766,1.0798881784840124,0.4800177345020892,0.2542856127803975,0.2656966527175132
wc2026_pair_Netherlands_South Africa,Netherlands,South Africa,2026-06-11,2.225098865759823,0.5940801170847516,0.7473028974730563,0.1687368390333229,0.0839602634936206
wc2026_pair_Netherlands_South Korea,Netherlands,South Korea,2026-06-11,1.8143610659784293,0.9045382390164908,0.5882180765018871,0.2275688200563983,0.1842131034417145
wc2026_pair_Netherlands_Spain,Netherlands,Spain,2026-06-11,0.943348123722113,1.5244744476959544,0.2336860100248968,0.2581766396731487,0.5081373503019544
wc2026_pair_Netherlands_Sweden,Netherlands,Sweden,2026-06-11,1.9159658516024745,1.0248228645744952,0.5816307950646835,0.2200459604919969,0.1983232444433195
wc2026_pair_Netherlands_Switzerland,Netherlands,Switzerland,2026-06-11,1.5626232148269688,1.222710049286043,0.452184725761435,0.2494269047559898,0.2983883694825751
wc2026_pair_Netherlands_Tunisia,Netherlands,Tunisia,2026-06-11,2.07051293847008,0.7260032412272496,0.6868668919320265,0.1935571013478748,0.1195760067200986
wc2026_pair_Netherlands_Turkey,Netherlands,Turkey,2026-06-11,1.4426619121887456,1.1436226470066035,0.4393522728802804,0.2612038331793273,0.2994438939403923
wc2026_pair_Netherlands_United States,United States,Netherlands,2026-06-11,1.015201258340251,1.799492603081279,0.2115215880600362,0.2307866915559017,0.557691720384062
wc2026_pair_Netherlands_Uruguay,Netherlands,Uruguay,2026-06-11,1.4938673384947714,1.0386492717211802,0.477084021642565,0.2596675578583791,0.2632484204990559
wc2026_pair_Netherlands_Uzbekistan,Netherlands,Uzbekistan,2026-06-11,1.863626779257208,0.8155110190274741,0.6215885911555874,0.2199097346080316,0.158501674236381
wc2026_pair_New Zealand_Norway,New Zealand,Norway,2026-06-11,0.5541255916720469,1.8180661057503895,0.1061393610702366,0.2137366769699258,0.6801239619598376
wc2026_pair_New Zealand_Panama,New Zealand,Panama,2026-06-11,0.9669298644990738,1.5664025686785854,0.2333343046582128,0.2536111912601347,0.5130545040816524
wc2026_pair_New Zealand_Paraguay,New Zealand,Paraguay,2026-06-11,0.6767619035936505,1.6248534058339066,0.1530473856292874,0.2443901580452204,0.6025624563254921
wc2026_pair_New Zealand_Portugal,New Zealand,Portugal,2026-06-11,0.3498940327989162,1.9042035769676755,0.0593398200769431,0.1874548571564193,0.7532053227666374
wc2026_pair_New Zealand_Qatar,New Zealand,Qatar,2026-06-11,1.4942801836022284,1.0535737454148169,0.4736504429057593,0.2592970604050256,0.2670524966892149
wc2026_pair_New Zealand_Saudi Arabia,New Zealand,Saudi Arabia,2026-06-11,1.2117228806845284,1.2832125570348178,0.3478733261786372,0.2701568333362291,0.3819698404851336
wc2026_pair_New Zealand_Scotland,New Zealand,Scotland,2026-06-11,0.7724191873446205,1.6078867368823728,0.1786533547420594,0.2484352346017195,0.572911410656221
wc2026_pair_New Zealand_Senegal,New Zealand,Senegal,2026-06-11,0.5905938040863989,1.7260045890327458,0.1222821456757941,0.2278374186843589,0.649880435639847
wc2026_pair_New Zealand_South Africa,New Zealand,South Africa,2026-06-11,1.2724428037654558,1.240196527633485,0.3730650404163532,0.2692052080507086,0.3577297515329381
wc2026_pair_New Zealand_South Korea,New Zealand,South Korea,2026-06-11,0.861705003984062,1.550654649565224,0.2088391289692436,0.2557899069911425,0.5353709640396138
wc2026_pair_New Zealand_Spain,New Zealand,Spain,2026-06-11,1e-06,2.1705908582446876,1.141122406476157e-07,0.1141123074369118,0.8858875784508475
wc2026_pair_New Zealand_Sweden,New Zealand,Sweden,2026-06-11,0.9633097896081072,1.6709392751232286,0.2171013010621863,0.242997784127997,0.5399009148098166
wc2026_pair_New Zealand_Switzerland,New Zealand,Switzerland,2026-06-11,0.6099671528326014,1.8688264598347764,0.1136918298184061,0.2103657941800312,0.6759423760015626
wc2026_pair_New Zealand_Tunisia,New Zealand,Tunisia,2026-06-11,1.1178568764757129,1.372119651775983,0.305466101060654,0.2680092861105342,0.4265246128288117
wc2026_pair_New Zealand_Turkey,New Zealand,Turkey,2026-06-11,0.4900058501943787,1.789739057555337,0.0946737667108829,0.2137326652345767,0.6915935680545403
wc2026_pair_New Zealand_United States,United States,New Zealand,2026-06-11,1.8864404200779896,1.0661438735975184,0.5652517649871667,0.223398849791729,0.2113493852211043
wc2026_pair_New Zealand_Uruguay,New Zealand,Uruguay,2026-06-11,0.5412112765004042,1.6847656822699135,0.114719247327995,0.2312513492454995,0.6540294034265054
wc2026_pair_New Zealand_Uzbekistan,New Zealand,Uzbekistan,2026-06-11,0.9109707172628412,1.4616274295762075,0.2349073055387013,0.2653609294140288,0.4997317650472698
wc2026_pair_Norway_Panama,Norway,Panama,2026-06-11,1.904247157925474,0.990212135033048,0.5873611756225652,0.2204544708155812,0.1921843535618535
wc2026_pair_Norway_Paraguay,Norway,Paraguay,2026-06-11,1.6140791970200508,1.048662972188369,0.5052214943819592,0.2482528296419187,0.2465256759761221
wc2026_pair_Norway_Portugal,Norway,Portugal,2026-06-11,1.2872113262253164,1.3280131433221378,0.3589901766049155,0.2629513951345147,0.3780584282605697
wc2026_pair_Norway_Qatar,Norway,Qatar,2026-06-11,2.4315974770286286,0.4773833117692789,0.8064060898732945,0.1387573142896863,0.0548365958370191
wc2026_pair_Norway_Saudi Arabia,Norway,Saudi Arabia,2026-06-11,2.149040174110929,0.7070221233892802,0.7063748112258053,0.1842077163779684,0.1094174723962262
wc2026_pair_Norway_Scotland,Norway,Scotland,2026-06-11,1.7097364807710207,1.0316963032368351,0.5326150547099127,0.2393616509798105,0.2280232943102768
wc2026_pair_Norway_Senegal,Norway,Senegal,2026-06-11,1.5279110975127992,1.149814155387208,0.4599047455715065,0.2540408869474249,0.2860543674810684
wc2026_pair_Norway_South Africa,Norway,South Africa,2026-06-11,2.2097600971918565,0.6640060939879471,0.7277461151752467,0.1752124711883286,0.0970414136364246
wc2026_pair_Norway_South Korea,Norway,South Korea,2026-06-11,1.7990222974104624,0.9744642159196863,0.5674722175741629,0.2303359069389199,0.2021918754869171
wc2026_pair_Norway_Spain,Norway,Spain,2026-06-11,0.9280093551541464,1.59440042459915,0.2193635481329333,0.2508916054990971,0.5297448463679695
wc2026_pair_Norway_Sweden,Norway,Sweden,2026-06-11,1.900627083034508,1.094748841477691,0.5616675075758589,0.2225146778776678,0.2158178145464732
wc2026_pair_Norway_Switzerland,Norway,Switzerland,2026-06-11,1.547284446259002,1.292636026189239,0.4329972249564329,0.2484769896181325,0.3185257854254345
wc2026_pair_Norway_Tunisia,Norway,Tunisia,2026-06-11,2.0551741699021133,0.7959292181304451,0.6665628632785949,0.1987425565000201,0.1346945802213849
wc2026_pair_Norway_Turkey,Norway,Turkey,2026-06-11,1.427323143620779,1.213548623909799,0.4197648989315328,0.2597649256717446,0.3204701753967225
wc2026_pair_Norway_United States,United States,Norway,2026-06-11,1.1134735310967516,1.7346703492238338,0.2438166382563915,0.2370518296285606,0.5191315321150478
wc2026_pair_Norway_Uruguay,Norway,Uruguay,2026-06-11,1.4785285699268045,1.1085752486243758,0.4567069718201323,0.2592987730860263,0.2839942550938414
wc2026_pair_Norway_Uzbekistan,Norway,Uzbekistan,2026-06-11,1.8482880106892416,0.8854369959306696,0.6006263712094827,0.2235971297321899,0.1757764990583273
wc2026_pair_Panama_Paraguay,Panama,Paraguay,2026-06-11,1.251161227097148,1.39975737316815,0.3354627501289067,0.2601000117851076,0.4044372380859856
wc2026_pair_Panama_Portugal,Panama,Portugal,2026-06-11,0.9242933563024136,1.6791075443019188,0.2065003611045379,0.2419556243815479,0.5515440145139142
wc2026_pair_Panama_Qatar,Panama,Qatar,2026-06-11,2.068679507105726,0.8284777127490602,0.661264592061301,0.1988744385952672,0.1398609693434317
wc2026_pair_Panama_Saudi Arabia,Panama,Saudi Arabia,2026-06-11,1.786122204188026,1.0581165243690616,0.5443009054829594,0.2323836792539761,0.2233154152630644
wc2026_pair_Panama_Scotland,Panama,Scotland,2026-06-11,1.346818510848118,1.3827907042166163,0.3634981766730239,0.2565051563832405,0.3799966669437355
wc2026_pair_Panama_Senegal,Panama,Senegal,2026-06-11,1.1649931275898964,1.5009085563669893,0.2946191853933984,0.2558132786359902,0.4495675359706113
wc2026_pair_Panama_South Africa,Panama,South Africa,2026-06-11,1.8468421272689532,1.0151004949677285,0.568537394433939,0.2263193922993391,0.2051432132667217
wc2026_pair_Panama_South Korea,Panama,South Korea,2026-06-11,1.4361043274875596,1.3255586168994675,0.398018918896787,0.2543804261113571,0.3476006549918559
wc2026_pair_Panama_Spain,Panama,Spain,2026-06-11,0.5650913852312434,1.945494825578931,0.0982930887116344,0.198269230856635,0.7034376804317305
wc2026_pair_Panama_Sweden,Panama,Sweden,2026-06-11,1.5377091131116047,1.445843242457472,0.3985029788591083,0.2434849871096759,0.3580120340312158
wc2026_pair_Panama_Switzerland,Panama,Switzerland,2026-06-11,1.184366476336099,1.6437304271690198,0.2751883533598674,0.2439632874329549,0.4808483592071775
wc2026_pair_Panama_Tunisia,Panama,Tunisia,2026-06-11,1.6922561999792105,1.1470236191102263,0.501185669374368,0.2404665330517007,0.2583477975739313
wc2026_pair_Panama_Turkey,Panama,Turkey,2026-06-11,1.064405173697876,1.5646430248895804,0.2582881802172568,0.2526170982732408,0.4890947215095023
wc2026_pair_Panama_United States,United States,Panama,2026-06-11,1.5262778039237788,1.4830068121520297,0.3882460108005609,0.2425119054863749,0.3692420837130641
wc2026_pair_Panama_Uruguay,Panama,Uruguay,2026-06-11,1.1156106000039017,1.459669649604157,0.2891127165371819,0.2607046462424826,0.4501826372203355
wc2026_pair_Panama_Uzbekistan,Panama,Uzbekistan,2026-06-11,1.4853700407663386,1.2365313969104508,0.429652292033724,0.2546799773526946,0.3156677306135814
wc2026_pair_Paraguay_Portugal,Paraguay,Portugal,2026-06-11,0.9797747482155216,1.38998123743958,0.2650386676464259,0.2713484785529154,0.4636128538006587
wc2026_pair_Paraguay_Qatar,Paraguay,Qatar,2026-06-11,2.124160899018834,0.5393514058867215,0.7434165412230053,0.17556425655421,0.0810192022227846
wc2026_pair_Paraguay_Saudi Arabia,Paraguay,Saudi Arabia,2026-06-11,1.841603596101134,0.7689902175067227,0.6285920229511001,0.2207566587780776,0.1506513182708223
wc2026_pair_Paraguay_Scotland,Paraguay,Scotland,2026-06-11,1.402299902761226,1.0936643973542777,0.4401099741239175,0.2663784968797453,0.2935115289963371
wc2026_pair_Paraguay_Senegal,Paraguay,Senegal,2026-06-11,1.2204745195030045,1.2117822495046504,0.3648729751094002,0.2744465222752685,0.3606805026153312
wc2026_pair_Paraguay_South Africa,Paraguay,South Africa,2026-06-11,1.902323519182061,0.7259741881053896,0.6527801335377714,0.2121066910124022,0.1351131754498263
wc2026_pair_Paraguay_South Korea,Paraguay,South Korea,2026-06-11,1.4915857194006674,1.0364323100371289,0.477018929098709,0.2599311586086013,0.2630499122926895
wc2026_pair_Paraguay_Spain,Paraguay,Spain,2026-06-11,0.6205727771443514,1.6563685187165924,0.1360911155029844,0.2384604723865662,0.6254484121104494
wc2026_pair_Paraguay_Sweden,Paraguay,Sweden,2026-06-11,1.5931905050247126,1.1567169355951332,0.4747273566453532,0.2485329121560375,0.2767397311986093
wc2026_pair_Paraguay_Switzerland,Paraguay,Switzerland,2026-06-11,1.2398478682492071,1.354604120306681,0.3412425313819431,0.2637241500802239,0.3950333185378329
wc2026_pair_Paraguay_Tunisia,Paraguay,Tunisia,2026-06-11,1.7477375918923184,0.8578973122478877,0.5845609019641942,0.2337090746949154,0.1817300233408905
wc2026_pair_Paraguay_Turkey,Paraguay,Turkey,2026-06-11,1.119886565610984,1.275516718027241,0.3243198828400803,0.2758829781018594,0.3997971390580602
wc2026_pair_Paraguay_United States,United States,Paraguay,2026-06-11,1.2361098430183557,1.5414576493073504,0.3054633083341317,0.2506207508588596,0.4439159408070086
wc2026_pair_Paraguay_Uruguay,Paraguay,Uruguay,2026-06-11,1.1710919919170095,1.170543342741818,0.3597917891912368,0.2806853963836389,0.3595228144251243
wc2026_pair_Paraguay_Uzbekistan,Paraguay,Uzbekistan,2026-06-11,1.5408514326794465,0.947405090048112,0.511348203591015,0.2564189945698925,0.2322328018390925
wc2026_pair_Portugal_Qatar,Portugal,Qatar,2026-06-11,2.5376029214741127,0.2910658134267249,0.8606259148945328,0.1114969183170835,0.0278771667883835
wc2026_pair_Portugal_Saudi Arabia,Portugal,Saudi Arabia,2026-06-11,2.255045618556413,0.520704625046726,0.7699458136031624,0.1599561270259797,0.0700980593708578
wc2026_pair_Portugal_Scotland,Portugal,Scotland,2026-06-11,1.8157419252165048,0.845378804894281,0.6033591975490932,0.2260129670604577,0.1706278353904491
wc2026_pair_Portugal_Senegal,Portugal,Senegal,2026-06-11,1.633916541958283,0.963496657044654,0.5307891984447545,0.246750672992695,0.2224601285625504
wc2026_pair_Portugal_South Africa,Portugal,South Africa,2026-06-11,2.31576554163734,0.4776885956453928,0.7896163306742545,0.1501185753267773,0.0602650939989681
wc2026_pair_Portugal_South Korea,Portugal,South Korea,2026-06-11,1.9050277418559465,0.7881467175771322,0.6375060806053894,0.2143947286498236,0.1480991907447869
wc2026_pair_Portugal_Spain,Portugal,Spain,2026-06-11,1.03401479959963,1.4080829262565957,0.2765553749932119,0.2678892977910944,0.4555553272156937
wc2026_pair_Portugal_Sweden,Portugal,Sweden,2026-06-11,2.006632527479991,0.9084313431351368,0.6291402848277078,0.2082684269770952,0.162591288195197
wc2026_pair_Portugal_Switzerland,Portugal,Switzerland,2026-06-11,1.6532898907044855,1.1063185278466845,0.5012293917524513,0.244170377966318,0.2546002302812307
wc2026_pair_Portugal_Tunisia,Portugal,Tunisia,2026-06-11,2.1611796143475974,0.609611719787891,0.7324748145634142,0.1765987635056529,0.0909264219309328
wc2026_pair_Portugal_Turkey,Portugal,Turkey,2026-06-11,1.5333285880662628,1.0272311255672448,0.489988826187063,0.2561403757550947,0.2538707980578421
wc2026_pair_Portugal_United States,United States,Portugal,2026-06-11,0.9092419722236212,1.8208078204411196,0.1844830134874428,0.2270023887839453,0.5885145977286119
wc2026_pair_Portugal_Uruguay,Portugal,Uruguay,2026-06-11,1.5845340143722884,0.9222577502818216,0.5286983811597429,0.2519522603473088,0.2193493584929483
wc2026_pair_Portugal_Uzbekistan,Portugal,Uzbekistan,2026-06-11,1.9542934551347253,0.6991194975881155,0.6704968480777044,0.2049105887454498,0.1245925631768458
wc2026_pair_Qatar_Saudi Arabia,Qatar,Saudi Arabia,2026-06-11,1.027119006982452,1.4333546315585637,0.2703741914687555,0.2656950486767469,0.4639307598544976
wc2026_pair_Qatar_Scotland,Qatar,Scotland,2026-06-11,0.5878153136425439,1.7580288114061189,0.1187050845773271,0.2234322292048882,0.6578626862177847
wc2026_pair_Qatar_Senegal,Qatar,Senegal,2026-06-11,0.4059899303843219,1.8761466635564912,0.0716345349026163,0.1959286760782483,0.7324367890191352
wc2026_pair_Qatar_South Africa,Qatar,South Africa,2026-06-11,1.0878389300633793,1.3903386021572306,0.294105589249696,0.2676380403756237,0.4382563703746802
wc2026_pair_Qatar_South Korea,Qatar,South Korea,2026-06-11,0.6771011302819856,1.7007967240889696,0.1448118260258987,0.2345336073595583,0.620654566614543
wc2026_pair_Qatar_Spain,Qatar,Spain,2026-06-11,1e-06,2.320732932768433,9.82047859884491e-08,0.0982048508395226,0.9017950509556916
wc2026_pair_Qatar_Sweden,Qatar,Sweden,2026-06-11,0.7787059159060307,1.8210813496469744,0.1550353167079975,0.2234245556901708,0.6215401276018315
wc2026_pair_Qatar_Switzerland,Qatar,Switzerland,2026-06-11,0.4253632791305248,2.018968534358522,0.0670854321980221,0.1789286571011714,0.7539859107008064
wc2026_pair_Qatar_Tunisia,Qatar,Tunisia,2026-06-11,0.9332530027736364,1.522261726299729,0.231415614397349,0.258517636737167,0.5100667488654839
wc2026_pair_Qatar_Turkey,Qatar,Turkey,2026-06-11,0.3054019764923021,1.9398811320790823,0.0495325327017456,0.1785641002677302,0.7719033670305241
wc2026_pair_Qatar_United States,United States,Qatar,2026-06-11,2.0536281230269333,0.9701779888882608,0.6240080952288124,0.2058484376488225,0.170143467122365
wc2026_pair_Qatar_Uruguay,Qatar,Uruguay,2026-06-11,0.3566074027983275,1.8349077567936591,0.0642616973915927,0.197736653352424,0.7380016492559833
wc2026_pair_Qatar_Uzbekistan,Qatar,Uzbekistan,2026-06-11,0.7263668435607645,1.6117695040999531,0.1667623039485515,0.2471926066063449,0.5860450894451035
wc2026_pair_Saudi Arabia_Scotland,Saudi Arabia,Scotland,2026-06-11,0.942788842489276,1.5368381428675582,0.2316575287299335,0.2568827708139762,0.5114597004560903
wc2026_pair_Saudi Arabia_Senegal,Saudi Arabia,Senegal,2026-06-11,0.7609634592310547,1.654955995017931,0.1700347374861535,0.2424931573997244,0.5874721051141221
wc2026_pair_Saudi Arabia_South Africa,Saudi Arabia,South Africa,2026-06-11,1.4428124589101117,1.16914793361867,0.4336391540896688,0.2602884506914615,0.3060723952188698
wc2026_pair_Saudi Arabia_South Korea,Saudi Arabia,South Korea,2026-06-11,1.0320746591287178,1.4796060555504091,0.2639008495533345,0.2611636239047374,0.4749355265419279
wc2026_pair_Saudi Arabia_Spain,Saudi Arabia,Spain,2026-06-11,0.1610617168724017,2.099542264229873,0.0213955144965578,0.1426504690310813,0.8359540164723609
wc2026_pair_Saudi Arabia_Sweden,Saudi Arabia,Sweden,2026-06-11,1.133679444752763,1.599890681108414,0.2699081495986438,0.2483907928334859,0.4817010575678702
wc2026_pair_Saudi Arabia_Switzerland,Saudi Arabia,Switzerland,2026-06-11,0.7803368079772572,1.7977778658199617,0.1579829175812022,0.2261342039007014,0.6158828785180963
wc2026_pair_Saudi Arabia_Tunisia,Saudi Arabia,Tunisia,2026-06-11,1.2882265316203687,1.3010710577611682,0.3647133113953081,0.2645440712120984,0.3707426173925935
wc2026_pair_Saudi Arabia_Turkey,Saudi Arabia,Turkey,2026-06-11,0.6603755053390344,1.718690463540522,0.1390368105889951,0.2316538382472222,0.6293093511637826
wc2026_pair_Saudi Arabia_United States,United States,Saudi Arabia,2026-06-11,1.7710708201092336,1.199816800508262,0.5077319105749165,0.2336823464312315,0.2585857429938519
wc2026_pair_Saudi Arabia_Uruguay,Saudi Arabia,Uruguay,2026-06-11,0.7115809316450601,1.6137170882550989,0.1628796643980718,0.2466493448624759,0.5904709907394522
wc2026_pair_Saudi Arabia_Uzbekistan,Saudi Arabia,Uzbekistan,2026-06-11,1.0813403724074968,1.3905788355613926,0.2923224262943842,0.2678593334045812,0.4398182403010345
wc2026_pair_Scotland_Senegal,Scotland,Senegal,2026-06-11,1.21843305643779,1.3052713696689235,0.3452730615875528,0.2682466694468371,0.38648026896561
wc2026_pair_Scotland_South Africa,Scotland,South Africa,2026-06-11,1.900282056116847,0.8194633082696626,0.628581383511363,0.2160728032485809,0.1553458132400561
wc2026_pair_Scotland_South Korea,Scotland,South Korea,2026-06-11,1.489544256335453,1.1299214302014018,0.4546415882448387,0.2577577960837938,0.2876006156713674
wc2026_pair_Scotland_Spain,Scotland,Spain,2026-06-11,0.6185313140791368,1.749857638880865,0.1263678187934632,0.2259254201014436,0.6477067611050931
wc2026_pair_Scotland_Sweden,Scotland,Sweden,2026-06-11,1.5911490419594982,1.2502060557594064,0.453149361857207,0.2466132528460579,0.300237385296735
wc2026_pair_Scotland_Switzerland,Scotland,Switzerland,2026-06-11,1.2378064051839923,1.448093240470954,0.322870164315115,0.2572988949383706,0.4198309407465144
wc2026_pair_Scotland_Tunisia,Scotland,Tunisia,2026-06-11,1.745696128827104,0.9513864324121606,0.5607185827041622,0.2353547691524069,0.2039266481434308
wc2026_pair_Scotland_Turkey,Scotland,Turkey,2026-06-11,1.1178451025457696,1.3690058381915144,0.3060377573552971,0.26826989879468,0.4256923438500228
wc2026_pair_Scotland_United States,United States,Scotland,2026-06-11,1.3317671267693254,1.5244909803558169,0.3324287039485042,0.2486312015526479,0.4189400944988476
wc2026_pair_Scotland_Uruguay,Scotland,Uruguay,2026-06-11,1.1690505288517954,1.2640324629060913,0.3401016857199706,0.2740095845764513,0.385888729703578
wc2026_pair_Scotland_Uzbekistan,Scotland,Uzbekistan,2026-06-11,1.538809969614232,1.040894210212385,0.4881230357211162,0.2553941088549434,0.2564828554239404
wc2026_pair_Senegal_South Africa,Senegal,South Africa,2026-06-11,2.0474803537516557,0.6716266230926916,0.6960101760158691,0.1929694414264995,0.1110203825576313
wc2026_pair_Senegal_South Korea,Senegal,South Korea,2026-06-11,1.6367425539702618,0.9820847450244308,0.5269250982583329,0.24644345824599,0.226631443495677
wc2026_pair_Senegal_Spain,Senegal,Spain,2026-06-11,0.7657296117139455,1.6020209537038943,0.1777277278427911,0.2490625920999936,0.5732096800572152
wc2026_pair_Senegal_Sweden,Senegal,Sweden,2026-06-11,1.738347339594307,1.1023693705824351,0.522610288567447,0.2367546123247071,0.2406350991078459
wc2026_pair_Senegal_Switzerland,Senegal,Switzerland,2026-06-11,1.3850047028188013,1.300256555293983,0.3902052087690804,0.2587304953028838,0.3510642959280358
wc2026_pair_Senegal_Tunisia,Senegal,Tunisia,2026-06-11,1.8928944264619127,0.8035497472351896,0.6309969540439443,0.216300528788164,0.1527025171678916
wc2026_pair_Senegal_Turkey,Senegal,Turkey,2026-06-11,1.265043400180578,1.2211691530145434,0.3750572844377207,0.2708456283086772,0.354097087253602
wc2026_pair_Senegal_United States,United States,Senegal,2026-06-11,1.149941743511104,1.6426088325061898,0.2669621250950618,0.2445671520236715,0.4884707228812666
wc2026_pair_Senegal_Uruguay,Senegal,Uruguay,2026-06-11,1.316248826486604,1.1161957777291205,0.4117928736121486,0.2727306994380948,0.3154764269497565
wc2026_pair_Senegal_Uzbekistan,Senegal,Uzbekistan,2026-06-11,1.6860082672490406,0.893057525035414,0.5610310910306611,0.2409438436091021,0.1980250653602368
wc2026_pair_South Africa_South Korea,South Africa,South Korea,2026-06-11,0.9872739338765848,1.5256486379562333,0.2448300832766516,0.2575038727302465,0.4976660439931019
wc2026_pair_South Africa_Spain,South Africa,Spain,2026-06-11,0.1162609916202688,2.145584846635697,0.014478403264798,0.1318080304624768,0.8537135662727251
wc2026_pair_South Africa_Sweden,South Africa,Sweden,2026-06-11,1.08887871950063,1.645933263514238,0.2514859059243358,0.2449828329139547,0.5035312611617094
wc2026_pair_South Africa_Switzerland,South Africa,Switzerland,2026-06-11,0.735536082725124,1.8438204482257856,0.1430579157981201,0.2192429436463888,0.637699140555491
wc2026_pair_South Africa_Tunisia,South Africa,Tunisia,2026-06-11,1.2434258063682355,1.3471136401669923,0.3436543557041843,0.26405168380958,0.3922939604862357
wc2026_pair_South Africa_Turkey,South Africa,Turkey,2026-06-11,0.6155747800869013,1.764733045946346,0.1242937122709348,0.2238566026430981,0.6518496850859671
wc2026_pair_South Africa_United States,United States,South Africa,2026-06-11,1.8317907431901608,1.156800771106929,0.5316598581309501,0.2288305772781853,0.2395095645908646
wc2026_pair_South Africa_Uruguay,South Africa,Uruguay,2026-06-11,0.6667802063929268,1.6597596706609228,0.146777330724388,0.2395197293401963,0.6137029399354157
wc2026_pair_South Africa_Uzbekistan,South Africa,Uzbekistan,2026-06-11,1.0365396471553634,1.4366214179672168,0.2723175115291025,0.2651184963273741,0.4625639921435233
wc2026_pair_South Korea_Spain,South Korea,Spain,2026-06-11,0.5481330503778536,1.8234703346905907,0.1044189955849475,0.2126830633762484,0.682897941038804
wc2026_pair_South Korea_Sweden,South Korea,Sweden,2026-06-11,1.5207507782582148,1.3238187515691318,0.4196991681431958,0.2491569436115262,0.3311438882452779
wc2026_pair_South Korea_Switzerland,South Korea,Switzerland,2026-06-11,1.167408141482709,1.5217059362806795,0.291597859265018,0.2540797469620709,0.4543223937729111
wc2026_pair_South Korea_Tunisia,South Korea,Tunisia,2026-06-11,1.6752978651258208,1.0249991282218862,0.5259294170943742,0.2426201548054195,0.2314504281002062
wc2026_pair_South Korea_Turkey,South Korea,Turkey,2026-06-11,1.0474468388444864,1.44261853400124,0.2741789372212727,0.2642466451028137,0.4615744176759135
wc2026_pair_South Korea_United States,United States,South Korea,2026-06-11,1.421052943408767,1.467258893038668,0.3655377024941091,0.2482568637984802,0.3862054337074105
wc2026_pair_South Korea_Uruguay,South Korea,Uruguay,2026-06-11,1.098652265150512,1.337645158715817,0.3066742421799392,0.2717524038256059,0.4215733539944549
wc2026_pair_South Korea_Uzbekistan,South Korea,Uzbekistan,2026-06-11,1.468411705912949,1.1145069060221104,0.4527124303686394,0.2599934014203159,0.2872941682110446
wc2026_pair_Spain_Sweden,Spain,Sweden,2026-06-11,2.3300309300843365,0.6310896568074847,0.7557809556328499,0.1608757724205685,0.0833432719465815
wc2026_pair_Spain_Switzerland,Spain,Switzerland,2026-06-11,1.976688293308831,0.8289768415190326,0.6424152372701557,0.2083390224730149,0.1492457402568292
wc2026_pair_Spain_Tunisia,Spain,Tunisia,2026-06-11,2.484578016951942,0.3322700334602393,0.8455896078730651,0.1203365164919541,0.0340738756349806
wc2026_pair_Spain_Turkey,Spain,Turkey,2026-06-11,1.856726990670608,0.7498894392395932,0.6368204148768388,0.2183177323433544,0.1448618527798067
wc2026_pair_Spain_United States,United States,Spain,2026-06-11,0.5500400011524511,2.0871951017181316,0.0853314428540122,0.1805258745106696,0.7341426826353181
wc2026_pair_Spain_Uruguay,Spain,Uruguay,2026-06-11,1.9079324169766336,0.6449160639541698,0.6749311300062597,0.2074885012692905,0.1175803687244496
wc2026_pair_Spain_Uzbekistan,Spain,Uzbekistan,2026-06-11,2.2776918577390703,0.4217778112604635,0.7972128371072916,0.1491161319602587,0.0536710309324496
wc2026_pair_Sweden_Switzerland,Sweden,Switzerland,2026-06-11,1.3631613424779028,1.6756263279222936,0.3128896772609321,0.2380942610175635,0.4490160617215044
wc2026_pair_Sweden_Tunisia,Sweden,Tunisia,2026-06-11,1.871051066121014,1.1789195198635,0.5354835406412256,0.2256880383962936,0.2388284209624807
wc2026_pair_Sweden_Turkey,Sweden,Turkey,2026-06-11,1.2432000398396796,1.596538925642854,0.297575410010684,0.2463928896070085,0.4560317003823074
wc2026_pair_Sweden_United States,United States,Sweden,2026-06-11,1.5226577290328125,1.5875435185966724,0.3669934795297573,0.2379375270208633,0.3950689934493793
wc2026_pair_Sweden_Uruguay,Sweden,Uruguay,2026-06-11,1.2944054661457054,1.4915655503574308,0.329191627364491,0.252139679549695,0.418668693085814
wc2026_pair_Sweden_Uzbekistan,Sweden,Uzbekistan,2026-06-11,1.664164906908142,1.2684272976637243,0.4669111939714467,0.2409240902979825,0.2921647157305707
wc2026_pair_Switzerland_Tunisia,Switzerland,Tunisia,2026-06-11,2.081947546498956,0.8836874904696068,0.6505059580365874,0.1999513419010645,0.149542700062348
wc2026_pair_Switzerland_Turkey,Switzerland,Turkey,2026-06-11,1.4540965202176217,1.301306896248961,0.407707803711584,0.2543073929855731,0.3379848033028429
wc2026_pair_Switzerland_United States,United States,Switzerland,2026-06-11,1.1693150922573063,1.7854307033082204,0.2492803397054039,0.2326460696279537,0.5180735906666423
wc2026_pair_Switzerland_Uruguay,Switzerland,Uruguay,2026-06-11,1.5053019465236472,1.1963335209635375,0.4436345093952921,0.2545258302586719,0.301839660346036
wc2026_pair_Switzerland_Uzbekistan,Switzerland,Uzbekistan,2026-06-11,1.875061387286084,0.9731952682698312,0.5850121499973129,0.2229044558483256,0.1920833941543613
wc2026_pair_Tunisia_Turkey,Tunisia,Turkey,2026-06-11,0.7887502604646673,1.6516911513966863,0.1771856777926233,0.2433998659860712,0.5794144562213054
wc2026_pair_Tunisia_United States,United States,Tunisia,2026-06-11,1.677204815900418,1.288723895249427,0.4655616390591234,0.2396010757239762,0.2948372852169003
wc2026_pair_Tunisia_Uruguay,Tunisia,Uruguay,2026-06-11,0.8399556867706929,1.5467177761112632,0.2038243114256075,0.2562471221768013,0.5399285663975912
wc2026_pair_Tunisia_Uzbekistan,Tunisia,Uzbekistan,2026-06-11,1.2097151275331297,1.3235795234175571,0.3393192763060464,0.2674311676487332,0.3932495560452202
wc2026_pair_Turkey_United States,United States,Turkey,2026-06-11,1.0493537896190837,1.7063433010287803,0.2327487562089765,0.2396861221121323,0.5275651216788911
wc2026_pair_Turkey_Uruguay,Turkey,Uruguay,2026-06-11,1.387568850047744,1.034649166531241,0.4498906498338752,0.2698051768832794,0.2803041732828454
wc2026_pair_Turkey_Uzbekistan,Turkey,Uzbekistan,2026-06-11,1.7573282908101806,0.8115109138375348,0.5986145318511775,0.2316129430592259,0.1697725250895964
wc2026_pair_United States_Uruguay,United States,Uruguay,2026-06-11,1.1005592159251092,1.6013699257433576,0.2614342156515488,0.2487829111586334,0.4897828731898178
wc2026_pair_United States_Uzbekistan,United States,Uzbekistan,2026-06-11,1.470318656687546,1.3782316730496516,0.395707939551462,0.2500181613720839,0.3542738990764542
wc2026_pair_Uruguay_Uzbekistan,Uruguay,Uzbekistan,2026-06-11,1.6097874220434245,0.8260505921334168,0.5594352279575703,0.2488215386594955,0.1917432333829342
