match_idx,home_goals,away_goals,probability,home_team,away_team,stage,match_num
0,0,0,0.065,Mexico,South Africa,Group,
0,0,1,0.0439,Mexico,South Africa,Group,
0,0,2,0.0174,Mexico,South Africa,Group,
0,0,3,0.0031,Mexico,South Africa,Group,
0,0,4,0.0007,Mexico,South Africa,Group,
0,0,5,0.0001,Mexico,South Africa,Group,
0,1,0,0.1376,Mexico,South Africa,Group,
0,1,1,0.0915,Mexico,South Africa,Group,
0,1,2,0.0314,Mexico,South Africa,Group,
0,1,3,0.0069,Mexico,South Africa,Group,
0,1,4,0.0015,Mexico,South Africa,Group,
0,1,5,0.0003,Mexico,South Africa,Group,
0,2,0,0.138,Mexico,South Africa,Group,
0,2,1,0.0979,Mexico,South Africa,Group,
0,2,2,0.0276,Mexico,South Africa,Group,
0,2,3,0.0082,Mexico,South Africa,Group,
0,2,4,0.0009,Mexico,South Africa,Group,
0,2,5,0.0001,Mexico,South Africa,Group,
0,3,0,0.0899,Mexico,South Africa,Group,
0,3,1,0.0658,Mexico,South Africa,Group,
0,3,2,0.0206,Mexico,South Africa,Group,
0,3,3,0.0042,Mexico,South Africa,Group,
0,3,4,0.0009,Mexico,South Africa,Group,
0,3,5,0.0002,Mexico,South Africa,Group,
0,4,0,0.0477,Mexico,South Africa,Group,
0,4,1,0.0297,Mexico,South Africa,Group,
0,4,2,0.0096,Mexico,South Africa,Group,
0,4,3,0.0025,Mexico,South Africa,Group,
0,4,4,0.0009,Mexico,South Africa,Group,
0,5,0,0.0193,Mexico,South Africa,Group,
0,5,1,0.0134,Mexico,South Africa,Group,
0,5,2,0.0046,Mexico,South Africa,Group,
0,5,3,0.0007,Mexico,South Africa,Group,
0,5,4,0.0001,Mexico,South Africa,Group,
0,6,0,0.0055,Mexico,South Africa,Group,
0,6,1,0.0041,Mexico,South Africa,Group,
0,6,2,0.001,Mexico,South Africa,Group,
0,6,3,0.0003,Mexico,South Africa,Group,
0,7,0,0.0024,Mexico,South Africa,Group,
0,7,1,0.002,Mexico,South Africa,Group,
0,7,2,0.0005,Mexico,South Africa,Group,
0,7,3,0.0001,Mexico,South Africa,Group,
0,8,0,0.0008,Mexico,South Africa,Group,
0,8,1,0.0005,Mexico,South Africa,Group,
0,9,0,0.0003,Mexico,South Africa,Group,
0,9,1,0.0002,Mexico,South Africa,Group,
0,10,0,0.0001,Mexico,South Africa,Group,
1,0,0,0.0791,South Korea,Czechia,Group,
1,0,1,0.1108,South Korea,Czechia,Group,
1,0,2,0.0733,South Korea,Czechia,Group,
1,0,3,0.037,South Korea,Czechia,Group,
1,0,4,0.0128,South Korea,Czechia,Group,
1,0,5,0.005,South Korea,Czechia,Group,
1,0,6,0.0005,South Korea,Czechia,Group,
1,1,0,0.0867,South Korea,Czechia,Group,
1,1,1,0.1291,South Korea,Czechia,Group,
1,1,2,0.0855,South Korea,Czechia,Group,
1,1,3,0.0425,South Korea,Czechia,Group,
1,1,4,0.0153,South Korea,Czechia,Group,
1,1,5,0.0047,South Korea,Czechia,Group,
1,1,6,0.0009,South Korea,Czechia,Group,
1,1,7,0.0002,South Korea,Czechia,Group,
1,1,8,0.0001,South Korea,Czechia,Group,
1,2,0,0.0526,South Korea,Czechia,Group,
1,2,1,0.0729,South Korea,Czechia,Group,
1,2,2,0.0498,South Korea,Czechia,Group,
1,2,3,0.022,South Korea,Czechia,Group,
1,2,4,0.0077,South Korea,Czechia,Group,
1,2,5,0.0019,South Korea,Czechia,Group,
1,2,6,0.0005,South Korea,Czechia,Group,
1,3,0,0.0202,South Korea,Czechia,Group,
1,3,1,0.0276,South Korea,Czechia,Group,
1,3,2,0.0175,South Korea,Czechia,Group,
1,3,3,0.0069,South Korea,Czechia,Group,
1,3,4,0.0043,South Korea,Czechia,Group,
1,3,5,0.0008,South Korea,Czechia,Group,
1,4,0,0.0064,South Korea,Czechia,Group,
1,4,1,0.0083,South Korea,Czechia,Group,
1,4,2,0.0056,South Korea,Czechia,Group,
1,4,3,0.003,South Korea,Czechia,Group,
1,4,4,0.0006,South Korea,Czechia,Group,
1,4,5,0.0004,South Korea,Czechia,Group,
1,4,7,0.0001,South Korea,Czechia,Group,
1,5,0,0.0011,South Korea,Czechia,Group,
1,5,1,0.0032,South Korea,Czechia,Group,
1,5,2,0.001,South Korea,Czechia,Group,
1,5,3,0.0007,South Korea,Czechia,Group,
1,5,4,0.0003,South Korea,Czechia,Group,
1,5,5,0.0001,South Korea,Czechia,Group,
1,6,0,0.0001,South Korea,Czechia,Group,
1,6,1,0.0003,South Korea,Czechia,Group,
1,6,2,0.0003,South Korea,Czechia,Group,
1,7,0,0.0001,South Korea,Czechia,Group,
1,7,1,0.0001,South Korea,Czechia,Group,
1,8,1,0.0001,South Korea,Czechia,Group,
2,0,0,0.0764,Canada,Bosnia and Herzegovina,Group,
2,0,1,0.0587,Canada,Bosnia and Herzegovina,Group,
2,0,2,0.0212,Canada,Bosnia and Herzegovina,Group,
2,0,3,0.0042,Canada,Bosnia and Herzegovina,Group,
2,0,4,0.0016,Canada,Bosnia and Herzegovina,Group,
2,0,5,0.0004,Canada,Bosnia and Herzegovina,Group,
2,1,0,0.1445,Canada,Bosnia and Herzegovina,Group,
2,1,1,0.0975,Canada,Bosnia and Herzegovina,Group,
2,1,2,0.0384,Canada,Bosnia and Herzegovina,Group,
2,1,3,0.0104,Canada,Bosnia and Herzegovina,Group,
2,1,4,0.0017,Canada,Bosnia and Herzegovina,Group,
2,1,5,0.0003,Canada,Bosnia and Herzegovina,Group,
2,1,6,0.0001,Canada,Bosnia and Herzegovina,Group,
2,2,0,0.1315,Canada,Bosnia and Herzegovina,Group,
2,2,1,0.0956,Canada,Bosnia and Herzegovina,Group,
2,2,2,0.0341,Canada,Bosnia and Herzegovina,Group,
2,2,3,0.0088,Canada,Bosnia and Herzegovina,Group,
2,2,4,0.0013,Canada,Bosnia and Herzegovina,Group,
2,2,5,0.0001,Canada,Bosnia and Herzegovina,Group,
2,3,0,0.0784,Canada,Bosnia and Herzegovina,Group,
2,3,1,0.0555,Canada,Bosnia and Herzegovina,Group,
2,3,2,0.022,Canada,Bosnia and Herzegovina,Group,
2,3,3,0.0058,Canada,Bosnia and Herzegovina,Group,
2,3,4,0.0009,Canada,Bosnia and Herzegovina,Group,
2,3,5,0.0003,Canada,Bosnia and Herzegovina,Group,
2,4,0,0.0331,Canada,Bosnia and Herzegovina,Group,
2,4,1,0.0252,Canada,Bosnia and Herzegovina,Group,
2,4,2,0.0091,Canada,Bosnia and Herzegovina,Group,
2,4,3,0.0024,Canada,Bosnia and Herzegovina,Group,
2,4,4,0.0006,Canada,Bosnia and Herzegovina,Group,
2,4,5,0.0001,Canada,Bosnia and Herzegovina,Group,
2,5,0,0.014,Canada,Bosnia and Herzegovina,Group,
2,5,1,0.0102,Canada,Bosnia and Herzegovina,Group,
2,5,2,0.0045,Canada,Bosnia and Herzegovina,Group,
2,5,3,0.0007,Canada,Bosnia and Herzegovina,Group,
2,5,5,0.0001,Canada,Bosnia and Herzegovina,Group,
2,6,0,0.0038,Canada,Bosnia and Herzegovina,Group,
2,6,1,0.0035,Canada,Bosnia and Herzegovina,Group,
2,6,2,0.0014,Canada,Bosnia and Herzegovina,Group,
2,6,3,0.0002,Canada,Bosnia and Herzegovina,Group,
2,6,4,0.0001,Canada,Bosnia and Herzegovina,Group,
2,7,0,0.0005,Canada,Bosnia and Herzegovina,Group,
2,7,1,0.0006,Canada,Bosnia and Herzegovina,Group,
2,7,2,0.0002,Canada,Bosnia and Herzegovina,Group,
3,0,0,0.0887,Qatar,Switzerland,Group,
3,0,1,0.1805,Qatar,Switzerland,Group,
3,0,2,0.1742,Qatar,Switzerland,Group,
3,0,3,0.12,Qatar,Switzerland,Group,
3,0,4,0.0583,Qatar,Switzerland,Group,
3,0,5,0.0216,Qatar,Switzerland,Group,
3,0,6,0.0081,Qatar,Switzerland,Group,
3,0,7,0.0028,Qatar,Switzerland,Group,
3,0,8,0.0002,Qatar,Switzerland,Group,
3,0,9,0.0002,Qatar,Switzerland,Group,
3,1,0,0.0379,Qatar,Switzerland,Group,
3,1,1,0.0761,Qatar,Switzerland,Group,
3,1,2,0.0745,Qatar,Switzerland,Group,
3,1,3,0.0512,Qatar,Switzerland,Group,
3,1,4,0.0237,Qatar,Switzerland,Group,
3,1,5,0.0107,Qatar,Switzerland,Group,
3,1,6,0.0037,Qatar,Switzerland,Group,
3,1,7,0.0008,Qatar,Switzerland,Group,
3,1,8,0.0002,Qatar,Switzerland,Group,
3,1,9,0.0001,Qatar,Switzerland,Group,
3,2,0,0.0088,Qatar,Switzerland,Group,
3,2,1,0.0157,Qatar,Switzerland,Group,
3,2,2,0.0142,Qatar,Switzerland,Group,
3,2,3,0.0094,Qatar,Switzerland,Group,
3,2,4,0.0047,Qatar,Switzerland,Group,
3,2,5,0.002,Qatar,Switzerland,Group,
3,2,6,0.0008,Qatar,Switzerland,Group,
3,2,7,0.0001,Qatar,Switzerland,Group,
3,2,8,0.0001,Qatar,Switzerland,Group,
3,3,0,0.0013,Qatar,Switzerland,Group,
3,3,1,0.0027,Qatar,Switzerland,Group,
3,3,2,0.0018,Qatar,Switzerland,Group,
3,3,3,0.0021,Qatar,Switzerland,Group,
3,3,4,0.0006,Qatar,Switzerland,Group,
3,3,5,0.0002,Qatar,Switzerland,Group,
3,3,6,0.0002,Qatar,Switzerland,Group,
3,3,7,0.0002,Qatar,Switzerland,Group,
3,4,0,0.0003,Qatar,Switzerland,Group,
3,4,1,0.0003,Qatar,Switzerland,Group,
3,4,2,0.0005,Qatar,Switzerland,Group,
3,4,3,0.0003,Qatar,Switzerland,Group,
3,4,4,0.0001,Qatar,Switzerland,Group,
3,7,1,0.0001,Qatar,Switzerland,Group,
4,0,0,0.061,Brazil,Morocco,Group,
4,0,1,0.0696,Brazil,Morocco,Group,
4,0,2,0.0366,Brazil,Morocco,Group,
4,0,3,0.0149,Brazil,Morocco,Group,
4,0,4,0.0031,Brazil,Morocco,Group,
4,0,5,0.0008,Brazil,Morocco,Group,
4,0,6,0.0002,Brazil,Morocco,Group,
4,1,0,0.1026,Brazil,Morocco,Group,
4,1,1,0.1147,Brazil,Morocco,Group,
4,1,2,0.0615,Brazil,Morocco,Group,
4,1,3,0.0263,Brazil,Morocco,Group,
4,1,4,0.0065,Brazil,Morocco,Group,
4,1,5,0.0011,Brazil,Morocco,Group,
4,1,6,0.0005,Brazil,Morocco,Group,
4,1,7,0.0001,Brazil,Morocco,Group,
4,2,0,0.0904,Brazil,Morocco,Group,
4,2,1,0.0917,Brazil,Morocco,Group,
4,2,2,0.0571,Brazil,Morocco,Group,
4,2,3,0.0181,Brazil,Morocco,Group,
4,2,4,0.0049,Brazil,Morocco,Group,
4,2,5,0.0013,Brazil,Morocco,Group,
4,2,6,0.0003,Brazil,Morocco,Group,
4,3,0,0.045,Brazil,Morocco,Group,
4,3,1,0.0544,Brazil,Morocco,Group,
4,3,2,0.0298,Brazil,Morocco,Group,
4,3,3,0.0113,Brazil,Morocco,Group,
4,3,4,0.0027,Brazil,Morocco,Group,
4,3,5,0.0006,Brazil,Morocco,Group,
4,4,0,0.0212,Brazil,Morocco,Group,
4,4,1,0.0214,Brazil,Morocco,Group,
4,4,2,0.0133,Brazil,Morocco,Group,
4,4,3,0.0049,Brazil,Morocco,Group,
4,4,4,0.0016,Brazil,Morocco,Group,
4,4,5,0.0004,Brazil,Morocco,Group,
4,4,6,0.0001,Brazil,Morocco,Group,
4,5,0,0.006,Brazil,Morocco,Group,
4,5,1,0.0088,Brazil,Morocco,Group,
4,5,2,0.0038,Brazil,Morocco,Group,
4,5,3,0.0011,Brazil,Morocco,Group,
4,5,4,0.0005,Brazil,Morocco,Group,
4,5,5,0.0003,Brazil,Morocco,Group,
4,6,0,0.0022,Brazil,Morocco,Group,
4,6,1,0.0022,Brazil,Morocco,Group,
4,6,2,0.0018,Brazil,Morocco,Group,
4,6,3,0.0005,Brazil,Morocco,Group,
4,7,0,0.0007,Brazil,Morocco,Group,
4,7,1,0.0007,Brazil,Morocco,Group,
4,7,2,0.0004,Brazil,Morocco,Group,
4,7,3,0.0003,Brazil,Morocco,Group,
4,7,4,0.0001,Brazil,Morocco,Group,
4,8,0,0.0001,Brazil,Morocco,Group,
4,8,1,0.0002,Brazil,Morocco,Group,
4,8,2,0.0002,Brazil,Morocco,Group,
4,9,0,0.0001,Brazil,Morocco,Group,
5,0,0,0.0867,Haiti,Scotland,Group,
5,0,1,0.1225,Haiti,Scotland,Group,
5,0,2,0.0944,Haiti,Scotland,Group,
5,0,3,0.0494,Haiti,Scotland,Group,
5,0,4,0.0178,Haiti,Scotland,Group,
5,0,5,0.0055,Haiti,Scotland,Group,
5,0,6,0.0012,Haiti,Scotland,Group,
5,0,7,0.0003,Haiti,Scotland,Group,
5,1,0,0.0764,Haiti,Scotland,Group,
5,1,1,0.1243,Haiti,Scotland,Group,
5,1,2,0.0947,Haiti,Scotland,Group,
5,1,3,0.0442,Haiti,Scotland,Group,
5,1,4,0.0207,Haiti,Scotland,Group,
5,1,5,0.0053,Haiti,Scotland,Group,
5,1,6,0.0016,Haiti,Scotland,Group,
5,1,7,0.0003,Haiti,Scotland,Group,
5,1,8,0.0001,Haiti,Scotland,Group,
5,2,0,0.0416,Haiti,Scotland,Group,
5,2,1,0.057,Haiti,Scotland,Group,
5,2,2,0.0458,Haiti,Scotland,Group,
5,2,3,0.0242,Haiti,Scotland,Group,
5,2,4,0.0066,Haiti,Scotland,Group,
5,2,5,0.0024,Haiti,Scotland,Group,
5,2,6,0.0009,Haiti,Scotland,Group,
5,2,7,0.0001,Haiti,Scotland,Group,
5,3,0,0.0126,Haiti,Scotland,Group,
5,3,1,0.018,Haiti,Scotland,Group,
5,3,2,0.0168,Haiti,Scotland,Group,
5,3,3,0.0073,Haiti,Scotland,Group,
5,3,4,0.0022,Haiti,Scotland,Group,
5,3,5,0.0004,Haiti,Scotland,Group,
5,3,6,0.0002,Haiti,Scotland,Group,
5,3,7,0.0001,Haiti,Scotland,Group,
5,4,0,0.0032,Haiti,Scotland,Group,
5,4,1,0.0052,Haiti,Scotland,Group,
5,4,2,0.0037,Haiti,Scotland,Group,
5,4,3,0.0016,Haiti,Scotland,Group,
5,4,4,0.0008,Haiti,Scotland,Group,
5,4,5,0.0005,Haiti,Scotland,Group,
5,4,6,0.0001,Haiti,Scotland,Group,
5,5,0,0.0011,Haiti,Scotland,Group,
5,5,1,0.0008,Haiti,Scotland,Group,
5,5,2,0.0005,Haiti,Scotland,Group,
5,5,3,0.0004,Haiti,Scotland,Group,
5,5,4,0.0002,Haiti,Scotland,Group,
5,6,2,0.0002,Haiti,Scotland,Group,
5,6,3,0.0001,Haiti,Scotland,Group,
6,0,0,0.0615,United States,Paraguay,Group,
6,0,1,0.0972,United States,Paraguay,Group,
6,0,2,0.0723,United States,Paraguay,Group,
6,0,3,0.0389,United States,Paraguay,Group,
6,0,4,0.0151,United States,Paraguay,Group,
6,0,5,0.0048,United States,Paraguay,Group,
6,0,6,0.0015,United States,Paraguay,Group,
6,0,7,0.0003,United States,Paraguay,Group,
6,0,8,0.0001,United States,Paraguay,Group,
6,1,0,0.0731,United States,Paraguay,Group,
6,1,1,0.1203,United States,Paraguay,Group,
6,1,2,0.0863,United States,Paraguay,Group,
6,1,3,0.0472,United States,Paraguay,Group,
6,1,4,0.0175,United States,Paraguay,Group,
6,1,5,0.0054,United States,Paraguay,Group,
6,1,6,0.0019,United States,Paraguay,Group,
6,1,7,0.0002,United States,Paraguay,Group,
6,1,8,0.0001,United States,Paraguay,Group,
6,2,0,0.0454,United States,Paraguay,Group,
6,2,1,0.0718,United States,Paraguay,Group,
6,2,2,0.0603,United States,Paraguay,Group,
6,2,3,0.0311,United States,Paraguay,Group,
6,2,4,0.011,United States,Paraguay,Group,
6,2,5,0.0031,United States,Paraguay,Group,
6,2,6,0.0003,United States,Paraguay,Group,
6,2,7,0.0001,United States,Paraguay,Group,
6,2,8,0.0002,United States,Paraguay,Group,
6,3,0,0.0203,United States,Paraguay,Group,
6,3,1,0.0299,United States,Paraguay,Group,
6,3,2,0.026,United States,Paraguay,Group,
6,3,3,0.0127,United States,Paraguay,Group,
6,3,4,0.0043,United States,Paraguay,Group,
6,3,5,0.001,United States,Paraguay,Group,
6,3,6,0.0004,United States,Paraguay,Group,
6,4,0,0.0066,United States,Paraguay,Group,
6,4,1,0.0088,United States,Paraguay,Group,
6,4,2,0.0091,United States,Paraguay,Group,
6,4,3,0.0038,United States,Paraguay,Group,
6,4,4,0.0014,United States,Paraguay,Group,
6,4,5,0.0001,United States,Paraguay,Group,
6,4,6,0.0001,United States,Paraguay,Group,
6,5,0,0.0017,United States,Paraguay,Group,
6,5,1,0.0023,United States,Paraguay,Group,
6,5,2,0.0017,United States,Paraguay,Group,
6,5,3,0.0008,United States,Paraguay,Group,
6,5,4,0.0005,United States,Paraguay,Group,
6,5,5,0.0001,United States,Paraguay,Group,
6,5,6,0.0001,United States,Paraguay,Group,
6,6,0,0.0003,United States,Paraguay,Group,
6,6,1,0.0001,United States,Paraguay,Group,
6,6,2,0.0002,United States,Paraguay,Group,
6,6,3,0.0001,United States,Paraguay,Group,
6,6,4,0.0001,United States,Paraguay,Group,
6,7,0,0.0001,United States,Paraguay,Group,
6,7,1,0.0001,United States,Paraguay,Group,
6,7,3,0.0001,United States,Paraguay,Group,
6,8,1,0.0001,United States,Paraguay,Group,
6,8,2,0.0001,United States,Paraguay,Group,
7,0,0,0.0958,Australia,Turkey,Group,
7,0,1,0.1274,Australia,Turkey,Group,
7,0,2,0.0928,Australia,Turkey,Group,
7,0,3,0.0396,Australia,Turkey,Group,
7,0,4,0.017,Australia,Turkey,Group,
7,0,5,0.0046,Australia,Turkey,Group,
7,0,6,0.0012,Australia,Turkey,Group,
7,0,7,0.0003,Australia,Turkey,Group,
7,1,0,0.0935,Australia,Turkey,Group,
7,1,1,0.128,Australia,Turkey,Group,
7,1,2,0.0855,Australia,Turkey,Group,
7,1,3,0.0429,Australia,Turkey,Group,
7,1,4,0.0133,Australia,Turkey,Group,
7,1,5,0.0042,Australia,Turkey,Group,
7,1,6,0.001,Australia,Turkey,Group,
7,1,7,0.0002,Australia,Turkey,Group,
7,2,0,0.0432,Australia,Turkey,Group,
7,2,1,0.0644,Australia,Turkey,Group,
7,2,2,0.0431,Australia,Turkey,Group,
7,2,3,0.0178,Australia,Turkey,Group,
7,2,4,0.0061,Australia,Turkey,Group,
7,2,5,0.0018,Australia,Turkey,Group,
7,2,6,0.0005,Australia,Turkey,Group,
7,2,7,0.0001,Australia,Turkey,Group,
7,3,0,0.0134,Australia,Turkey,Group,
7,3,1,0.0199,Australia,Turkey,Group,
7,3,2,0.0129,Australia,Turkey,Group,
7,3,3,0.0074,Australia,Turkey,Group,
7,3,4,0.0029,Australia,Turkey,Group,
7,3,5,0.001,Australia,Turkey,Group,
7,3,6,0.0002,Australia,Turkey,Group,
7,3,8,0.0001,Australia,Turkey,Group,
7,4,0,0.0038,Australia,Turkey,Group,
7,4,1,0.0052,Australia,Turkey,Group,
7,4,2,0.0033,Australia,Turkey,Group,
7,4,3,0.0012,Australia,Turkey,Group,
7,4,4,0.0007,Australia,Turkey,Group,
7,5,0,0.0006,Australia,Turkey,Group,
7,5,1,0.0014,Australia,Turkey,Group,
7,5,2,0.0003,Australia,Turkey,Group,
7,5,3,0.0005,Australia,Turkey,Group,
7,5,4,0.0002,Australia,Turkey,Group,
7,6,0,0.0002,Australia,Turkey,Group,
7,6,1,0.0002,Australia,Turkey,Group,
7,6,3,0.0001,Australia,Turkey,Group,
7,6,5,0.0001,Australia,Turkey,Group,
7,7,2,0.0001,Australia,Turkey,Group,
8,0,0,0.0735,Germany,Curaçao,Group,
8,0,1,0.0409,Germany,Curaçao,Group,
8,0,2,0.0129,Germany,Curaçao,Group,
8,0,3,0.0018,Germany,Curaçao,Group,
8,0,4,0.0003,Germany,Curaçao,Group,
8,1,0,0.1434,Germany,Curaçao,Group,
8,1,1,0.0855,Germany,Curaçao,Group,
8,1,2,0.0233,Germany,Curaçao,Group,
8,1,3,0.0054,Germany,Curaçao,Group,
8,1,4,0.0007,Germany,Curaçao,Group,
8,1,5,0.0001,Germany,Curaçao,Group,
8,2,0,0.1492,Germany,Curaçao,Group,
8,2,1,0.092,Germany,Curaçao,Group,
8,2,2,0.0224,Germany,Curaçao,Group,
8,2,3,0.0054,Germany,Curaçao,Group,
8,2,4,0.0004,Germany,Curaçao,Group,
8,2,5,0.0002,Germany,Curaçao,Group,
8,3,0,0.1009,Germany,Curaçao,Group,
8,3,1,0.0614,Germany,Curaçao,Group,
8,3,2,0.0182,Germany,Curaçao,Group,
8,3,3,0.0033,Germany,Curaçao,Group,
8,3,4,0.0003,Germany,Curaçao,Group,
8,4,0,0.056,Germany,Curaçao,Group,
8,4,1,0.0311,Germany,Curaçao,Group,
8,4,2,0.0085,Germany,Curaçao,Group,
8,4,3,0.0016,Germany,Curaçao,Group,
8,4,4,0.0002,Germany,Curaçao,Group,
8,4,6,0.0001,Germany,Curaçao,Group,
8,5,0,0.0232,Germany,Curaçao,Group,
8,5,1,0.0138,Germany,Curaçao,Group,
8,5,2,0.0041,Germany,Curaçao,Group,
8,5,3,0.001,Germany,Curaçao,Group,
8,5,4,0.0002,Germany,Curaçao,Group,
8,5,5,0.0001,Germany,Curaçao,Group,
8,5,6,0.0001,Germany,Curaçao,Group,
8,6,0,0.0076,Germany,Curaçao,Group,
8,6,1,0.0046,Germany,Curaçao,Group,
8,6,2,0.0009,Germany,Curaçao,Group,
8,6,3,0.0001,Germany,Curaçao,Group,
8,6,4,0.0001,Germany,Curaçao,Group,
8,7,0,0.0023,Germany,Curaçao,Group,
8,7,1,0.0012,Germany,Curaçao,Group,
8,7,2,0.0004,Germany,Curaçao,Group,
8,7,3,0.0001,Germany,Curaçao,Group,
8,8,0,0.0003,Germany,Curaçao,Group,
8,8,1,0.0004,Germany,Curaçao,Group,
8,8,2,0.0003,Germany,Curaçao,Group,
8,9,0,0.0001,Germany,Curaçao,Group,
8,9,1,0.0001,Germany,Curaçao,Group,
9,0,0,0.0809,Ivory Coast,Ecuador,Group,
9,0,1,0.1424,Ivory Coast,Ecuador,Group,
9,0,2,0.127,Ivory Coast,Ecuador,Group,
9,0,3,0.0733,Ivory Coast,Ecuador,Group,
9,0,4,0.0302,Ivory Coast,Ecuador,Group,
9,0,5,0.0112,Ivory Coast,Ecuador,Group,
9,0,6,0.0035,Ivory Coast,Ecuador,Group,
9,0,7,0.0011,Ivory Coast,Ecuador,Group,
9,0,8,0.0002,Ivory Coast,Ecuador,Group,
9,1,0,0.0643,Ivory Coast,Ecuador,Group,
9,1,1,0.1052,Ivory Coast,Ecuador,Group,
9,1,2,0.0991,Ivory Coast,Ecuador,Group,
9,1,3,0.0556,Ivory Coast,Ecuador,Group,
9,1,4,0.0251,Ivory Coast,Ecuador,Group,
9,1,5,0.0082,Ivory Coast,Ecuador,Group,
9,1,6,0.002,Ivory Coast,Ecuador,Group,
9,1,7,0.0007,Ivory Coast,Ecuador,Group,
9,2,0,0.0222,Ivory Coast,Ecuador,Group,
9,2,1,0.0392,Ivory Coast,Ecuador,Group,
9,2,2,0.0337,Ivory Coast,Ecuador,Group,
9,2,3,0.0222,Ivory Coast,Ecuador,Group,
9,2,4,0.0097,Ivory Coast,Ecuador,Group,
9,2,5,0.0032,Ivory Coast,Ecuador,Group,
9,2,6,0.0005,Ivory Coast,Ecuador,Group,
9,2,7,0.0004,Ivory Coast,Ecuador,Group,
9,2,8,0.0001,Ivory Coast,Ecuador,Group,
9,3,0,0.0055,Ivory Coast,Ecuador,Group,
9,3,1,0.0097,Ivory Coast,Ecuador,Group,
9,3,2,0.0073,Ivory Coast,Ecuador,Group,
9,3,3,0.0058,Ivory Coast,Ecuador,Group,
9,3,4,0.0031,Ivory Coast,Ecuador,Group,
9,3,5,0.0008,Ivory Coast,Ecuador,Group,
9,3,6,0.0003,Ivory Coast,Ecuador,Group,
9,4,0,0.0009,Ivory Coast,Ecuador,Group,
9,4,1,0.0015,Ivory Coast,Ecuador,Group,
9,4,2,0.0015,Ivory Coast,Ecuador,Group,
9,4,3,0.0007,Ivory Coast,Ecuador,Group,
9,4,4,0.0007,Ivory Coast,Ecuador,Group,
9,4,6,0.0001,Ivory Coast,Ecuador,Group,
9,5,0,0.0001,Ivory Coast,Ecuador,Group,
9,5,1,0.0003,Ivory Coast,Ecuador,Group,
9,5,2,0.0003,Ivory Coast,Ecuador,Group,
9,5,3,0.0001,Ivory Coast,Ecuador,Group,
9,6,1,0.0001,Ivory Coast,Ecuador,Group,
10,0,0,0.0769,Netherlands,Japan,Group,
10,0,1,0.1069,Netherlands,Japan,Group,
10,0,2,0.0713,Netherlands,Japan,Group,
10,0,3,0.0317,Netherlands,Japan,Group,
10,0,4,0.0105,Netherlands,Japan,Group,
10,0,5,0.0027,Netherlands,Japan,Group,
10,0,6,0.0008,Netherlands,Japan,Group,
10,0,7,0.0001,Netherlands,Japan,Group,
10,0,8,0.0001,Netherlands,Japan,Group,
10,1,0,0.0927,Netherlands,Japan,Group,
10,1,1,0.1265,Netherlands,Japan,Group,
10,1,2,0.0819,Netherlands,Japan,Group,
10,1,3,0.0406,Netherlands,Japan,Group,
10,1,4,0.0128,Netherlands,Japan,Group,
10,1,5,0.0044,Netherlands,Japan,Group,
10,1,6,0.0006,Netherlands,Japan,Group,
10,2,0,0.0571,Netherlands,Japan,Group,
10,2,1,0.0748,Netherlands,Japan,Group,
10,2,2,0.0541,Netherlands,Japan,Group,
10,2,3,0.0257,Netherlands,Japan,Group,
10,2,4,0.0075,Netherlands,Japan,Group,
10,2,5,0.002,Netherlands,Japan,Group,
10,2,6,0.0004,Netherlands,Japan,Group,
10,2,7,0.0001,Netherlands,Japan,Group,
10,3,0,0.0218,Netherlands,Japan,Group,
10,3,1,0.0262,Netherlands,Japan,Group,
10,3,2,0.0203,Netherlands,Japan,Group,
10,3,3,0.0098,Netherlands,Japan,Group,
10,3,4,0.0035,Netherlands,Japan,Group,
10,3,5,0.0013,Netherlands,Japan,Group,
10,3,6,0.0002,Netherlands,Japan,Group,
10,4,0,0.0061,Netherlands,Japan,Group,
10,4,1,0.0092,Netherlands,Japan,Group,
10,4,2,0.0063,Netherlands,Japan,Group,
10,4,3,0.0033,Netherlands,Japan,Group,
10,4,4,0.0009,Netherlands,Japan,Group,
10,4,5,0.0008,Netherlands,Japan,Group,
10,4,6,0.0001,Netherlands,Japan,Group,
10,5,0,0.0016,Netherlands,Japan,Group,
10,5,1,0.0023,Netherlands,Japan,Group,
10,5,2,0.0015,Netherlands,Japan,Group,
10,5,3,0.0009,Netherlands,Japan,Group,
10,5,4,0.0001,Netherlands,Japan,Group,
10,5,5,0.0001,Netherlands,Japan,Group,
10,6,0,0.0004,Netherlands,Japan,Group,
10,6,1,0.0005,Netherlands,Japan,Group,
10,6,2,0.0001,Netherlands,Japan,Group,
10,6,3,0.0003,Netherlands,Japan,Group,
10,6,4,0.0001,Netherlands,Japan,Group,
10,8,0,0.0001,Netherlands,Japan,Group,
11,0,0,0.0516,Sweden,Tunisia,Group,
11,0,1,0.0576,Sweden,Tunisia,Group,
11,0,2,0.0316,Sweden,Tunisia,Group,
11,0,3,0.0131,Sweden,Tunisia,Group,
11,0,4,0.0034,Sweden,Tunisia,Group,
11,0,5,0.0007,Sweden,Tunisia,Group,
11,0,6,0.0001,Sweden,Tunisia,Group,
11,1,0,0.0894,Sweden,Tunisia,Group,
11,1,1,0.1065,Sweden,Tunisia,Group,
11,1,2,0.0622,Sweden,Tunisia,Group,
11,1,3,0.0235,Sweden,Tunisia,Group,
11,1,4,0.0074,Sweden,Tunisia,Group,
11,1,5,0.0014,Sweden,Tunisia,Group,
11,1,6,0.0002,Sweden,Tunisia,Group,
11,2,0,0.0826,Sweden,Tunisia,Group,
11,2,1,0.0968,Sweden,Tunisia,Group,
11,2,2,0.0515,Sweden,Tunisia,Group,
11,2,3,0.0214,Sweden,Tunisia,Group,
11,2,4,0.0089,Sweden,Tunisia,Group,
11,2,5,0.0017,Sweden,Tunisia,Group,
11,2,6,0.0006,Sweden,Tunisia,Group,
11,3,0,0.0507,Sweden,Tunisia,Group,
11,3,1,0.0603,Sweden,Tunisia,Group,
11,3,2,0.0386,Sweden,Tunisia,Group,
11,3,3,0.0147,Sweden,Tunisia,Group,
11,3,4,0.0042,Sweden,Tunisia,Group,
11,3,5,0.001,Sweden,Tunisia,Group,
11,3,6,0.0002,Sweden,Tunisia,Group,
11,4,0,0.0224,Sweden,Tunisia,Group,
11,4,1,0.0278,Sweden,Tunisia,Group,
11,4,2,0.0185,Sweden,Tunisia,Group,
11,4,3,0.0058,Sweden,Tunisia,Group,
11,4,4,0.0011,Sweden,Tunisia,Group,
11,4,5,0.0005,Sweden,Tunisia,Group,
11,4,6,0.0002,Sweden,Tunisia,Group,
11,5,0,0.0091,Sweden,Tunisia,Group,
11,5,1,0.0113,Sweden,Tunisia,Group,
11,5,2,0.0056,Sweden,Tunisia,Group,
11,5,3,0.0029,Sweden,Tunisia,Group,
11,5,4,0.0007,Sweden,Tunisia,Group,
11,5,5,0.0001,Sweden,Tunisia,Group,
11,5,7,0.0001,Sweden,Tunisia,Group,
11,6,0,0.0029,Sweden,Tunisia,Group,
11,6,1,0.0034,Sweden,Tunisia,Group,
11,6,2,0.0023,Sweden,Tunisia,Group,
11,6,3,0.0006,Sweden,Tunisia,Group,
11,6,4,0.0005,Sweden,Tunisia,Group,
11,6,5,0.0001,Sweden,Tunisia,Group,
11,7,0,0.0009,Sweden,Tunisia,Group,
11,7,1,0.0006,Sweden,Tunisia,Group,
11,7,2,0.0001,Sweden,Tunisia,Group,
11,8,0,0.0002,Sweden,Tunisia,Group,
11,8,1,0.0002,Sweden,Tunisia,Group,
11,8,2,0.0001,Sweden,Tunisia,Group,
11,8,3,0.0001,Sweden,Tunisia,Group,
12,0,0,0.0679,Belgium,Egypt,Group,
12,0,1,0.0599,Belgium,Egypt,Group,
12,0,2,0.0254,Belgium,Egypt,Group,
12,0,3,0.0085,Belgium,Egypt,Group,
12,0,4,0.0017,Belgium,Egypt,Group,
12,0,5,0.0005,Belgium,Egypt,Group,
12,0,6,0.0001,Belgium,Egypt,Group,
12,1,0,0.1265,Belgium,Egypt,Group,
12,1,1,0.1098,Belgium,Egypt,Group,
12,1,2,0.0466,Belgium,Egypt,Group,
12,1,3,0.0136,Belgium,Egypt,Group,
12,1,4,0.0032,Belgium,Egypt,Group,
12,1,5,0.0003,Belgium,Egypt,Group,
12,1,6,0.0001,Belgium,Egypt,Group,
12,1,7,0.0001,Belgium,Egypt,Group,
12,2,0,0.1095,Belgium,Egypt,Group,
12,2,1,0.1026,Belgium,Egypt,Group,
12,2,2,0.0412,Belgium,Egypt,Group,
12,2,3,0.0127,Belgium,Egypt,Group,
12,2,4,0.0031,Belgium,Egypt,Group,
12,2,5,0.0011,Belgium,Egypt,Group,
12,2,6,0.0001,Belgium,Egypt,Group,
12,3,0,0.065,Belgium,Egypt,Group,
12,3,1,0.0578,Belgium,Egypt,Group,
12,3,2,0.0258,Belgium,Egypt,Group,
12,3,3,0.0067,Belgium,Egypt,Group,
12,3,4,0.0015,Belgium,Egypt,Group,
12,3,5,0.0001,Belgium,Egypt,Group,
12,4,0,0.0299,Belgium,Egypt,Group,
12,4,1,0.0244,Belgium,Egypt,Group,
12,4,2,0.0119,Belgium,Egypt,Group,
12,4,3,0.0028,Belgium,Egypt,Group,
12,4,4,0.0007,Belgium,Egypt,Group,
12,4,5,0.0001,Belgium,Egypt,Group,
12,5,0,0.0124,Belgium,Egypt,Group,
12,5,1,0.0097,Belgium,Egypt,Group,
12,5,2,0.0044,Belgium,Egypt,Group,
12,5,3,0.001,Belgium,Egypt,Group,
12,5,4,0.0002,Belgium,Egypt,Group,
12,5,5,0.0002,Belgium,Egypt,Group,
12,5,6,0.0001,Belgium,Egypt,Group,
12,6,0,0.0033,Belgium,Egypt,Group,
12,6,1,0.003,Belgium,Egypt,Group,
12,6,2,0.0014,Belgium,Egypt,Group,
12,6,3,0.0002,Belgium,Egypt,Group,
12,7,0,0.0008,Belgium,Egypt,Group,
12,7,1,0.0005,Belgium,Egypt,Group,
12,7,2,0.0007,Belgium,Egypt,Group,
12,7,3,0.0002,Belgium,Egypt,Group,
12,8,0,0.0002,Belgium,Egypt,Group,
12,8,1,0.0001,Belgium,Egypt,Group,
12,8,5,0.0001,Belgium,Egypt,Group,
12,9,0,0.0001,Belgium,Egypt,Group,
12,9,2,0.0001,Belgium,Egypt,Group,
12,9,3,0.0001,Belgium,Egypt,Group,
13,0,0,0.0734,Iran,New Zealand,Group,
13,0,1,0.0505,Iran,New Zealand,Group,
13,0,2,0.0151,Iran,New Zealand,Group,
13,0,3,0.0048,Iran,New Zealand,Group,
13,0,4,0.0002,Iran,New Zealand,Group,
13,1,0,0.1424,Iran,New Zealand,Group,
13,1,1,0.0925,Iran,New Zealand,Group,
13,1,2,0.0289,Iran,New Zealand,Group,
13,1,3,0.0052,Iran,New Zealand,Group,
13,1,4,0.0006,Iran,New Zealand,Group,
13,1,5,0.0002,Iran,New Zealand,Group,
13,2,0,0.1334,Iran,New Zealand,Group,
13,2,1,0.0934,Iran,New Zealand,Group,
13,2,2,0.0346,Iran,New Zealand,Group,
13,2,3,0.0083,Iran,New Zealand,Group,
13,2,4,0.0013,Iran,New Zealand,Group,
13,2,5,0.0001,Iran,New Zealand,Group,
13,2,6,0.0001,Iran,New Zealand,Group,
13,3,0,0.0939,Iran,New Zealand,Group,
13,3,1,0.0664,Iran,New Zealand,Group,
13,3,2,0.0209,Iran,New Zealand,Group,
13,3,3,0.0033,Iran,New Zealand,Group,
13,3,4,0.0007,Iran,New Zealand,Group,
13,4,0,0.0434,Iran,New Zealand,Group,
13,4,1,0.0276,Iran,New Zealand,Group,
13,4,2,0.0092,Iran,New Zealand,Group,
13,4,3,0.002,Iran,New Zealand,Group,
13,4,4,0.0001,Iran,New Zealand,Group,
13,4,5,0.0001,Iran,New Zealand,Group,
13,5,0,0.0169,Iran,New Zealand,Group,
13,5,1,0.011,Iran,New Zealand,Group,
13,5,2,0.0038,Iran,New Zealand,Group,
13,5,3,0.0009,Iran,New Zealand,Group,
13,5,4,0.0002,Iran,New Zealand,Group,
13,6,0,0.0052,Iran,New Zealand,Group,
13,6,1,0.0039,Iran,New Zealand,Group,
13,6,2,0.0011,Iran,New Zealand,Group,
13,6,3,0.0006,Iran,New Zealand,Group,
13,6,4,0.0001,Iran,New Zealand,Group,
13,7,0,0.0014,Iran,New Zealand,Group,
13,7,1,0.001,Iran,New Zealand,Group,
13,7,2,0.0001,Iran,New Zealand,Group,
13,8,0,0.0005,Iran,New Zealand,Group,
13,8,1,0.0005,Iran,New Zealand,Group,
13,8,3,0.0001,Iran,New Zealand,Group,
13,9,0,0.0001,Iran,New Zealand,Group,
14,0,0,0.1104,Spain,Cape Verde,Group,
14,0,1,0.0241,Spain,Cape Verde,Group,
14,0,2,0.0025,Spain,Cape Verde,Group,
14,0,3,0.0001,Spain,Cape Verde,Group,
14,1,0,0.2286,Spain,Cape Verde,Group,
14,1,1,0.0486,Spain,Cape Verde,Group,
14,1,2,0.0053,Spain,Cape Verde,Group,
14,1,3,0.0004,Spain,Cape Verde,Group,
14,2,0,0.2159,Spain,Cape Verde,Group,
14,2,1,0.0448,Spain,Cape Verde,Group,
14,2,2,0.0043,Spain,Cape Verde,Group,
14,2,3,0.0004,Spain,Cape Verde,Group,
14,2,4,0.0001,Spain,Cape Verde,Group,
14,3,0,0.1382,Spain,Cape Verde,Group,
14,3,1,0.0316,Spain,Cape Verde,Group,
14,3,2,0.0033,Spain,Cape Verde,Group,
14,3,3,0.0001,Spain,Cape Verde,Group,
14,4,0,0.0729,Spain,Cape Verde,Group,
14,4,1,0.0149,Spain,Cape Verde,Group,
14,4,2,0.0018,Spain,Cape Verde,Group,
14,4,3,0.0004,Spain,Cape Verde,Group,
14,5,0,0.0279,Spain,Cape Verde,Group,
14,5,1,0.0049,Spain,Cape Verde,Group,
14,5,2,0.0008,Spain,Cape Verde,Group,
14,6,0,0.0109,Spain,Cape Verde,Group,
14,6,1,0.0027,Spain,Cape Verde,Group,
14,6,2,0.0004,Spain,Cape Verde,Group,
14,6,3,0.0001,Spain,Cape Verde,Group,
14,7,0,0.0026,Spain,Cape Verde,Group,
14,7,1,0.0002,Spain,Cape Verde,Group,
14,7,2,0.0001,Spain,Cape Verde,Group,
14,8,0,0.0003,Spain,Cape Verde,Group,
14,9,0,0.0001,Spain,Cape Verde,Group,
14,9,2,0.0001,Spain,Cape Verde,Group,
14,10,0,0.0002,Spain,Cape Verde,Group,
15,0,0,0.0969,Saudi Arabia,Uruguay,Group,
15,0,1,0.1563,Saudi Arabia,Uruguay,Group,
15,0,2,0.1221,Saudi Arabia,Uruguay,Group,
15,0,3,0.0701,Saudi Arabia,Uruguay,Group,
15,0,4,0.0282,Saudi Arabia,Uruguay,Group,
15,0,5,0.0113,Saudi Arabia,Uruguay,Group,
15,0,6,0.0032,Saudi Arabia,Uruguay,Group,
15,0,7,0.0008,Saudi Arabia,Uruguay,Group,
15,0,9,0.0001,Saudi Arabia,Uruguay,Group,
15,1,0,0.0789,Saudi Arabia,Uruguay,Group,
15,1,1,0.1136,Saudi Arabia,Uruguay,Group,
15,1,2,0.0906,Saudi Arabia,Uruguay,Group,
15,1,3,0.0462,Saudi Arabia,Uruguay,Group,
15,1,4,0.0224,Saudi Arabia,Uruguay,Group,
15,1,5,0.0067,Saudi Arabia,Uruguay,Group,
15,1,6,0.0013,Saudi Arabia,Uruguay,Group,
15,1,7,0.0007,Saudi Arabia,Uruguay,Group,
15,1,8,0.0001,Saudi Arabia,Uruguay,Group,
15,2,0,0.0221,Saudi Arabia,Uruguay,Group,
15,2,1,0.0379,Saudi Arabia,Uruguay,Group,
15,2,2,0.0308,Saudi Arabia,Uruguay,Group,
15,2,3,0.0141,Saudi Arabia,Uruguay,Group,
15,2,4,0.0067,Saudi Arabia,Uruguay,Group,
15,2,5,0.0021,Saudi Arabia,Uruguay,Group,
15,2,6,0.0004,Saudi Arabia,Uruguay,Group,
15,3,0,0.0074,Saudi Arabia,Uruguay,Group,
15,3,1,0.0097,Saudi Arabia,Uruguay,Group,
15,3,2,0.0074,Saudi Arabia,Uruguay,Group,
15,3,3,0.0045,Saudi Arabia,Uruguay,Group,
15,3,4,0.0011,Saudi Arabia,Uruguay,Group,
15,3,5,0.0006,Saudi Arabia,Uruguay,Group,
15,4,0,0.0013,Saudi Arabia,Uruguay,Group,
15,4,1,0.0017,Saudi Arabia,Uruguay,Group,
15,4,2,0.0014,Saudi Arabia,Uruguay,Group,
15,4,3,0.0008,Saudi Arabia,Uruguay,Group,
15,4,4,0.0003,Saudi Arabia,Uruguay,Group,
15,4,6,0.0001,Saudi Arabia,Uruguay,Group,
15,5,2,0.0001,Saudi Arabia,Uruguay,Group,
16,0,0,0.0612,France,Senegal,Group,
16,0,1,0.0606,France,Senegal,Group,
16,0,2,0.0261,France,Senegal,Group,
16,0,3,0.0083,France,Senegal,Group,
16,0,4,0.0025,France,Senegal,Group,
16,0,5,0.0002,France,Senegal,Group,
16,0,6,0.0001,France,Senegal,Group,
16,1,0,0.1159,France,Senegal,Group,
16,1,1,0.111,France,Senegal,Group,
16,1,2,0.0477,France,Senegal,Group,
16,1,3,0.0147,France,Senegal,Group,
16,1,4,0.0034,France,Senegal,Group,
16,1,5,0.0003,France,Senegal,Group,
16,2,0,0.1062,France,Senegal,Group,
16,2,1,0.0934,France,Senegal,Group,
16,2,2,0.0481,France,Senegal,Group,
16,2,3,0.0134,France,Senegal,Group,
16,2,4,0.0037,France,Senegal,Group,
16,2,5,0.0008,France,Senegal,Group,
16,3,0,0.0667,France,Senegal,Group,
16,3,1,0.0618,France,Senegal,Group,
16,3,2,0.0287,France,Senegal,Group,
16,3,3,0.0081,France,Senegal,Group,
16,3,4,0.002,France,Senegal,Group,
16,3,5,0.0004,France,Senegal,Group,
16,3,6,0.0001,France,Senegal,Group,
16,4,0,0.0299,France,Senegal,Group,
16,4,1,0.0261,France,Senegal,Group,
16,4,2,0.0144,France,Senegal,Group,
16,4,3,0.0051,France,Senegal,Group,
16,4,4,0.0009,France,Senegal,Group,
16,5,0,0.0093,France,Senegal,Group,
16,5,1,0.0104,France,Senegal,Group,
16,5,2,0.0053,France,Senegal,Group,
16,5,3,0.0019,France,Senegal,Group,
16,5,4,0.0004,France,Senegal,Group,
16,6,0,0.003,France,Senegal,Group,
16,6,1,0.0037,France,Senegal,Group,
16,6,2,0.0007,France,Senegal,Group,
16,6,3,0.0001,France,Senegal,Group,
16,6,4,0.0001,France,Senegal,Group,
16,7,0,0.0012,France,Senegal,Group,
16,7,1,0.0007,France,Senegal,Group,
16,7,2,0.0003,France,Senegal,Group,
16,7,3,0.0002,France,Senegal,Group,
16,8,0,0.0005,France,Senegal,Group,
16,8,1,0.0003,France,Senegal,Group,
16,9,0,0.0001,France,Senegal,Group,
17,0,0,0.0976,Iraq,Norway,Group,
17,0,1,0.1485,Iraq,Norway,Group,
17,0,2,0.1189,Iraq,Norway,Group,
17,0,3,0.0658,Iraq,Norway,Group,
17,0,4,0.0281,Iraq,Norway,Group,
17,0,5,0.0082,Iraq,Norway,Group,
17,0,6,0.0025,Iraq,Norway,Group,
17,0,7,0.0007,Iraq,Norway,Group,
17,1,0,0.0699,Iraq,Norway,Group,
17,1,1,0.1125,Iraq,Norway,Group,
17,1,2,0.0934,Iraq,Norway,Group,
17,1,3,0.048,Iraq,Norway,Group,
17,1,4,0.0209,Iraq,Norway,Group,
17,1,5,0.0077,Iraq,Norway,Group,
17,1,6,0.0021,Iraq,Norway,Group,
17,1,7,0.0005,Iraq,Norway,Group,
17,2,0,0.0246,Iraq,Norway,Group,
17,2,1,0.0427,Iraq,Norway,Group,
17,2,2,0.035,Iraq,Norway,Group,
17,2,3,0.0196,Iraq,Norway,Group,
17,2,4,0.0084,Iraq,Norway,Group,
17,2,5,0.0036,Iraq,Norway,Group,
17,2,6,0.0007,Iraq,Norway,Group,
17,2,7,0.0002,Iraq,Norway,Group,
17,3,0,0.0057,Iraq,Norway,Group,
17,3,1,0.0098,Iraq,Norway,Group,
17,3,2,0.0088,Iraq,Norway,Group,
17,3,3,0.0044,Iraq,Norway,Group,
17,3,4,0.0017,Iraq,Norway,Group,
17,3,5,0.0011,Iraq,Norway,Group,
17,3,6,0.0002,Iraq,Norway,Group,
17,3,8,0.0001,Iraq,Norway,Group,
17,4,0,0.0014,Iraq,Norway,Group,
17,4,1,0.0024,Iraq,Norway,Group,
17,4,2,0.0014,Iraq,Norway,Group,
17,4,3,0.0009,Iraq,Norway,Group,
17,4,4,0.0002,Iraq,Norway,Group,
17,4,5,0.0001,Iraq,Norway,Group,
17,4,6,0.0001,Iraq,Norway,Group,
17,5,0,0.0003,Iraq,Norway,Group,
17,5,1,0.0005,Iraq,Norway,Group,
17,5,2,0.0005,Iraq,Norway,Group,
17,5,3,0.0001,Iraq,Norway,Group,
17,5,4,0.0001,Iraq,Norway,Group,
17,6,4,0.0001,Iraq,Norway,Group,
18,0,0,0.0928,Argentina,Algeria,Group,
18,0,1,0.0567,Argentina,Algeria,Group,
18,0,2,0.0191,Argentina,Algeria,Group,
18,0,3,0.0026,Argentina,Algeria,Group,
18,0,4,0.0008,Argentina,Algeria,Group,
18,1,0,0.1657,Argentina,Algeria,Group,
18,1,1,0.105,Argentina,Algeria,Group,
18,1,2,0.0303,Argentina,Algeria,Group,
18,1,3,0.0046,Argentina,Algeria,Group,
18,1,4,0.0007,Argentina,Algeria,Group,
18,1,5,0.0002,Argentina,Algeria,Group,
18,1,6,0.0001,Argentina,Algeria,Group,
18,2,0,0.1459,Argentina,Algeria,Group,
18,2,1,0.0857,Argentina,Algeria,Group,
18,2,2,0.024,Argentina,Algeria,Group,
18,2,3,0.0048,Argentina,Algeria,Group,
18,2,4,0.0007,Argentina,Algeria,Group,
18,3,0,0.0871,Argentina,Algeria,Group,
18,3,1,0.05,Argentina,Algeria,Group,
18,3,2,0.0165,Argentina,Algeria,Group,
18,3,3,0.0022,Argentina,Algeria,Group,
18,3,4,0.0003,Argentina,Algeria,Group,
18,3,6,0.0001,Argentina,Algeria,Group,
18,4,0,0.0407,Argentina,Algeria,Group,
18,4,1,0.0232,Argentina,Algeria,Group,
18,4,2,0.0068,Argentina,Algeria,Group,
18,4,3,0.0012,Argentina,Algeria,Group,
18,4,4,0.0001,Argentina,Algeria,Group,
18,5,0,0.0133,Argentina,Algeria,Group,
18,5,1,0.0089,Argentina,Algeria,Group,
18,5,2,0.0031,Argentina,Algeria,Group,
18,5,3,0.0005,Argentina,Algeria,Group,
18,6,0,0.002,Argentina,Algeria,Group,
18,6,1,0.0019,Argentina,Algeria,Group,
18,6,2,0.0003,Argentina,Algeria,Group,
18,6,3,0.0001,Argentina,Algeria,Group,
18,7,0,0.0009,Argentina,Algeria,Group,
18,7,1,0.0004,Argentina,Algeria,Group,
18,7,2,0.0003,Argentina,Algeria,Group,
18,8,1,0.0001,Argentina,Algeria,Group,
18,8,3,0.0001,Argentina,Algeria,Group,
18,9,0,0.0002,Argentina,Algeria,Group,
19,0,0,0.0557,Austria,Jordan,Group,
19,0,1,0.0546,Austria,Jordan,Group,
19,0,2,0.0267,Austria,Jordan,Group,
19,0,3,0.0107,Austria,Jordan,Group,
19,0,4,0.0017,Austria,Jordan,Group,
19,0,5,0.0001,Austria,Jordan,Group,
19,1,0,0.1079,Austria,Jordan,Group,
19,1,1,0.1072,Austria,Jordan,Group,
19,1,2,0.0506,Austria,Jordan,Group,
19,1,3,0.0166,Austria,Jordan,Group,
19,1,4,0.0035,Austria,Jordan,Group,
19,1,5,0.001,Austria,Jordan,Group,
19,1,6,0.0002,Austria,Jordan,Group,
19,1,7,0.0001,Austria,Jordan,Group,
19,2,0,0.1067,Austria,Jordan,Group,
19,2,1,0.1007,Austria,Jordan,Group,
19,2,2,0.0491,Austria,Jordan,Group,
19,2,3,0.0164,Austria,Jordan,Group,
19,2,4,0.0037,Austria,Jordan,Group,
19,2,5,0.0002,Austria,Jordan,Group,
19,2,6,0.0001,Austria,Jordan,Group,
19,3,0,0.0639,Austria,Jordan,Group,
19,3,1,0.0608,Austria,Jordan,Group,
19,3,2,0.0286,Austria,Jordan,Group,
19,3,3,0.0087,Austria,Jordan,Group,
19,3,4,0.0028,Austria,Jordan,Group,
19,3,5,0.0005,Austria,Jordan,Group,
19,4,0,0.0303,Austria,Jordan,Group,
19,4,1,0.0277,Austria,Jordan,Group,
19,4,2,0.0137,Austria,Jordan,Group,
19,4,3,0.0053,Austria,Jordan,Group,
19,4,4,0.0007,Austria,Jordan,Group,
19,4,5,0.0006,Austria,Jordan,Group,
19,5,0,0.0127,Austria,Jordan,Group,
19,5,1,0.0087,Austria,Jordan,Group,
19,5,2,0.0038,Austria,Jordan,Group,
19,5,3,0.0015,Austria,Jordan,Group,
19,5,4,0.0003,Austria,Jordan,Group,
19,5,5,0.0003,Austria,Jordan,Group,
19,6,0,0.0048,Austria,Jordan,Group,
19,6,1,0.0048,Austria,Jordan,Group,
19,6,2,0.0015,Austria,Jordan,Group,
19,6,3,0.0007,Austria,Jordan,Group,
19,6,4,0.0002,Austria,Jordan,Group,
19,7,0,0.0015,Austria,Jordan,Group,
19,7,1,0.0009,Austria,Jordan,Group,
19,7,2,0.0001,Austria,Jordan,Group,
19,7,3,0.0001,Austria,Jordan,Group,
19,7,4,0.0002,Austria,Jordan,Group,
19,8,0,0.0001,Austria,Jordan,Group,
19,8,1,0.0002,Austria,Jordan,Group,
19,8,2,0.0001,Austria,Jordan,Group,
19,9,0,0.0001,Austria,Jordan,Group,
19,9,1,0.0002,Austria,Jordan,Group,
19,9,2,0.0001,Austria,Jordan,Group,
20,0,0,0.1007,Portugal,DR Congo,Group,
20,0,1,0.0778,Portugal,DR Congo,Group,
20,0,2,0.0281,Portugal,DR Congo,Group,
20,0,3,0.0071,Portugal,DR Congo,Group,
20,0,4,0.0011,Portugal,DR Congo,Group,
20,0,5,0.0004,Portugal,DR Congo,Group,
20,1,0,0.1586,Portugal,DR Congo,Group,
20,1,1,0.116,Portugal,DR Congo,Group,
20,1,2,0.0413,Portugal,DR Congo,Group,
20,1,3,0.0112,Portugal,DR Congo,Group,
20,1,4,0.0023,Portugal,DR Congo,Group,
20,1,5,0.0002,Portugal,DR Congo,Group,
20,2,0,0.1226,Portugal,DR Congo,Group,
20,2,1,0.0894,Portugal,DR Congo,Group,
20,2,2,0.0312,Portugal,DR Congo,Group,
20,2,3,0.0092,Portugal,DR Congo,Group,
20,2,4,0.0016,Portugal,DR Congo,Group,
20,2,5,0.0005,Portugal,DR Congo,Group,
20,3,0,0.0624,Portugal,DR Congo,Group,
20,3,1,0.0444,Portugal,DR Congo,Group,
20,3,2,0.018,Portugal,DR Congo,Group,
20,3,3,0.0059,Portugal,DR Congo,Group,
20,3,4,0.0012,Portugal,DR Congo,Group,
20,4,0,0.0241,Portugal,DR Congo,Group,
20,4,1,0.0147,Portugal,DR Congo,Group,
20,4,2,0.0067,Portugal,DR Congo,Group,
20,4,3,0.0016,Portugal,DR Congo,Group,
20,4,4,0.0002,Portugal,DR Congo,Group,
20,5,0,0.0081,Portugal,DR Congo,Group,
20,5,1,0.006,Portugal,DR Congo,Group,
20,5,2,0.0023,Portugal,DR Congo,Group,
20,5,3,0.0006,Portugal,DR Congo,Group,
20,5,4,0.0002,Portugal,DR Congo,Group,
20,6,0,0.0018,Portugal,DR Congo,Group,
20,6,1,0.0013,Portugal,DR Congo,Group,
20,6,2,0.0002,Portugal,DR Congo,Group,
20,6,3,0.0003,Portugal,DR Congo,Group,
20,7,0,0.0003,Portugal,DR Congo,Group,
20,7,1,0.0001,Portugal,DR Congo,Group,
20,7,2,0.0002,Portugal,DR Congo,Group,
20,8,3,0.0001,Portugal,DR Congo,Group,
21,0,0,0.0584,Uzbekistan,Colombia,Group,
21,0,1,0.1184,Uzbekistan,Colombia,Group,
21,0,2,0.1225,Uzbekistan,Colombia,Group,
21,0,3,0.0845,Uzbekistan,Colombia,Group,
21,0,4,0.0435,Uzbekistan,Colombia,Group,
21,0,5,0.0171,Uzbekistan,Colombia,Group,
21,0,6,0.0065,Uzbekistan,Colombia,Group,
21,0,7,0.0014,Uzbekistan,Colombia,Group,
21,0,8,0.0008,Uzbekistan,Colombia,Group,
21,0,10,0.0001,Uzbekistan,Colombia,Group,
21,1,0,0.047,Uzbekistan,Colombia,Group,
21,1,1,0.0862,Uzbekistan,Colombia,Group,
21,1,2,0.0955,Uzbekistan,Colombia,Group,
21,1,3,0.0708,Uzbekistan,Colombia,Group,
21,1,4,0.0334,Uzbekistan,Colombia,Group,
21,1,5,0.0152,Uzbekistan,Colombia,Group,
21,1,6,0.0045,Uzbekistan,Colombia,Group,
21,1,7,0.0015,Uzbekistan,Colombia,Group,
21,1,8,0.0004,Uzbekistan,Colombia,Group,
21,1,10,0.0001,Uzbekistan,Colombia,Group,
21,2,0,0.0176,Uzbekistan,Colombia,Group,
21,2,1,0.0405,Uzbekistan,Colombia,Group,
21,2,2,0.0381,Uzbekistan,Colombia,Group,
21,2,3,0.0276,Uzbekistan,Colombia,Group,
21,2,4,0.0138,Uzbekistan,Colombia,Group,
21,2,5,0.0068,Uzbekistan,Colombia,Group,
21,2,6,0.0017,Uzbekistan,Colombia,Group,
21,2,7,0.0004,Uzbekistan,Colombia,Group,
21,2,8,0.0001,Uzbekistan,Colombia,Group,
21,2,9,0.0001,Uzbekistan,Colombia,Group,
21,3,0,0.0047,Uzbekistan,Colombia,Group,
21,3,1,0.0088,Uzbekistan,Colombia,Group,
21,3,2,0.0096,Uzbekistan,Colombia,Group,
21,3,3,0.0086,Uzbekistan,Colombia,Group,
21,3,4,0.0041,Uzbekistan,Colombia,Group,
21,3,5,0.0009,Uzbekistan,Colombia,Group,
21,3,6,0.0006,Uzbekistan,Colombia,Group,
21,3,7,0.0002,Uzbekistan,Colombia,Group,
21,4,0,0.0003,Uzbekistan,Colombia,Group,
21,4,1,0.0017,Uzbekistan,Colombia,Group,
21,4,2,0.0015,Uzbekistan,Colombia,Group,
21,4,3,0.0017,Uzbekistan,Colombia,Group,
21,4,4,0.0011,Uzbekistan,Colombia,Group,
21,4,5,0.0002,Uzbekistan,Colombia,Group,
21,5,1,0.0003,Uzbekistan,Colombia,Group,
21,5,2,0.0003,Uzbekistan,Colombia,Group,
21,5,3,0.0005,Uzbekistan,Colombia,Group,
21,5,4,0.0001,Uzbekistan,Colombia,Group,
21,5,5,0.0001,Uzbekistan,Colombia,Group,
21,6,1,0.0001,Uzbekistan,Colombia,Group,
21,6,4,0.0001,Uzbekistan,Colombia,Group,
22,0,0,0.0761,England,Croatia,Group,
22,0,1,0.0832,England,Croatia,Group,
22,0,2,0.0423,England,Croatia,Group,
22,0,3,0.0137,England,Croatia,Group,
22,0,4,0.0051,England,Croatia,Group,
22,0,5,0.0008,England,Croatia,Group,
22,0,6,0.0002,England,Croatia,Group,
22,1,0,0.119,England,Croatia,Group,
22,1,1,0.1215,England,Croatia,Group,
22,1,2,0.0608,England,Croatia,Group,
22,1,3,0.023,England,Croatia,Group,
22,1,4,0.0056,England,Croatia,Group,
22,1,5,0.0004,England,Croatia,Group,
22,1,6,0.0003,England,Croatia,Group,
22,1,7,0.0001,England,Croatia,Group,
22,2,0,0.0918,England,Croatia,Group,
22,2,1,0.0974,England,Croatia,Group,
22,2,2,0.0461,England,Croatia,Group,
22,2,3,0.0173,England,Croatia,Group,
22,2,4,0.0045,England,Croatia,Group,
22,2,5,0.001,England,Croatia,Group,
22,2,6,0.0001,England,Croatia,Group,
22,3,0,0.0425,England,Croatia,Group,
22,3,1,0.0458,England,Croatia,Group,
22,3,2,0.0238,England,Croatia,Group,
22,3,3,0.0077,England,Croatia,Group,
22,3,4,0.0029,England,Croatia,Group,
22,3,5,0.0006,England,Croatia,Group,
22,4,0,0.0169,England,Croatia,Group,
22,4,1,0.0189,England,Croatia,Group,
22,4,2,0.0089,England,Croatia,Group,
22,4,3,0.0025,England,Croatia,Group,
22,4,4,0.0006,England,Croatia,Group,
22,4,5,0.0001,England,Croatia,Group,
22,4,6,0.0001,England,Croatia,Group,
22,5,0,0.0054,England,Croatia,Group,
22,5,1,0.005,England,Croatia,Group,
22,5,2,0.0028,England,Croatia,Group,
22,5,3,0.001,England,Croatia,Group,
22,5,4,0.0001,England,Croatia,Group,
22,6,0,0.0012,England,Croatia,Group,
22,6,1,0.0012,England,Croatia,Group,
22,6,2,0.0006,England,Croatia,Group,
22,6,3,0.0001,England,Croatia,Group,
22,6,4,0.0001,England,Croatia,Group,
22,6,5,0.0001,England,Croatia,Group,
22,7,0,0.0001,England,Croatia,Group,
22,7,1,0.0005,England,Croatia,Group,
22,7,2,0.0001,England,Croatia,Group,
22,8,1,0.0001,England,Croatia,Group,
23,0,0,0.0701,Ghana,Panama,Group,
23,0,1,0.1165,Ghana,Panama,Group,
23,0,2,0.0886,Ghana,Panama,Group,
23,0,3,0.059,Ghana,Panama,Group,
23,0,4,0.0241,Ghana,Panama,Group,
23,0,5,0.0084,Ghana,Panama,Group,
23,0,6,0.0018,Ghana,Panama,Group,
23,0,7,0.0006,Ghana,Panama,Group,
23,0,8,0.0001,Ghana,Panama,Group,
23,1,0,0.0689,Ghana,Panama,Group,
23,1,1,0.1183,Ghana,Panama,Group,
23,1,2,0.1004,Ghana,Panama,Group,
23,1,3,0.056,Ghana,Panama,Group,
23,1,4,0.0223,Ghana,Panama,Group,
23,1,5,0.0072,Ghana,Panama,Group,
23,1,6,0.0018,Ghana,Panama,Group,
23,1,7,0.0008,Ghana,Panama,Group,
23,1,8,0.0003,Ghana,Panama,Group,
23,2,0,0.034,Ghana,Panama,Group,
23,2,1,0.0591,Ghana,Panama,Group,
23,2,2,0.0502,Ghana,Panama,Group,
23,2,3,0.026,Ghana,Panama,Group,
23,2,4,0.0103,Ghana,Panama,Group,
23,2,5,0.0036,Ghana,Panama,Group,
23,2,6,0.0005,Ghana,Panama,Group,
23,2,7,0.0002,Ghana,Panama,Group,
23,3,0,0.0097,Ghana,Panama,Group,
23,3,1,0.0183,Ghana,Panama,Group,
23,3,2,0.0142,Ghana,Panama,Group,
23,3,3,0.0062,Ghana,Panama,Group,
23,3,4,0.0031,Ghana,Panama,Group,
23,3,5,0.0015,Ghana,Panama,Group,
23,3,6,0.0002,Ghana,Panama,Group,
23,3,7,0.0001,Ghana,Panama,Group,
23,3,8,0.0002,Ghana,Panama,Group,
23,4,0,0.0022,Ghana,Panama,Group,
23,4,1,0.0043,Ghana,Panama,Group,
23,4,2,0.0035,Ghana,Panama,Group,
23,4,3,0.0024,Ghana,Panama,Group,
23,4,4,0.0004,Ghana,Panama,Group,
23,4,5,0.0004,Ghana,Panama,Group,
23,5,0,0.0006,Ghana,Panama,Group,
23,5,1,0.0015,Ghana,Panama,Group,
23,5,2,0.0012,Ghana,Panama,Group,
23,5,3,0.0004,Ghana,Panama,Group,
23,5,4,0.0001,Ghana,Panama,Group,
23,5,5,0.0001,Ghana,Panama,Group,
23,6,2,0.0002,Ghana,Panama,Group,
23,6,4,0.0001,Ghana,Panama,Group,
24,0,0,0.0732,Mexico,South Korea,Group,
24,0,1,0.0684,Mexico,South Korea,Group,
24,0,2,0.0341,Mexico,South Korea,Group,
24,0,3,0.0123,Mexico,South Korea,Group,
24,0,4,0.0019,Mexico,South Korea,Group,
24,0,5,0.0006,Mexico,South Korea,Group,
24,0,6,0.0001,Mexico,South Korea,Group,
24,1,0,0.1154,Mexico,South Korea,Group,
24,1,1,0.1189,Mexico,South Korea,Group,
24,1,2,0.0566,Mexico,South Korea,Group,
24,1,3,0.0212,Mexico,South Korea,Group,
24,1,4,0.005,Mexico,South Korea,Group,
24,1,5,0.0012,Mexico,South Korea,Group,
24,1,6,0.0001,Mexico,South Korea,Group,
24,2,0,0.0938,Mexico,South Korea,Group,
24,2,1,0.093,Mexico,South Korea,Group,
24,2,2,0.0507,Mexico,South Korea,Group,
24,2,3,0.0152,Mexico,South Korea,Group,
24,2,4,0.0038,Mexico,South Korea,Group,
24,2,5,0.001,Mexico,South Korea,Group,
24,2,6,0.0001,Mexico,South Korea,Group,
24,2,7,0.0001,Mexico,South Korea,Group,
24,3,0,0.0537,Mexico,South Korea,Group,
24,3,1,0.0525,Mexico,South Korea,Group,
24,3,2,0.0271,Mexico,South Korea,Group,
24,3,3,0.0088,Mexico,South Korea,Group,
24,3,4,0.0025,Mexico,South Korea,Group,
24,3,5,0.0005,Mexico,South Korea,Group,
24,3,6,0.0001,Mexico,South Korea,Group,
24,4,0,0.0242,Mexico,South Korea,Group,
24,4,1,0.0235,Mexico,South Korea,Group,
24,4,2,0.0103,Mexico,South Korea,Group,
24,4,3,0.0027,Mexico,South Korea,Group,
24,4,4,0.0008,Mexico,South Korea,Group,
24,4,5,0.0001,Mexico,South Korea,Group,
24,5,0,0.0077,Mexico,South Korea,Group,
24,5,1,0.0064,Mexico,South Korea,Group,
24,5,2,0.0048,Mexico,South Korea,Group,
24,5,3,0.0008,Mexico,South Korea,Group,
24,5,4,0.0002,Mexico,South Korea,Group,
24,6,0,0.002,Mexico,South Korea,Group,
24,6,1,0.0015,Mexico,South Korea,Group,
24,6,2,0.001,Mexico,South Korea,Group,
24,6,3,0.0008,Mexico,South Korea,Group,
24,7,0,0.0001,Mexico,South Korea,Group,
24,7,1,0.0005,Mexico,South Korea,Group,
24,7,2,0.0002,Mexico,South Korea,Group,
24,7,3,0.0002,Mexico,South Korea,Group,
24,8,0,0.0002,Mexico,South Korea,Group,
24,8,1,0.0001,Mexico,South Korea,Group,
25,0,0,0.0701,Czechia,South Africa,Group,
25,0,1,0.0567,Czechia,South Africa,Group,
25,0,2,0.0228,Czechia,South Africa,Group,
25,0,3,0.008,Czechia,South Africa,Group,
25,0,4,0.0011,Czechia,South Africa,Group,
25,0,5,0.0002,Czechia,South Africa,Group,
25,1,0,0.133,Czechia,South Africa,Group,
25,1,1,0.0999,Czechia,South Africa,Group,
25,1,2,0.0414,Czechia,South Africa,Group,
25,1,3,0.0129,Czechia,South Africa,Group,
25,1,4,0.0022,Czechia,South Africa,Group,
25,1,5,0.0007,Czechia,South Africa,Group,
25,1,6,0.0001,Czechia,South Africa,Group,
25,2,0,0.1167,Czechia,South Africa,Group,
25,2,1,0.1011,Czechia,South Africa,Group,
25,2,2,0.0403,Czechia,South Africa,Group,
25,2,3,0.0113,Czechia,South Africa,Group,
25,2,4,0.0016,Czechia,South Africa,Group,
25,2,5,0.0001,Czechia,South Africa,Group,
25,2,6,0.0002,Czechia,South Africa,Group,
25,3,0,0.0718,Czechia,South Africa,Group,
25,3,1,0.057,Czechia,South Africa,Group,
25,3,2,0.024,Czechia,South Africa,Group,
25,3,3,0.0065,Czechia,South Africa,Group,
25,3,4,0.0013,Czechia,South Africa,Group,
25,3,5,0.0005,Czechia,South Africa,Group,
25,4,0,0.0379,Czechia,South Africa,Group,
25,4,1,0.0276,Czechia,South Africa,Group,
25,4,2,0.0123,Czechia,South Africa,Group,
25,4,3,0.0034,Czechia,South Africa,Group,
25,4,4,0.0005,Czechia,South Africa,Group,
25,4,5,0.0003,Czechia,South Africa,Group,
25,4,6,0.0001,Czechia,South Africa,Group,
25,5,0,0.0119,Czechia,South Africa,Group,
25,5,1,0.0078,Czechia,South Africa,Group,
25,5,2,0.0037,Czechia,South Africa,Group,
25,5,3,0.0009,Czechia,South Africa,Group,
25,5,4,0.0003,Czechia,South Africa,Group,
25,5,5,0.0001,Czechia,South Africa,Group,
25,6,0,0.0034,Czechia,South Africa,Group,
25,6,1,0.0039,Czechia,South Africa,Group,
25,6,2,0.0012,Czechia,South Africa,Group,
25,6,3,0.0005,Czechia,South Africa,Group,
25,6,4,0.0002,Czechia,South Africa,Group,
25,6,5,0.0001,Czechia,South Africa,Group,
25,7,0,0.0007,Czechia,South Africa,Group,
25,7,1,0.0006,Czechia,South Africa,Group,
25,7,2,0.0001,Czechia,South Africa,Group,
25,7,3,0.0003,Czechia,South Africa,Group,
25,7,4,0.0001,Czechia,South Africa,Group,
25,8,1,0.0004,Czechia,South Africa,Group,
25,9,2,0.0001,Czechia,South Africa,Group,
25,11,0,0.0001,Czechia,South Africa,Group,
26,0,0,0.0748,Canada,Qatar,Group,
26,0,1,0.0429,Canada,Qatar,Group,
26,0,2,0.0128,Canada,Qatar,Group,
26,0,3,0.0025,Canada,Qatar,Group,
26,0,5,0.0001,Canada,Qatar,Group,
26,1,0,0.1532,Canada,Qatar,Group,
26,1,1,0.0888,Canada,Qatar,Group,
26,1,2,0.025,Canada,Qatar,Group,
26,1,3,0.0059,Canada,Qatar,Group,
26,1,4,0.0014,Canada,Qatar,Group,
26,1,5,0.0001,Canada,Qatar,Group,
26,2,0,0.1479,Canada,Qatar,Group,
26,2,1,0.0868,Canada,Qatar,Group,
26,2,2,0.0279,Canada,Qatar,Group,
26,2,3,0.0046,Canada,Qatar,Group,
26,2,4,0.0008,Canada,Qatar,Group,
26,2,6,0.0001,Canada,Qatar,Group,
26,3,0,0.1012,Canada,Qatar,Group,
26,3,1,0.0592,Canada,Qatar,Group,
26,3,2,0.0159,Canada,Qatar,Group,
26,3,3,0.0032,Canada,Qatar,Group,
26,3,4,0.0005,Canada,Qatar,Group,
26,3,5,0.0001,Canada,Qatar,Group,
26,4,0,0.0539,Canada,Qatar,Group,
26,4,1,0.0291,Canada,Qatar,Group,
26,4,2,0.0088,Canada,Qatar,Group,
26,4,3,0.0019,Canada,Qatar,Group,
26,4,4,0.0002,Canada,Qatar,Group,
26,5,0,0.0177,Canada,Qatar,Group,
26,5,1,0.0125,Canada,Qatar,Group,
26,5,2,0.0027,Canada,Qatar,Group,
26,5,3,0.0009,Canada,Qatar,Group,
26,5,4,0.0002,Canada,Qatar,Group,
26,6,0,0.0066,Canada,Qatar,Group,
26,6,1,0.0042,Canada,Qatar,Group,
26,6,2,0.0014,Canada,Qatar,Group,
26,7,0,0.0019,Canada,Qatar,Group,
26,7,1,0.0012,Canada,Qatar,Group,
26,7,2,0.0003,Canada,Qatar,Group,
26,7,4,0.0001,Canada,Qatar,Group,
26,8,0,0.0002,Canada,Qatar,Group,
26,8,1,0.0002,Canada,Qatar,Group,
26,9,0,0.0002,Canada,Qatar,Group,
26,9,1,0.0001,Canada,Qatar,Group,
27,0,0,0.0707,Switzerland,Bosnia and Herzegovina,Group,
27,0,1,0.0562,Switzerland,Bosnia and Herzegovina,Group,
27,0,2,0.0216,Switzerland,Bosnia and Herzegovina,Group,
27,0,3,0.0053,Switzerland,Bosnia and Herzegovina,Group,
27,0,4,0.0008,Switzerland,Bosnia and Herzegovina,Group,
27,0,5,0.0001,Switzerland,Bosnia and Herzegovina,Group,
27,1,0,0.1319,Switzerland,Bosnia and Herzegovina,Group,
27,1,1,0.1029,Switzerland,Bosnia and Herzegovina,Group,
27,1,2,0.0359,Switzerland,Bosnia and Herzegovina,Group,
27,1,3,0.0109,Switzerland,Bosnia and Herzegovina,Group,
27,1,4,0.0015,Switzerland,Bosnia and Herzegovina,Group,
27,1,5,0.0002,Switzerland,Bosnia and Herzegovina,Group,
27,1,6,0.0001,Switzerland,Bosnia and Herzegovina,Group,
27,2,0,0.1284,Switzerland,Bosnia and Herzegovina,Group,
27,2,1,0.0956,Switzerland,Bosnia and Herzegovina,Group,
27,2,2,0.0381,Switzerland,Bosnia and Herzegovina,Group,
27,2,3,0.0094,Switzerland,Bosnia and Herzegovina,Group,
27,2,4,0.002,Switzerland,Bosnia and Herzegovina,Group,
27,2,5,0.0003,Switzerland,Bosnia and Herzegovina,Group,
27,3,0,0.0777,Switzerland,Bosnia and Herzegovina,Group,
27,3,1,0.0586,Switzerland,Bosnia and Herzegovina,Group,
27,3,2,0.0237,Switzerland,Bosnia and Herzegovina,Group,
27,3,3,0.0051,Switzerland,Bosnia and Herzegovina,Group,
27,3,4,0.0007,Switzerland,Bosnia and Herzegovina,Group,
27,3,5,0.0002,Switzerland,Bosnia and Herzegovina,Group,
27,4,0,0.0377,Switzerland,Bosnia and Herzegovina,Group,
27,4,1,0.0265,Switzerland,Bosnia and Herzegovina,Group,
27,4,2,0.0126,Switzerland,Bosnia and Herzegovina,Group,
27,4,3,0.0032,Switzerland,Bosnia and Herzegovina,Group,
27,4,4,0.0008,Switzerland,Bosnia and Herzegovina,Group,
27,4,7,0.0001,Switzerland,Bosnia and Herzegovina,Group,
27,5,0,0.0119,Switzerland,Bosnia and Herzegovina,Group,
27,5,1,0.0096,Switzerland,Bosnia and Herzegovina,Group,
27,5,2,0.0037,Switzerland,Bosnia and Herzegovina,Group,
27,5,3,0.001,Switzerland,Bosnia and Herzegovina,Group,
27,5,4,0.0005,Switzerland,Bosnia and Herzegovina,Group,
27,6,0,0.0045,Switzerland,Bosnia and Herzegovina,Group,
27,6,1,0.0038,Switzerland,Bosnia and Herzegovina,Group,
27,6,2,0.0014,Switzerland,Bosnia and Herzegovina,Group,
27,6,3,0.0005,Switzerland,Bosnia and Herzegovina,Group,
27,6,4,0.0001,Switzerland,Bosnia and Herzegovina,Group,
27,7,0,0.0018,Switzerland,Bosnia and Herzegovina,Group,
27,7,1,0.0017,Switzerland,Bosnia and Herzegovina,Group,
27,7,2,0.0002,Switzerland,Bosnia and Herzegovina,Group,
27,8,0,0.0002,Switzerland,Bosnia and Herzegovina,Group,
27,8,1,0.0002,Switzerland,Bosnia and Herzegovina,Group,
27,8,2,0.0001,Switzerland,Bosnia and Herzegovina,Group,
28,0,0,0.0527,Brazil,Haiti,Group,
28,0,1,0.0344,Brazil,Haiti,Group,
28,0,2,0.0105,Brazil,Haiti,Group,
28,0,3,0.0015,Brazil,Haiti,Group,
28,0,4,0.0002,Brazil,Haiti,Group,
28,1,0,0.119,Brazil,Haiti,Group,
28,1,1,0.0757,Brazil,Haiti,Group,
28,1,2,0.0237,Brazil,Haiti,Group,
28,1,3,0.0049,Brazil,Haiti,Group,
28,1,4,0.0006,Brazil,Haiti,Group,
28,2,0,0.1431,Brazil,Haiti,Group,
28,2,1,0.0837,Brazil,Haiti,Group,
28,2,2,0.03,Brazil,Haiti,Group,
28,2,3,0.0048,Brazil,Haiti,Group,
28,2,4,0.0009,Brazil,Haiti,Group,
28,2,5,0.0001,Brazil,Haiti,Group,
28,3,0,0.1071,Brazil,Haiti,Group,
28,3,1,0.0704,Brazil,Haiti,Group,
28,3,2,0.0217,Brazil,Haiti,Group,
28,3,3,0.0041,Brazil,Haiti,Group,
28,3,4,0.0003,Brazil,Haiti,Group,
28,4,0,0.0673,Brazil,Haiti,Group,
28,4,1,0.0387,Brazil,Haiti,Group,
28,4,2,0.0126,Brazil,Haiti,Group,
28,4,3,0.0031,Brazil,Haiti,Group,
28,4,4,0.0002,Brazil,Haiti,Group,
28,5,0,0.0314,Brazil,Haiti,Group,
28,5,1,0.0186,Brazil,Haiti,Group,
28,5,2,0.0055,Brazil,Haiti,Group,
28,5,3,0.0008,Brazil,Haiti,Group,
28,5,4,0.0003,Brazil,Haiti,Group,
28,6,0,0.0118,Brazil,Haiti,Group,
28,6,1,0.0062,Brazil,Haiti,Group,
28,6,2,0.0021,Brazil,Haiti,Group,
28,6,3,0.0004,Brazil,Haiti,Group,
28,6,4,0.0001,Brazil,Haiti,Group,
28,7,0,0.0041,Brazil,Haiti,Group,
28,7,1,0.0023,Brazil,Haiti,Group,
28,7,2,0.0012,Brazil,Haiti,Group,
28,7,3,0.0004,Brazil,Haiti,Group,
28,8,0,0.0015,Brazil,Haiti,Group,
28,8,1,0.0007,Brazil,Haiti,Group,
28,8,2,0.0006,Brazil,Haiti,Group,
28,8,3,0.0001,Brazil,Haiti,Group,
28,9,0,0.0002,Brazil,Haiti,Group,
28,9,1,0.0002,Brazil,Haiti,Group,
28,9,2,0.0001,Brazil,Haiti,Group,
28,10,0,0.0001,Brazil,Haiti,Group,
29,0,0,0.0725,Scotland,Morocco,Group,
29,0,1,0.1204,Scotland,Morocco,Group,
29,0,2,0.0957,Scotland,Morocco,Group,
29,0,3,0.0551,Scotland,Morocco,Group,
29,0,4,0.0211,Scotland,Morocco,Group,
29,0,5,0.0074,Scotland,Morocco,Group,
29,0,6,0.0013,Scotland,Morocco,Group,
29,0,7,0.0002,Scotland,Morocco,Group,
29,1,0,0.0747,Scotland,Morocco,Group,
29,1,1,0.1181,Scotland,Morocco,Group,
29,1,2,0.0948,Scotland,Morocco,Group,
29,1,3,0.0535,Scotland,Morocco,Group,
29,1,4,0.0205,Scotland,Morocco,Group,
29,1,5,0.0064,Scotland,Morocco,Group,
29,1,6,0.0015,Scotland,Morocco,Group,
29,1,7,0.0003,Scotland,Morocco,Group,
29,1,9,0.0001,Scotland,Morocco,Group,
29,2,0,0.0337,Scotland,Morocco,Group,
29,2,1,0.056,Scotland,Morocco,Group,
29,2,2,0.0446,Scotland,Morocco,Group,
29,2,3,0.0268,Scotland,Morocco,Group,
29,2,4,0.0113,Scotland,Morocco,Group,
29,2,5,0.0026,Scotland,Morocco,Group,
29,2,6,0.001,Scotland,Morocco,Group,
29,2,7,0.0004,Scotland,Morocco,Group,
29,3,0,0.0116,Scotland,Morocco,Group,
29,3,1,0.0181,Scotland,Morocco,Group,
29,3,2,0.0171,Scotland,Morocco,Group,
29,3,3,0.0087,Scotland,Morocco,Group,
29,3,4,0.0037,Scotland,Morocco,Group,
29,3,5,0.0007,Scotland,Morocco,Group,
29,3,6,0.0003,Scotland,Morocco,Group,
29,3,7,0.0002,Scotland,Morocco,Group,
29,4,0,0.0025,Scotland,Morocco,Group,
29,4,1,0.0057,Scotland,Morocco,Group,
29,4,2,0.0042,Scotland,Morocco,Group,
29,4,3,0.0026,Scotland,Morocco,Group,
29,4,4,0.001,Scotland,Morocco,Group,
29,4,5,0.0008,Scotland,Morocco,Group,
29,4,6,0.0001,Scotland,Morocco,Group,
29,5,0,0.0004,Scotland,Morocco,Group,
29,5,1,0.0007,Scotland,Morocco,Group,
29,5,2,0.0003,Scotland,Morocco,Group,
29,5,3,0.0004,Scotland,Morocco,Group,
29,5,4,0.0004,Scotland,Morocco,Group,
29,6,0,0.0001,Scotland,Morocco,Group,
29,6,1,0.0001,Scotland,Morocco,Group,
29,6,3,0.0001,Scotland,Morocco,Group,
29,6,4,0.0001,Scotland,Morocco,Group,
29,7,1,0.0001,Scotland,Morocco,Group,
30,0,0,0.0652,United States,Australia,Group,
30,0,1,0.0873,United States,Australia,Group,
30,0,2,0.0584,United States,Australia,Group,
30,0,3,0.028,United States,Australia,Group,
30,0,4,0.0095,United States,Australia,Group,
30,0,5,0.0021,United States,Australia,Group,
30,0,6,0.0009,United States,Australia,Group,
30,0,7,0.0001,United States,Australia,Group,
30,1,0,0.0922,United States,Australia,Group,
30,1,1,0.1159,United States,Australia,Group,
30,1,2,0.0847,United States,Australia,Group,
30,1,3,0.034,United States,Australia,Group,
30,1,4,0.0127,United States,Australia,Group,
30,1,5,0.003,United States,Australia,Group,
30,1,6,0.0014,United States,Australia,Group,
30,1,7,0.0001,United States,Australia,Group,
30,2,0,0.0591,United States,Australia,Group,
30,2,1,0.0805,United States,Australia,Group,
30,2,2,0.0577,United States,Australia,Group,
30,2,3,0.0265,United States,Australia,Group,
30,2,4,0.0095,United States,Australia,Group,
30,2,5,0.0022,United States,Australia,Group,
30,2,6,0.0005,United States,Australia,Group,
30,2,7,0.0004,United States,Australia,Group,
30,3,0,0.0299,United States,Australia,Group,
30,3,1,0.0408,United States,Australia,Group,
30,3,2,0.0273,United States,Australia,Group,
30,3,3,0.0128,United States,Australia,Group,
30,3,4,0.0046,United States,Australia,Group,
30,3,5,0.0006,United States,Australia,Group,
30,3,6,0.0001,United States,Australia,Group,
30,3,8,0.0001,United States,Australia,Group,
30,4,0,0.01,United States,Australia,Group,
30,4,1,0.0138,United States,Australia,Group,
30,4,2,0.0094,United States,Australia,Group,
30,4,3,0.0033,United States,Australia,Group,
30,4,4,0.0011,United States,Australia,Group,
30,4,5,0.0004,United States,Australia,Group,
30,4,6,0.0002,United States,Australia,Group,
30,4,7,0.0001,United States,Australia,Group,
30,5,0,0.002,United States,Australia,Group,
30,5,1,0.0038,United States,Australia,Group,
30,5,2,0.0025,United States,Australia,Group,
30,5,3,0.0013,United States,Australia,Group,
30,5,4,0.0009,United States,Australia,Group,
30,5,5,0.0001,United States,Australia,Group,
30,6,0,0.0006,United States,Australia,Group,
30,6,1,0.0011,United States,Australia,Group,
30,6,2,0.0002,United States,Australia,Group,
30,6,3,0.0007,United States,Australia,Group,
30,7,0,0.0002,United States,Australia,Group,
30,7,1,0.0002,United States,Australia,Group,
31,0,0,0.0908,Turkey,Paraguay,Group,
31,0,1,0.1043,Turkey,Paraguay,Group,
31,0,2,0.0567,Turkey,Paraguay,Group,
31,0,3,0.0202,Turkey,Paraguay,Group,
31,0,4,0.0066,Turkey,Paraguay,Group,
31,0,5,0.0011,Turkey,Paraguay,Group,
31,0,6,0.0001,Turkey,Paraguay,Group,
31,1,0,0.118,Turkey,Paraguay,Group,
31,1,1,0.1302,Turkey,Paraguay,Group,
31,1,2,0.0746,Turkey,Paraguay,Group,
31,1,3,0.0282,Turkey,Paraguay,Group,
31,1,4,0.0088,Turkey,Paraguay,Group,
31,1,5,0.0016,Turkey,Paraguay,Group,
31,1,6,0.0002,Turkey,Paraguay,Group,
31,2,0,0.0741,Turkey,Paraguay,Group,
31,2,1,0.081,Turkey,Paraguay,Group,
31,2,2,0.0446,Turkey,Paraguay,Group,
31,2,3,0.0181,Turkey,Paraguay,Group,
31,2,4,0.0052,Turkey,Paraguay,Group,
31,2,5,0.0012,Turkey,Paraguay,Group,
31,2,6,0.0003,Turkey,Paraguay,Group,
31,2,7,0.0001,Turkey,Paraguay,Group,
31,3,0,0.0302,Turkey,Paraguay,Group,
31,3,1,0.0357,Turkey,Paraguay,Group,
31,3,2,0.0198,Turkey,Paraguay,Group,
31,3,3,0.0074,Turkey,Paraguay,Group,
31,3,4,0.002,Turkey,Paraguay,Group,
31,3,5,0.0002,Turkey,Paraguay,Group,
31,3,6,0.0001,Turkey,Paraguay,Group,
31,4,0,0.0098,Turkey,Paraguay,Group,
31,4,1,0.0108,Turkey,Paraguay,Group,
31,4,2,0.0052,Turkey,Paraguay,Group,
31,4,3,0.0016,Turkey,Paraguay,Group,
31,4,4,0.0003,Turkey,Paraguay,Group,
31,4,5,0.0002,Turkey,Paraguay,Group,
31,5,0,0.0028,Turkey,Paraguay,Group,
31,5,1,0.0037,Turkey,Paraguay,Group,
31,5,2,0.0009,Turkey,Paraguay,Group,
31,5,3,0.0003,Turkey,Paraguay,Group,
31,5,4,0.0006,Turkey,Paraguay,Group,
31,6,0,0.0006,Turkey,Paraguay,Group,
31,6,1,0.0008,Turkey,Paraguay,Group,
31,6,2,0.0004,Turkey,Paraguay,Group,
31,6,3,0.0002,Turkey,Paraguay,Group,
31,7,0,0.0002,Turkey,Paraguay,Group,
31,7,1,0.0001,Turkey,Paraguay,Group,
31,7,3,0.0001,Turkey,Paraguay,Group,
32,0,0,0.0506,Germany,Ivory Coast,Group,
32,0,1,0.0478,Germany,Ivory Coast,Group,
32,0,2,0.0223,Germany,Ivory Coast,Group,
32,0,3,0.0053,Germany,Ivory Coast,Group,
32,0,4,0.0013,Germany,Ivory Coast,Group,
32,0,5,0.0002,Germany,Ivory Coast,Group,
32,1,0,0.1037,Germany,Ivory Coast,Group,
32,1,1,0.0899,Germany,Ivory Coast,Group,
32,1,2,0.0413,Germany,Ivory Coast,Group,
32,1,3,0.0141,Germany,Ivory Coast,Group,
32,1,4,0.0028,Germany,Ivory Coast,Group,
32,1,5,0.0002,Germany,Ivory Coast,Group,
32,2,0,0.1118,Germany,Ivory Coast,Group,
32,2,1,0.1,Germany,Ivory Coast,Group,
32,2,2,0.0443,Germany,Ivory Coast,Group,
32,2,3,0.0135,Germany,Ivory Coast,Group,
32,2,4,0.0033,Germany,Ivory Coast,Group,
32,2,5,0.0003,Germany,Ivory Coast,Group,
32,2,7,0.0001,Germany,Ivory Coast,Group,
32,3,0,0.0749,Germany,Ivory Coast,Group,
32,3,1,0.0702,Germany,Ivory Coast,Group,
32,3,2,0.0337,Germany,Ivory Coast,Group,
32,3,3,0.0099,Germany,Ivory Coast,Group,
32,3,4,0.0028,Germany,Ivory Coast,Group,
32,3,5,0.0001,Germany,Ivory Coast,Group,
32,3,6,0.0001,Germany,Ivory Coast,Group,
32,4,0,0.0416,Germany,Ivory Coast,Group,
32,4,1,0.0357,Germany,Ivory Coast,Group,
32,4,2,0.0163,Germany,Ivory Coast,Group,
32,4,3,0.0045,Germany,Ivory Coast,Group,
32,4,4,0.0014,Germany,Ivory Coast,Group,
32,5,0,0.0164,Germany,Ivory Coast,Group,
32,5,1,0.0127,Germany,Ivory Coast,Group,
32,5,2,0.0058,Germany,Ivory Coast,Group,
32,5,3,0.0012,Germany,Ivory Coast,Group,
32,5,4,0.0004,Germany,Ivory Coast,Group,
32,5,5,0.0001,Germany,Ivory Coast,Group,
32,6,0,0.0057,Germany,Ivory Coast,Group,
32,6,1,0.0052,Germany,Ivory Coast,Group,
32,6,2,0.0027,Germany,Ivory Coast,Group,
32,6,3,0.0009,Germany,Ivory Coast,Group,
32,6,4,0.0003,Germany,Ivory Coast,Group,
32,7,0,0.0013,Germany,Ivory Coast,Group,
32,7,1,0.001,Germany,Ivory Coast,Group,
32,7,2,0.0006,Germany,Ivory Coast,Group,
32,7,3,0.0003,Germany,Ivory Coast,Group,
32,8,0,0.0003,Germany,Ivory Coast,Group,
32,8,1,0.0004,Germany,Ivory Coast,Group,
32,8,2,0.0003,Germany,Ivory Coast,Group,
32,9,0,0.0001,Germany,Ivory Coast,Group,
32,9,1,0.0001,Germany,Ivory Coast,Group,
32,9,3,0.0002,Germany,Ivory Coast,Group,
33,0,0,0.0898,Ecuador,Curaçao,Group,
33,0,1,0.0485,Ecuador,Curaçao,Group,
33,0,2,0.0145,Ecuador,Curaçao,Group,
33,0,3,0.0022,Ecuador,Curaçao,Group,
33,0,4,0.0002,Ecuador,Curaçao,Group,
33,1,0,0.179,Ecuador,Curaçao,Group,
33,1,1,0.0914,Ecuador,Curaçao,Group,
33,1,2,0.0238,Ecuador,Curaçao,Group,
33,1,3,0.0042,Ecuador,Curaçao,Group,
33,1,4,0.0004,Ecuador,Curaçao,Group,
33,2,0,0.1607,Ecuador,Curaçao,Group,
33,2,1,0.0873,Ecuador,Curaçao,Group,
33,2,2,0.02,Ecuador,Curaçao,Group,
33,2,3,0.0046,Ecuador,Curaçao,Group,
33,2,4,0.0004,Ecuador,Curaçao,Group,
33,3,0,0.099,Ecuador,Curaçao,Group,
33,3,1,0.0466,Ecuador,Curaçao,Group,
33,3,2,0.0129,Ecuador,Curaçao,Group,
33,3,3,0.0024,Ecuador,Curaçao,Group,
33,3,4,0.0004,Ecuador,Curaçao,Group,
33,4,0,0.0421,Ecuador,Curaçao,Group,
33,4,1,0.0222,Ecuador,Curaçao,Group,
33,4,2,0.0061,Ecuador,Curaçao,Group,
33,4,3,0.0007,Ecuador,Curaçao,Group,
33,4,4,0.0001,Ecuador,Curaçao,Group,
33,5,0,0.0165,Ecuador,Curaçao,Group,
33,5,1,0.0094,Ecuador,Curaçao,Group,
33,5,2,0.0033,Ecuador,Curaçao,Group,
33,5,3,0.0002,Ecuador,Curaçao,Group,
33,6,0,0.005,Ecuador,Curaçao,Group,
33,6,1,0.0021,Ecuador,Curaçao,Group,
33,6,2,0.001,Ecuador,Curaçao,Group,
33,6,3,0.0001,Ecuador,Curaçao,Group,
33,6,4,0.0001,Ecuador,Curaçao,Group,
33,7,0,0.0021,Ecuador,Curaçao,Group,
33,7,1,0.0005,Ecuador,Curaçao,Group,
33,7,2,0.0001,Ecuador,Curaçao,Group,
33,8,1,0.0001,Ecuador,Curaçao,Group,
34,0,0,0.0506,Netherlands,Sweden,Group,
34,0,1,0.0535,Netherlands,Sweden,Group,
34,0,2,0.0271,Netherlands,Sweden,Group,
34,0,3,0.0104,Netherlands,Sweden,Group,
34,0,4,0.0012,Netherlands,Sweden,Group,
34,0,5,0.0006,Netherlands,Sweden,Group,
34,0,6,0.0001,Netherlands,Sweden,Group,
34,1,0,0.1027,Netherlands,Sweden,Group,
34,1,1,0.1058,Netherlands,Sweden,Group,
34,1,2,0.0493,Netherlands,Sweden,Group,
34,1,3,0.0169,Netherlands,Sweden,Group,
34,1,4,0.0049,Netherlands,Sweden,Group,
34,1,5,0.0015,Netherlands,Sweden,Group,
34,1,6,0.0001,Netherlands,Sweden,Group,
34,1,7,0.0001,Netherlands,Sweden,Group,
34,2,0,0.0956,Netherlands,Sweden,Group,
34,2,1,0.1023,Netherlands,Sweden,Group,
34,2,2,0.0536,Netherlands,Sweden,Group,
34,2,3,0.0159,Netherlands,Sweden,Group,
34,2,4,0.0045,Netherlands,Sweden,Group,
34,2,5,0.0008,Netherlands,Sweden,Group,
34,2,6,0.0001,Netherlands,Sweden,Group,
34,3,0,0.061,Netherlands,Sweden,Group,
34,3,1,0.0635,Netherlands,Sweden,Group,
34,3,2,0.0334,Netherlands,Sweden,Group,
34,3,3,0.0111,Netherlands,Sweden,Group,
34,3,4,0.0031,Netherlands,Sweden,Group,
34,3,5,0.0005,Netherlands,Sweden,Group,
34,4,0,0.0294,Netherlands,Sweden,Group,
34,4,1,0.0314,Netherlands,Sweden,Group,
34,4,2,0.0147,Netherlands,Sweden,Group,
34,4,3,0.0052,Netherlands,Sweden,Group,
34,4,4,0.0014,Netherlands,Sweden,Group,
34,4,5,0.0001,Netherlands,Sweden,Group,
34,4,6,0.0001,Netherlands,Sweden,Group,
34,5,0,0.0124,Netherlands,Sweden,Group,
34,5,1,0.0121,Netherlands,Sweden,Group,
34,5,2,0.0059,Netherlands,Sweden,Group,
34,5,3,0.0024,Netherlands,Sweden,Group,
34,5,4,0.0008,Netherlands,Sweden,Group,
34,6,0,0.0041,Netherlands,Sweden,Group,
34,6,1,0.0041,Netherlands,Sweden,Group,
34,6,2,0.0017,Netherlands,Sweden,Group,
34,6,3,0.0007,Netherlands,Sweden,Group,
34,6,4,0.0001,Netherlands,Sweden,Group,
34,7,0,0.0011,Netherlands,Sweden,Group,
34,7,1,0.0008,Netherlands,Sweden,Group,
34,7,2,0.0003,Netherlands,Sweden,Group,
34,7,3,0.0002,Netherlands,Sweden,Group,
34,8,0,0.0002,Netherlands,Sweden,Group,
34,8,1,0.0003,Netherlands,Sweden,Group,
34,8,2,0.0002,Netherlands,Sweden,Group,
34,10,1,0.0001,Netherlands,Sweden,Group,
35,0,0,0.0668,Tunisia,Japan,Group,
35,0,1,0.1303,Tunisia,Japan,Group,
35,0,2,0.1333,Tunisia,Japan,Group,
35,0,3,0.0874,Tunisia,Japan,Group,
35,0,4,0.0444,Tunisia,Japan,Group,
35,0,5,0.0209,Tunisia,Japan,Group,
35,0,6,0.006,Tunisia,Japan,Group,
35,0,7,0.0019,Tunisia,Japan,Group,
35,0,8,0.0007,Tunisia,Japan,Group,
35,0,9,0.0001,Tunisia,Japan,Group,
35,1,0,0.0472,Tunisia,Japan,Group,
35,1,1,0.0912,Tunisia,Japan,Group,
35,1,2,0.0993,Tunisia,Japan,Group,
35,1,3,0.0618,Tunisia,Japan,Group,
35,1,4,0.0328,Tunisia,Japan,Group,
35,1,5,0.0129,Tunisia,Japan,Group,
35,1,6,0.005,Tunisia,Japan,Group,
35,1,7,0.0008,Tunisia,Japan,Group,
35,1,8,0.0002,Tunisia,Japan,Group,
35,1,9,0.0002,Tunisia,Japan,Group,
35,2,0,0.0149,Tunisia,Japan,Group,
35,2,1,0.0326,Tunisia,Japan,Group,
35,2,2,0.0347,Tunisia,Japan,Group,
35,2,3,0.023,Tunisia,Japan,Group,
35,2,4,0.0105,Tunisia,Japan,Group,
35,2,5,0.004,Tunisia,Japan,Group,
35,2,6,0.0015,Tunisia,Japan,Group,
35,2,7,0.0005,Tunisia,Japan,Group,
35,2,8,0.0002,Tunisia,Japan,Group,
35,3,0,0.0035,Tunisia,Japan,Group,
35,3,1,0.0065,Tunisia,Japan,Group,
35,3,2,0.0084,Tunisia,Japan,Group,
35,3,3,0.0057,Tunisia,Japan,Group,
35,3,4,0.0028,Tunisia,Japan,Group,
35,3,5,0.0014,Tunisia,Japan,Group,
35,3,6,0.0005,Tunisia,Japan,Group,
35,3,7,0.0001,Tunisia,Japan,Group,
35,4,0,0.0007,Tunisia,Japan,Group,
35,4,1,0.0012,Tunisia,Japan,Group,
35,4,2,0.0015,Tunisia,Japan,Group,
35,4,3,0.0006,Tunisia,Japan,Group,
35,4,4,0.0004,Tunisia,Japan,Group,
35,4,5,0.0002,Tunisia,Japan,Group,
35,4,6,0.0002,Tunisia,Japan,Group,
35,4,7,0.0003,Tunisia,Japan,Group,
35,5,0,0.0001,Tunisia,Japan,Group,
35,5,1,0.0002,Tunisia,Japan,Group,
35,5,2,0.0004,Tunisia,Japan,Group,
35,5,3,0.0002,Tunisia,Japan,Group,
36,0,0,0.0689,Belgium,Iran,Group,
36,0,1,0.0731,Belgium,Iran,Group,
36,0,2,0.0393,Belgium,Iran,Group,
36,0,3,0.0145,Belgium,Iran,Group,
36,0,4,0.0033,Belgium,Iran,Group,
36,0,5,0.0008,Belgium,Iran,Group,
36,0,6,0.0001,Belgium,Iran,Group,
36,0,7,0.0001,Belgium,Iran,Group,
36,1,0,0.1163,Belgium,Iran,Group,
36,1,1,0.118,Belgium,Iran,Group,
36,1,2,0.0643,Belgium,Iran,Group,
36,1,3,0.0241,Belgium,Iran,Group,
36,1,4,0.0072,Belgium,Iran,Group,
36,1,5,0.0014,Belgium,Iran,Group,
36,1,6,0.0002,Belgium,Iran,Group,
36,2,0,0.087,Belgium,Iran,Group,
36,2,1,0.0897,Belgium,Iran,Group,
36,2,2,0.0524,Belgium,Iran,Group,
36,2,3,0.0181,Belgium,Iran,Group,
36,2,4,0.006,Belgium,Iran,Group,
36,2,5,0.0013,Belgium,Iran,Group,
36,2,6,0.0003,Belgium,Iran,Group,
36,3,0,0.0479,Belgium,Iran,Group,
36,3,1,0.0499,Belgium,Iran,Group,
36,3,2,0.0304,Belgium,Iran,Group,
36,3,3,0.0095,Belgium,Iran,Group,
36,3,4,0.0022,Belgium,Iran,Group,
36,3,5,0.0006,Belgium,Iran,Group,
36,3,6,0.0002,Belgium,Iran,Group,
36,4,0,0.0185,Belgium,Iran,Group,
36,4,1,0.0191,Belgium,Iran,Group,
36,4,2,0.0099,Belgium,Iran,Group,
36,4,3,0.003,Belgium,Iran,Group,
36,4,4,0.0008,Belgium,Iran,Group,
36,4,5,0.0001,Belgium,Iran,Group,
36,4,6,0.0001,Belgium,Iran,Group,
36,5,0,0.0049,Belgium,Iran,Group,
36,5,1,0.006,Belgium,Iran,Group,
36,5,2,0.0029,Belgium,Iran,Group,
36,5,3,0.001,Belgium,Iran,Group,
36,5,4,0.0003,Belgium,Iran,Group,
36,6,0,0.0017,Belgium,Iran,Group,
36,6,1,0.0013,Belgium,Iran,Group,
36,6,2,0.0011,Belgium,Iran,Group,
36,6,3,0.0003,Belgium,Iran,Group,
36,7,0,0.0003,Belgium,Iran,Group,
36,7,1,0.0004,Belgium,Iran,Group,
36,7,2,0.0007,Belgium,Iran,Group,
36,8,0,0.0002,Belgium,Iran,Group,
36,8,2,0.0003,Belgium,Iran,Group,
37,0,0,0.0814,New Zealand,Egypt,Group,
37,0,1,0.1421,New Zealand,Egypt,Group,
37,0,2,0.123,New Zealand,Egypt,Group,
37,0,3,0.0741,New Zealand,Egypt,Group,
37,0,4,0.0295,New Zealand,Egypt,Group,
37,0,5,0.0109,New Zealand,Egypt,Group,
37,0,6,0.0025,New Zealand,Egypt,Group,
37,0,7,0.0005,New Zealand,Egypt,Group,
37,0,8,0.0005,New Zealand,Egypt,Group,
37,1,0,0.0601,New Zealand,Egypt,Group,
37,1,1,0.103,New Zealand,Egypt,Group,
37,1,2,0.0917,New Zealand,Egypt,Group,
37,1,3,0.0599,New Zealand,Egypt,Group,
37,1,4,0.0259,New Zealand,Egypt,Group,
37,1,5,0.01,New Zealand,Egypt,Group,
37,1,6,0.0018,New Zealand,Egypt,Group,
37,1,7,0.0008,New Zealand,Egypt,Group,
37,1,8,0.0001,New Zealand,Egypt,Group,
37,2,0,0.0222,New Zealand,Egypt,Group,
37,2,1,0.043,New Zealand,Egypt,Group,
37,2,2,0.0365,New Zealand,Egypt,Group,
37,2,3,0.0224,New Zealand,Egypt,Group,
37,2,4,0.0091,New Zealand,Egypt,Group,
37,2,5,0.0024,New Zealand,Egypt,Group,
37,2,6,0.0006,New Zealand,Egypt,Group,
37,2,7,0.0004,New Zealand,Egypt,Group,
37,3,0,0.0047,New Zealand,Egypt,Group,
37,3,1,0.0115,New Zealand,Egypt,Group,
37,3,2,0.0104,New Zealand,Egypt,Group,
37,3,3,0.0057,New Zealand,Egypt,Group,
37,3,4,0.0022,New Zealand,Egypt,Group,
37,3,5,0.0006,New Zealand,Egypt,Group,
37,3,6,0.0004,New Zealand,Egypt,Group,
37,3,7,0.0003,New Zealand,Egypt,Group,
37,4,0,0.0019,New Zealand,Egypt,Group,
37,4,1,0.0027,New Zealand,Egypt,Group,
37,4,2,0.0017,New Zealand,Egypt,Group,
37,4,3,0.001,New Zealand,Egypt,Group,
37,4,4,0.0003,New Zealand,Egypt,Group,
37,4,5,0.0002,New Zealand,Egypt,Group,
37,5,0,0.0006,New Zealand,Egypt,Group,
37,5,1,0.0005,New Zealand,Egypt,Group,
37,5,2,0.0006,New Zealand,Egypt,Group,
37,6,1,0.0001,New Zealand,Egypt,Group,
37,6,2,0.0001,New Zealand,Egypt,Group,
37,6,3,0.0001,New Zealand,Egypt,Group,
38,0,0,0.1032,Spain,Saudi Arabia,Group,
38,0,1,0.016,Spain,Saudi Arabia,Group,
38,0,2,0.0012,Spain,Saudi Arabia,Group,
38,1,0,0.2202,Spain,Saudi Arabia,Group,
38,1,1,0.0358,Spain,Saudi Arabia,Group,
38,1,2,0.0037,Spain,Saudi Arabia,Group,
38,1,3,0.0002,Spain,Saudi Arabia,Group,
38,1,4,0.0001,Spain,Saudi Arabia,Group,
38,2,0,0.2351,Spain,Saudi Arabia,Group,
38,2,1,0.0359,Spain,Saudi Arabia,Group,
38,2,2,0.002,Spain,Saudi Arabia,Group,
38,2,3,0.0003,Spain,Saudi Arabia,Group,
38,3,0,0.1596,Spain,Saudi Arabia,Group,
38,3,1,0.0271,Spain,Saudi Arabia,Group,
38,3,2,0.0018,Spain,Saudi Arabia,Group,
38,3,3,0.0001,Spain,Saudi Arabia,Group,
38,4,0,0.0851,Spain,Saudi Arabia,Group,
38,4,1,0.0121,Spain,Saudi Arabia,Group,
38,4,2,0.0008,Spain,Saudi Arabia,Group,
38,4,3,0.0001,Spain,Saudi Arabia,Group,
38,5,0,0.035,Spain,Saudi Arabia,Group,
38,5,1,0.0058,Spain,Saudi Arabia,Group,
38,5,2,0.0002,Spain,Saudi Arabia,Group,
38,6,0,0.0117,Spain,Saudi Arabia,Group,
38,6,1,0.0011,Spain,Saudi Arabia,Group,
38,6,2,0.0001,Spain,Saudi Arabia,Group,
38,6,3,0.0001,Spain,Saudi Arabia,Group,
38,7,0,0.0042,Spain,Saudi Arabia,Group,
38,7,1,0.0002,Spain,Saudi Arabia,Group,
38,8,0,0.0009,Spain,Saudi Arabia,Group,
38,9,0,0.0001,Spain,Saudi Arabia,Group,
38,9,1,0.0001,Spain,Saudi Arabia,Group,
38,11,1,0.0001,Spain,Saudi Arabia,Group,
39,0,0,0.1097,Uruguay,Cape Verde,Group,
39,0,1,0.0813,Uruguay,Cape Verde,Group,
39,0,2,0.035,Uruguay,Cape Verde,Group,
39,0,3,0.007,Uruguay,Cape Verde,Group,
39,0,4,0.001,Uruguay,Cape Verde,Group,
39,0,5,0.0002,Uruguay,Cape Verde,Group,
39,0,6,0.0001,Uruguay,Cape Verde,Group,
39,1,0,0.1581,Uruguay,Cape Verde,Group,
39,1,1,0.1181,Uruguay,Cape Verde,Group,
39,1,2,0.045,Uruguay,Cape Verde,Group,
39,1,3,0.0117,Uruguay,Cape Verde,Group,
39,1,4,0.0018,Uruguay,Cape Verde,Group,
39,1,5,0.0003,Uruguay,Cape Verde,Group,
39,2,0,0.1149,Uruguay,Cape Verde,Group,
39,2,1,0.0844,Uruguay,Cape Verde,Group,
39,2,2,0.037,Uruguay,Cape Verde,Group,
39,2,3,0.0094,Uruguay,Cape Verde,Group,
39,2,4,0.0012,Uruguay,Cape Verde,Group,
39,2,5,0.0002,Uruguay,Cape Verde,Group,
39,3,0,0.0551,Uruguay,Cape Verde,Group,
39,3,1,0.0428,Uruguay,Cape Verde,Group,
39,3,2,0.0154,Uruguay,Cape Verde,Group,
39,3,3,0.0051,Uruguay,Cape Verde,Group,
39,3,4,0.0006,Uruguay,Cape Verde,Group,
39,3,5,0.0002,Uruguay,Cape Verde,Group,
39,4,0,0.0215,Uruguay,Cape Verde,Group,
39,4,1,0.0162,Uruguay,Cape Verde,Group,
39,4,2,0.0074,Uruguay,Cape Verde,Group,
39,4,3,0.0019,Uruguay,Cape Verde,Group,
39,4,4,0.0005,Uruguay,Cape Verde,Group,
39,5,0,0.0055,Uruguay,Cape Verde,Group,
39,5,1,0.0041,Uruguay,Cape Verde,Group,
39,5,2,0.0017,Uruguay,Cape Verde,Group,
39,5,3,0.001,Uruguay,Cape Verde,Group,
39,5,4,0.0002,Uruguay,Cape Verde,Group,
39,6,0,0.0019,Uruguay,Cape Verde,Group,
39,6,1,0.0012,Uruguay,Cape Verde,Group,
39,6,2,0.0003,Uruguay,Cape Verde,Group,
39,6,3,0.0002,Uruguay,Cape Verde,Group,
39,7,0,0.0003,Uruguay,Cape Verde,Group,
39,7,1,0.0001,Uruguay,Cape Verde,Group,
39,7,2,0.0001,Uruguay,Cape Verde,Group,
39,8,0,0.0002,Uruguay,Cape Verde,Group,
39,8,2,0.0001,Uruguay,Cape Verde,Group,
40,0,0,0.0587,France,Iraq,Group,
40,0,1,0.0302,France,Iraq,Group,
40,0,2,0.0077,France,Iraq,Group,
40,0,3,0.0013,France,Iraq,Group,
40,0,4,0.0003,France,Iraq,Group,
40,1,0,0.1341,France,Iraq,Group,
40,1,1,0.07,France,Iraq,Group,
40,1,2,0.0204,France,Iraq,Group,
40,1,3,0.0024,France,Iraq,Group,
40,1,4,0.0003,France,Iraq,Group,
40,1,5,0.0001,France,Iraq,Group,
40,2,0,0.1611,France,Iraq,Group,
40,2,1,0.0831,France,Iraq,Group,
40,2,2,0.0214,France,Iraq,Group,
40,2,3,0.0045,France,Iraq,Group,
40,2,4,0.0004,France,Iraq,Group,
40,3,0,0.1168,France,Iraq,Group,
40,3,1,0.0645,France,Iraq,Group,
40,3,2,0.0174,France,Iraq,Group,
40,3,3,0.0036,France,Iraq,Group,
40,3,4,0.0004,France,Iraq,Group,
40,4,0,0.0694,France,Iraq,Group,
40,4,1,0.0372,France,Iraq,Group,
40,4,2,0.0091,France,Iraq,Group,
40,4,3,0.002,France,Iraq,Group,
40,4,4,0.0001,France,Iraq,Group,
40,5,0,0.034,France,Iraq,Group,
40,5,1,0.0173,France,Iraq,Group,
40,5,2,0.0036,France,Iraq,Group,
40,5,3,0.0005,France,Iraq,Group,
40,6,0,0.0117,France,Iraq,Group,
40,6,1,0.0051,France,Iraq,Group,
40,6,2,0.0018,France,Iraq,Group,
40,6,3,0.0004,France,Iraq,Group,
40,7,0,0.0039,France,Iraq,Group,
40,7,1,0.0019,France,Iraq,Group,
40,7,2,0.0004,France,Iraq,Group,
40,7,3,0.0001,France,Iraq,Group,
40,8,0,0.0015,France,Iraq,Group,
40,8,1,0.0006,France,Iraq,Group,
40,8,2,0.0002,France,Iraq,Group,
40,9,0,0.0002,France,Iraq,Group,
40,9,1,0.0003,France,Iraq,Group,
41,0,0,0.0734,Norway,Senegal,Group,
41,0,1,0.0815,Norway,Senegal,Group,
41,0,2,0.0426,Norway,Senegal,Group,
41,0,3,0.0196,Norway,Senegal,Group,
41,0,4,0.0048,Norway,Senegal,Group,
41,0,5,0.0004,Norway,Senegal,Group,
41,0,6,0.0001,Norway,Senegal,Group,
41,1,0,0.1106,Norway,Senegal,Group,
41,1,1,0.1218,Norway,Senegal,Group,
41,1,2,0.0656,Norway,Senegal,Group,
41,1,3,0.0249,Norway,Senegal,Group,
41,1,4,0.0079,Norway,Senegal,Group,
41,1,5,0.0014,Norway,Senegal,Group,
41,1,6,0.0003,Norway,Senegal,Group,
41,1,7,0.0001,Norway,Senegal,Group,
41,2,0,0.0732,Norway,Senegal,Group,
41,2,1,0.0949,Norway,Senegal,Group,
41,2,2,0.052,Norway,Senegal,Group,
41,2,3,0.0226,Norway,Senegal,Group,
41,2,4,0.0067,Norway,Senegal,Group,
41,2,5,0.0017,Norway,Senegal,Group,
41,2,6,0.0004,Norway,Senegal,Group,
41,2,7,0.0001,Norway,Senegal,Group,
41,3,0,0.0398,Norway,Senegal,Group,
41,3,1,0.047,Norway,Senegal,Group,
41,3,2,0.0261,Norway,Senegal,Group,
41,3,3,0.0094,Norway,Senegal,Group,
41,3,4,0.0033,Norway,Senegal,Group,
41,3,5,0.0006,Norway,Senegal,Group,
41,3,6,0.0001,Norway,Senegal,Group,
41,4,0,0.0142,Norway,Senegal,Group,
41,4,1,0.018,Norway,Senegal,Group,
41,4,2,0.0087,Norway,Senegal,Group,
41,4,3,0.004,Norway,Senegal,Group,
41,4,4,0.0012,Norway,Senegal,Group,
41,4,5,0.0001,Norway,Senegal,Group,
41,5,0,0.005,Norway,Senegal,Group,
41,5,1,0.0053,Norway,Senegal,Group,
41,5,2,0.0035,Norway,Senegal,Group,
41,5,3,0.0015,Norway,Senegal,Group,
41,5,4,0.0003,Norway,Senegal,Group,
41,6,0,0.0007,Norway,Senegal,Group,
41,6,1,0.0011,Norway,Senegal,Group,
41,6,2,0.0014,Norway,Senegal,Group,
41,6,3,0.0004,Norway,Senegal,Group,
41,6,4,0.0001,Norway,Senegal,Group,
41,6,5,0.0001,Norway,Senegal,Group,
41,7,0,0.0005,Norway,Senegal,Group,
41,7,1,0.0005,Norway,Senegal,Group,
41,7,2,0.0001,Norway,Senegal,Group,
41,8,1,0.0002,Norway,Senegal,Group,
41,8,2,0.0001,Norway,Senegal,Group,
41,9,1,0.0001,Norway,Senegal,Group,
42,0,0,0.0588,Argentina,Austria,Group,
42,0,1,0.0464,Argentina,Austria,Group,
42,0,2,0.0171,Argentina,Austria,Group,
42,0,3,0.0031,Argentina,Austria,Group,
42,0,4,0.0009,Argentina,Austria,Group,
42,0,5,0.0001,Argentina,Austria,Group,
42,1,0,0.1253,Argentina,Austria,Group,
42,1,1,0.0941,Argentina,Austria,Group,
42,1,2,0.0339,Argentina,Austria,Group,
42,1,3,0.0086,Argentina,Austria,Group,
42,1,4,0.002,Argentina,Austria,Group,
42,1,5,0.0003,Argentina,Austria,Group,
42,2,0,0.1329,Argentina,Austria,Group,
42,2,1,0.0939,Argentina,Austria,Group,
42,2,2,0.0334,Argentina,Austria,Group,
42,2,3,0.0095,Argentina,Austria,Group,
42,2,4,0.002,Argentina,Austria,Group,
42,2,5,0.0001,Argentina,Austria,Group,
42,3,0,0.0893,Argentina,Austria,Group,
42,3,1,0.0686,Argentina,Austria,Group,
42,3,2,0.024,Argentina,Austria,Group,
42,3,3,0.0068,Argentina,Austria,Group,
42,3,4,0.0002,Argentina,Austria,Group,
42,3,5,0.0005,Argentina,Austria,Group,
42,4,0,0.0442,Argentina,Austria,Group,
42,4,1,0.0345,Argentina,Austria,Group,
42,4,2,0.0117,Argentina,Austria,Group,
42,4,3,0.0031,Argentina,Austria,Group,
42,4,4,0.0004,Argentina,Austria,Group,
42,4,6,0.0001,Argentina,Austria,Group,
42,5,0,0.0164,Argentina,Austria,Group,
42,5,1,0.0131,Argentina,Austria,Group,
42,5,2,0.0053,Argentina,Austria,Group,
42,5,3,0.0016,Argentina,Austria,Group,
42,5,4,0.0003,Argentina,Austria,Group,
42,6,0,0.0062,Argentina,Austria,Group,
42,6,1,0.0048,Argentina,Austria,Group,
42,6,2,0.0011,Argentina,Austria,Group,
42,6,3,0.0003,Argentina,Austria,Group,
42,7,0,0.0021,Argentina,Austria,Group,
42,7,1,0.0012,Argentina,Austria,Group,
42,7,2,0.0006,Argentina,Austria,Group,
42,7,4,0.0001,Argentina,Austria,Group,
42,8,0,0.0002,Argentina,Austria,Group,
42,8,1,0.0002,Argentina,Austria,Group,
42,8,2,0.0004,Argentina,Austria,Group,
42,9,0,0.0001,Argentina,Austria,Group,
42,9,2,0.0001,Argentina,Austria,Group,
42,10,0,0.0001,Argentina,Austria,Group,
43,0,0,0.0661,Jordan,Algeria,Group,
43,0,1,0.1102,Jordan,Algeria,Group,
43,0,2,0.0982,Jordan,Algeria,Group,
43,0,3,0.0548,Jordan,Algeria,Group,
43,0,4,0.0231,Jordan,Algeria,Group,
43,0,5,0.006,Jordan,Algeria,Group,
43,0,6,0.0028,Jordan,Algeria,Group,
43,0,7,0.0004,Jordan,Algeria,Group,
43,1,0,0.0766,Jordan,Algeria,Group,
43,1,1,0.1163,Jordan,Algeria,Group,
43,1,2,0.0979,Jordan,Algeria,Group,
43,1,3,0.0497,Jordan,Algeria,Group,
43,1,4,0.0229,Jordan,Algeria,Group,
43,1,5,0.008,Jordan,Algeria,Group,
43,1,6,0.0013,Jordan,Algeria,Group,
43,1,7,0.0004,Jordan,Algeria,Group,
43,1,8,0.0001,Jordan,Algeria,Group,
43,1,9,0.0002,Jordan,Algeria,Group,
43,2,0,0.0337,Jordan,Algeria,Group,
43,2,1,0.0593,Jordan,Algeria,Group,
43,2,2,0.0469,Jordan,Algeria,Group,
43,2,3,0.0289,Jordan,Algeria,Group,
43,2,4,0.0109,Jordan,Algeria,Group,
43,2,5,0.0044,Jordan,Algeria,Group,
43,2,6,0.0012,Jordan,Algeria,Group,
43,2,7,0.0005,Jordan,Algeria,Group,
43,2,8,0.0003,Jordan,Algeria,Group,
43,3,0,0.0119,Jordan,Algeria,Group,
43,3,1,0.0196,Jordan,Algeria,Group,
43,3,2,0.0161,Jordan,Algeria,Group,
43,3,3,0.0071,Jordan,Algeria,Group,
43,3,4,0.0033,Jordan,Algeria,Group,
43,3,5,0.0006,Jordan,Algeria,Group,
43,3,6,0.0003,Jordan,Algeria,Group,
43,4,0,0.003,Jordan,Algeria,Group,
43,4,1,0.0053,Jordan,Algeria,Group,
43,4,2,0.0037,Jordan,Algeria,Group,
43,4,3,0.0019,Jordan,Algeria,Group,
43,4,4,0.0009,Jordan,Algeria,Group,
43,4,5,0.0006,Jordan,Algeria,Group,
43,4,6,0.0004,Jordan,Algeria,Group,
43,5,0,0.0012,Jordan,Algeria,Group,
43,5,1,0.0011,Jordan,Algeria,Group,
43,5,2,0.0005,Jordan,Algeria,Group,
43,5,3,0.0004,Jordan,Algeria,Group,
43,5,4,0.0002,Jordan,Algeria,Group,
43,5,6,0.0002,Jordan,Algeria,Group,
43,6,0,0.0003,Jordan,Algeria,Group,
43,6,1,0.0001,Jordan,Algeria,Group,
43,6,2,0.0001,Jordan,Algeria,Group,
43,6,3,0.0001,Jordan,Algeria,Group,
44,0,0,0.0634,Portugal,Uzbekistan,Group,
44,0,1,0.0502,Portugal,Uzbekistan,Group,
44,0,2,0.0177,Portugal,Uzbekistan,Group,
44,0,3,0.004,Portugal,Uzbekistan,Group,
44,0,4,0.0009,Portugal,Uzbekistan,Group,
44,1,0,0.1358,Portugal,Uzbekistan,Group,
44,1,1,0.0949,Portugal,Uzbekistan,Group,
44,1,2,0.0316,Portugal,Uzbekistan,Group,
44,1,3,0.0074,Portugal,Uzbekistan,Group,
44,1,4,0.001,Portugal,Uzbekistan,Group,
44,1,5,0.0003,Portugal,Uzbekistan,Group,
44,2,0,0.1391,Portugal,Uzbekistan,Group,
44,2,1,0.0917,Portugal,Uzbekistan,Group,
44,2,2,0.0343,Portugal,Uzbekistan,Group,
44,2,3,0.0084,Portugal,Uzbekistan,Group,
44,2,4,0.0024,Portugal,Uzbekistan,Group,
44,2,5,0.0002,Portugal,Uzbekistan,Group,
44,3,0,0.0903,Portugal,Uzbekistan,Group,
44,3,1,0.0637,Portugal,Uzbekistan,Group,
44,3,2,0.0218,Portugal,Uzbekistan,Group,
44,3,3,0.0043,Portugal,Uzbekistan,Group,
44,3,4,0.0007,Portugal,Uzbekistan,Group,
44,3,5,0.0002,Portugal,Uzbekistan,Group,
44,4,0,0.0427,Portugal,Uzbekistan,Group,
44,4,1,0.03,Portugal,Uzbekistan,Group,
44,4,2,0.0123,Portugal,Uzbekistan,Group,
44,4,3,0.0023,Portugal,Uzbekistan,Group,
44,4,4,0.0005,Portugal,Uzbekistan,Group,
44,4,5,0.0001,Portugal,Uzbekistan,Group,
44,4,6,0.0001,Portugal,Uzbekistan,Group,
44,5,0,0.016,Portugal,Uzbekistan,Group,
44,5,1,0.0125,Portugal,Uzbekistan,Group,
44,5,2,0.0029,Portugal,Uzbekistan,Group,
44,5,3,0.0006,Portugal,Uzbekistan,Group,
44,6,0,0.0055,Portugal,Uzbekistan,Group,
44,6,1,0.0043,Portugal,Uzbekistan,Group,
44,6,2,0.0011,Portugal,Uzbekistan,Group,
44,6,3,0.0002,Portugal,Uzbekistan,Group,
44,7,0,0.0014,Portugal,Uzbekistan,Group,
44,7,1,0.0014,Portugal,Uzbekistan,Group,
44,7,2,0.0008,Portugal,Uzbekistan,Group,
44,8,0,0.0005,Portugal,Uzbekistan,Group,
44,8,1,0.0002,Portugal,Uzbekistan,Group,
44,8,2,0.0001,Portugal,Uzbekistan,Group,
44,9,1,0.0002,Portugal,Uzbekistan,Group,
45,0,0,0.0568,Colombia,DR Congo,Group,
45,0,1,0.0465,Colombia,DR Congo,Group,
45,0,2,0.016,Colombia,DR Congo,Group,
45,0,3,0.0054,Colombia,DR Congo,Group,
45,0,4,0.0019,Colombia,DR Congo,Group,
45,0,5,0.0001,Colombia,DR Congo,Group,
45,1,0,0.1222,Colombia,DR Congo,Group,
45,1,1,0.0934,Colombia,DR Congo,Group,
45,1,2,0.0407,Colombia,DR Congo,Group,
45,1,3,0.0083,Colombia,DR Congo,Group,
45,1,4,0.0018,Colombia,DR Congo,Group,
45,1,5,0.0001,Colombia,DR Congo,Group,
45,2,0,0.1272,Colombia,DR Congo,Group,
45,2,1,0.0984,Colombia,DR Congo,Group,
45,2,2,0.0338,Colombia,DR Congo,Group,
45,2,3,0.0098,Colombia,DR Congo,Group,
45,2,4,0.0019,Colombia,DR Congo,Group,
45,3,0,0.0877,Colombia,DR Congo,Group,
45,3,1,0.0615,Colombia,DR Congo,Group,
45,3,2,0.0252,Colombia,DR Congo,Group,
45,3,3,0.0083,Colombia,DR Congo,Group,
45,3,4,0.0009,Colombia,DR Congo,Group,
45,3,5,0.0003,Colombia,DR Congo,Group,
45,4,0,0.0418,Colombia,DR Congo,Group,
45,4,1,0.0344,Colombia,DR Congo,Group,
45,4,2,0.0137,Colombia,DR Congo,Group,
45,4,3,0.0031,Colombia,DR Congo,Group,
45,4,4,0.0002,Colombia,DR Congo,Group,
45,5,0,0.0184,Colombia,DR Congo,Group,
45,5,1,0.0148,Colombia,DR Congo,Group,
45,5,2,0.0047,Colombia,DR Congo,Group,
45,5,3,0.0014,Colombia,DR Congo,Group,
45,5,4,0.0001,Colombia,DR Congo,Group,
45,6,0,0.0068,Colombia,DR Congo,Group,
45,6,1,0.0047,Colombia,DR Congo,Group,
45,6,2,0.0017,Colombia,DR Congo,Group,
45,6,3,0.0006,Colombia,DR Congo,Group,
45,6,4,0.0002,Colombia,DR Congo,Group,
45,7,0,0.0016,Colombia,DR Congo,Group,
45,7,1,0.002,Colombia,DR Congo,Group,
45,7,2,0.0008,Colombia,DR Congo,Group,
45,8,0,0.0002,Colombia,DR Congo,Group,
45,8,1,0.0002,Colombia,DR Congo,Group,
45,8,2,0.0003,Colombia,DR Congo,Group,
45,9,4,0.0001,Colombia,DR Congo,Group,
46,0,0,0.0542,England,Ghana,Group,
46,0,1,0.0191,England,Ghana,Group,
46,0,2,0.0028,England,Ghana,Group,
46,0,3,0.0005,England,Ghana,Group,
46,1,0,0.1318,England,Ghana,Group,
46,1,1,0.05,England,Ghana,Group,
46,1,2,0.0092,England,Ghana,Group,
46,1,3,0.0009,England,Ghana,Group,
46,1,4,0.0002,England,Ghana,Group,
46,2,0,0.177,England,Ghana,Group,
46,2,1,0.06,England,Ghana,Group,
46,2,2,0.0124,England,Ghana,Group,
46,2,3,0.0016,England,Ghana,Group,
46,3,0,0.1465,England,Ghana,Group,
46,3,1,0.0571,England,Ghana,Group,
46,3,2,0.0103,England,Ghana,Group,
46,3,3,0.0009,England,Ghana,Group,
46,3,5,0.0001,England,Ghana,Group,
46,4,0,0.1015,England,Ghana,Group,
46,4,1,0.038,England,Ghana,Group,
46,4,2,0.0066,England,Ghana,Group,
46,4,4,0.0001,England,Ghana,Group,
46,5,0,0.0527,England,Ghana,Group,
46,5,1,0.0179,England,Ghana,Group,
46,5,2,0.0017,England,Ghana,Group,
46,5,3,0.0003,England,Ghana,Group,
46,6,0,0.0213,England,Ghana,Group,
46,6,1,0.0087,England,Ghana,Group,
46,6,2,0.0009,England,Ghana,Group,
46,6,3,0.0001,England,Ghana,Group,
46,7,0,0.0076,England,Ghana,Group,
46,7,1,0.0027,England,Ghana,Group,
46,7,2,0.0009,England,Ghana,Group,
46,8,0,0.0023,England,Ghana,Group,
46,8,1,0.001,England,Ghana,Group,
46,8,2,0.0001,England,Ghana,Group,
46,8,3,0.0001,England,Ghana,Group,
46,9,0,0.0004,England,Ghana,Group,
46,9,1,0.0001,England,Ghana,Group,
46,9,2,0.0001,England,Ghana,Group,
46,10,0,0.0002,England,Ghana,Group,
46,11,0,0.0001,England,Ghana,Group,
47,0,0,0.0656,Panama,Croatia,Group,
47,0,1,0.107,Panama,Croatia,Group,
47,0,2,0.096,Panama,Croatia,Group,
47,0,3,0.0545,Panama,Croatia,Group,
47,0,4,0.0256,Panama,Croatia,Group,
47,0,5,0.0074,Panama,Croatia,Group,
47,0,6,0.0027,Panama,Croatia,Group,
47,0,7,0.0008,Panama,Croatia,Group,
47,1,0,0.0633,Panama,Croatia,Group,
47,1,1,0.1131,Panama,Croatia,Group,
47,1,2,0.0979,Panama,Croatia,Group,
47,1,3,0.0564,Panama,Croatia,Group,
47,1,4,0.0246,Panama,Croatia,Group,
47,1,5,0.0089,Panama,Croatia,Group,
47,1,6,0.0019,Panama,Croatia,Group,
47,1,7,0.0013,Panama,Croatia,Group,
47,1,8,0.0003,Panama,Croatia,Group,
47,2,0,0.0346,Panama,Croatia,Group,
47,2,1,0.0576,Panama,Croatia,Group,
47,2,2,0.0492,Panama,Croatia,Group,
47,2,3,0.0294,Panama,Croatia,Group,
47,2,4,0.0125,Panama,Croatia,Group,
47,2,5,0.0041,Panama,Croatia,Group,
47,2,6,0.0009,Panama,Croatia,Group,
47,2,7,0.0005,Panama,Croatia,Group,
47,3,0,0.0098,Panama,Croatia,Group,
47,3,1,0.0206,Panama,Croatia,Group,
47,3,2,0.0157,Panama,Croatia,Group,
47,3,3,0.0094,Panama,Croatia,Group,
47,3,4,0.0049,Panama,Croatia,Group,
47,3,5,0.0019,Panama,Croatia,Group,
47,3,6,0.0004,Panama,Croatia,Group,
47,3,7,0.0001,Panama,Croatia,Group,
47,4,0,0.0028,Panama,Croatia,Group,
47,4,1,0.0054,Panama,Croatia,Group,
47,4,2,0.0048,Panama,Croatia,Group,
47,4,3,0.0032,Panama,Croatia,Group,
47,4,4,0.0012,Panama,Croatia,Group,
47,4,5,0.0004,Panama,Croatia,Group,
47,4,6,0.0001,Panama,Croatia,Group,
47,5,1,0.001,Panama,Croatia,Group,
47,5,2,0.0008,Panama,Croatia,Group,
47,5,3,0.0006,Panama,Croatia,Group,
47,5,4,0.0001,Panama,Croatia,Group,
47,5,5,0.0003,Panama,Croatia,Group,
47,6,2,0.0003,Panama,Croatia,Group,
47,6,3,0.0001,Panama,Croatia,Group,
48,0,0,0.0755,Czechia,Mexico,Group,
48,0,1,0.1211,Czechia,Mexico,Group,
48,0,2,0.0909,Czechia,Mexico,Group,
48,0,3,0.0536,Czechia,Mexico,Group,
48,0,4,0.0216,Czechia,Mexico,Group,
48,0,5,0.0067,Czechia,Mexico,Group,
48,0,6,0.0016,Czechia,Mexico,Group,
48,0,7,0.0001,Czechia,Mexico,Group,
48,1,0,0.0771,Czechia,Mexico,Group,
48,1,1,0.12,Czechia,Mexico,Group,
48,1,2,0.0957,Czechia,Mexico,Group,
48,1,3,0.0507,Czechia,Mexico,Group,
48,1,4,0.022,Czechia,Mexico,Group,
48,1,5,0.0059,Czechia,Mexico,Group,
48,1,6,0.0021,Czechia,Mexico,Group,
48,1,7,0.0005,Czechia,Mexico,Group,
48,2,0,0.0351,Czechia,Mexico,Group,
48,2,1,0.0569,Czechia,Mexico,Group,
48,2,2,0.0463,Czechia,Mexico,Group,
48,2,3,0.0248,Czechia,Mexico,Group,
48,2,4,0.0087,Czechia,Mexico,Group,
48,2,5,0.003,Czechia,Mexico,Group,
48,2,6,0.001,Czechia,Mexico,Group,
48,3,0,0.013,Czechia,Mexico,Group,
48,3,1,0.0216,Czechia,Mexico,Group,
48,3,2,0.0148,Czechia,Mexico,Group,
48,3,3,0.0095,Czechia,Mexico,Group,
48,3,4,0.0022,Czechia,Mexico,Group,
48,3,5,0.0007,Czechia,Mexico,Group,
48,3,6,0.0003,Czechia,Mexico,Group,
48,3,7,0.0001,Czechia,Mexico,Group,
48,4,0,0.0027,Czechia,Mexico,Group,
48,4,1,0.0055,Czechia,Mexico,Group,
48,4,2,0.0036,Czechia,Mexico,Group,
48,4,3,0.0019,Czechia,Mexico,Group,
48,4,4,0.0006,Czechia,Mexico,Group,
48,4,5,0.0003,Czechia,Mexico,Group,
48,5,0,0.0006,Czechia,Mexico,Group,
48,5,1,0.0004,Czechia,Mexico,Group,
48,5,2,0.0007,Czechia,Mexico,Group,
48,5,3,0.0002,Czechia,Mexico,Group,
48,5,4,0.0001,Czechia,Mexico,Group,
48,6,1,0.0002,Czechia,Mexico,Group,
48,6,3,0.0001,Czechia,Mexico,Group,
49,0,0,0.0817,South Africa,South Korea,Group,
49,0,1,0.1219,South Africa,South Korea,Group,
49,0,2,0.0959,South Africa,South Korea,Group,
49,0,3,0.0467,South Africa,South Korea,Group,
49,0,4,0.0179,South Africa,South Korea,Group,
49,0,5,0.0043,South Africa,South Korea,Group,
49,0,6,0.0019,South Africa,South Korea,Group,
49,0,7,0.0003,South Africa,South Korea,Group,
49,1,0,0.078,South Africa,South Korea,Group,
49,1,1,0.1195,South Africa,South Korea,Group,
49,1,2,0.0921,South Africa,South Korea,Group,
49,1,3,0.0515,South Africa,South Korea,Group,
49,1,4,0.0174,South Africa,South Korea,Group,
49,1,5,0.0053,South Africa,South Korea,Group,
49,1,6,0.0018,South Africa,South Korea,Group,
49,1,7,0.0005,South Africa,South Korea,Group,
49,2,0,0.0425,South Africa,South Korea,Group,
49,2,1,0.0618,South Africa,South Korea,Group,
49,2,2,0.0448,South Africa,South Korea,Group,
49,2,3,0.0231,South Africa,South Korea,Group,
49,2,4,0.0079,South Africa,South Korea,Group,
49,2,5,0.0028,South Africa,South Korea,Group,
49,2,6,0.0006,South Africa,South Korea,Group,
49,2,7,0.0006,South Africa,South Korea,Group,
49,3,0,0.0124,South Africa,South Korea,Group,
49,3,1,0.0213,South Africa,South Korea,Group,
49,3,2,0.0163,South Africa,South Korea,Group,
49,3,3,0.0071,South Africa,South Korea,Group,
49,3,4,0.0032,South Africa,South Korea,Group,
49,3,5,0.0007,South Africa,South Korea,Group,
49,3,7,0.0001,South Africa,South Korea,Group,
49,4,0,0.0034,South Africa,South Korea,Group,
49,4,1,0.0048,South Africa,South Korea,Group,
49,4,2,0.0046,South Africa,South Korea,Group,
49,4,3,0.0017,South Africa,South Korea,Group,
49,4,4,0.0006,South Africa,South Korea,Group,
49,4,5,0.0002,South Africa,South Korea,Group,
49,4,6,0.0001,South Africa,South Korea,Group,
49,5,0,0.0006,South Africa,South Korea,Group,
49,5,1,0.0005,South Africa,South Korea,Group,
49,5,2,0.0008,South Africa,South Korea,Group,
49,5,6,0.0001,South Africa,South Korea,Group,
49,6,0,0.0002,South Africa,South Korea,Group,
49,6,2,0.0003,South Africa,South Korea,Group,
49,6,4,0.0002,South Africa,South Korea,Group,
50,0,0,0.0799,Switzerland,Canada,Group,
50,0,1,0.0899,Switzerland,Canada,Group,
50,0,2,0.0505,Switzerland,Canada,Group,
50,0,3,0.0198,Switzerland,Canada,Group,
50,0,4,0.0066,Switzerland,Canada,Group,
50,0,5,0.0012,Switzerland,Canada,Group,
50,0,6,0.0004,Switzerland,Canada,Group,
50,0,7,0.0001,Switzerland,Canada,Group,
50,0,8,0.0001,Switzerland,Canada,Group,
50,1,0,0.113,Switzerland,Canada,Group,
50,1,1,0.13,Switzerland,Canada,Group,
50,1,2,0.0685,Switzerland,Canada,Group,
50,1,3,0.0267,Switzerland,Canada,Group,
50,1,4,0.0066,Switzerland,Canada,Group,
50,1,5,0.0029,Switzerland,Canada,Group,
50,1,6,0.0004,Switzerland,Canada,Group,
50,2,0,0.0772,Switzerland,Canada,Group,
50,2,1,0.0875,Switzerland,Canada,Group,
50,2,2,0.0481,Switzerland,Canada,Group,
50,2,3,0.0164,Switzerland,Canada,Group,
50,2,4,0.005,Switzerland,Canada,Group,
50,2,5,0.0009,Switzerland,Canada,Group,
50,2,6,0.0001,Switzerland,Canada,Group,
50,3,0,0.0404,Switzerland,Canada,Group,
50,3,1,0.0409,Switzerland,Canada,Group,
50,3,2,0.0208,Switzerland,Canada,Group,
50,3,3,0.0084,Switzerland,Canada,Group,
50,3,4,0.0027,Switzerland,Canada,Group,
50,3,5,0.0006,Switzerland,Canada,Group,
50,3,6,0.0001,Switzerland,Canada,Group,
50,4,0,0.0137,Switzerland,Canada,Group,
50,4,1,0.015,Switzerland,Canada,Group,
50,4,2,0.0071,Switzerland,Canada,Group,
50,4,3,0.0029,Switzerland,Canada,Group,
50,4,4,0.0004,Switzerland,Canada,Group,
50,4,5,0.0001,Switzerland,Canada,Group,
50,5,0,0.0033,Switzerland,Canada,Group,
50,5,1,0.0048,Switzerland,Canada,Group,
50,5,2,0.0017,Switzerland,Canada,Group,
50,5,3,0.0013,Switzerland,Canada,Group,
50,5,4,0.0002,Switzerland,Canada,Group,
50,6,0,0.0011,Switzerland,Canada,Group,
50,6,1,0.0011,Switzerland,Canada,Group,
50,6,2,0.0002,Switzerland,Canada,Group,
50,6,3,0.0002,Switzerland,Canada,Group,
50,6,4,0.0002,Switzerland,Canada,Group,
50,7,0,0.0006,Switzerland,Canada,Group,
50,7,2,0.0001,Switzerland,Canada,Group,
50,7,3,0.0002,Switzerland,Canada,Group,
50,9,1,0.0001,Switzerland,Canada,Group,
51,0,0,0.0669,Bosnia and Herzegovina,Qatar,Group,
51,0,1,0.0721,Bosnia and Herzegovina,Qatar,Group,
51,0,2,0.0382,Bosnia and Herzegovina,Qatar,Group,
51,0,3,0.0139,Bosnia and Herzegovina,Qatar,Group,
51,0,4,0.0036,Bosnia and Herzegovina,Qatar,Group,
51,0,5,0.0008,Bosnia and Herzegovina,Qatar,Group,
51,1,0,0.1128,Bosnia and Herzegovina,Qatar,Group,
51,1,1,0.1099,Bosnia and Herzegovina,Qatar,Group,
51,1,2,0.0623,Bosnia and Herzegovina,Qatar,Group,
51,1,3,0.0218,Bosnia and Herzegovina,Qatar,Group,
51,1,4,0.0051,Bosnia and Herzegovina,Qatar,Group,
51,1,5,0.0012,Bosnia and Herzegovina,Qatar,Group,
51,1,6,0.0003,Bosnia and Herzegovina,Qatar,Group,
51,1,7,0.0001,Bosnia and Herzegovina,Qatar,Group,
51,2,0,0.0904,Bosnia and Herzegovina,Qatar,Group,
51,2,1,0.1058,Bosnia and Herzegovina,Qatar,Group,
51,2,2,0.0514,Bosnia and Herzegovina,Qatar,Group,
51,2,3,0.0175,Bosnia and Herzegovina,Qatar,Group,
51,2,4,0.0042,Bosnia and Herzegovina,Qatar,Group,
51,2,5,0.0004,Bosnia and Herzegovina,Qatar,Group,
51,2,6,0.0002,Bosnia and Herzegovina,Qatar,Group,
51,3,0,0.0496,Bosnia and Herzegovina,Qatar,Group,
51,3,1,0.05,Bosnia and Herzegovina,Qatar,Group,
51,3,2,0.0273,Bosnia and Herzegovina,Qatar,Group,
51,3,3,0.0087,Bosnia and Herzegovina,Qatar,Group,
51,3,4,0.0025,Bosnia and Herzegovina,Qatar,Group,
51,3,5,0.0006,Bosnia and Herzegovina,Qatar,Group,
51,3,6,0.0002,Bosnia and Herzegovina,Qatar,Group,
51,3,7,0.0001,Bosnia and Herzegovina,Qatar,Group,
51,4,0,0.0203,Bosnia and Herzegovina,Qatar,Group,
51,4,1,0.0201,Bosnia and Herzegovina,Qatar,Group,
51,4,2,0.011,Bosnia and Herzegovina,Qatar,Group,
51,4,3,0.0034,Bosnia and Herzegovina,Qatar,Group,
51,4,4,0.0015,Bosnia and Herzegovina,Qatar,Group,
51,4,6,0.0002,Bosnia and Herzegovina,Qatar,Group,
51,5,0,0.0061,Bosnia and Herzegovina,Qatar,Group,
51,5,1,0.0088,Bosnia and Herzegovina,Qatar,Group,
51,5,2,0.0026,Bosnia and Herzegovina,Qatar,Group,
51,5,3,0.0013,Bosnia and Herzegovina,Qatar,Group,
51,5,4,0.0006,Bosnia and Herzegovina,Qatar,Group,
51,6,0,0.0025,Bosnia and Herzegovina,Qatar,Group,
51,6,1,0.0013,Bosnia and Herzegovina,Qatar,Group,
51,6,2,0.0007,Bosnia and Herzegovina,Qatar,Group,
51,6,3,0.0004,Bosnia and Herzegovina,Qatar,Group,
51,7,0,0.0005,Bosnia and Herzegovina,Qatar,Group,
51,7,1,0.0003,Bosnia and Herzegovina,Qatar,Group,
51,7,2,0.0002,Bosnia and Herzegovina,Qatar,Group,
51,8,0,0.0001,Bosnia and Herzegovina,Qatar,Group,
51,8,1,0.0001,Bosnia and Herzegovina,Qatar,Group,
51,9,0,0.0001,Bosnia and Herzegovina,Qatar,Group,
52,0,0,0.0571,Scotland,Brazil,Group,
52,0,1,0.1091,Scotland,Brazil,Group,
52,0,2,0.1064,Scotland,Brazil,Group,
52,0,3,0.0741,Scotland,Brazil,Group,
52,0,4,0.0338,Scotland,Brazil,Group,
52,0,5,0.0134,Scotland,Brazil,Group,
52,0,6,0.0033,Scotland,Brazil,Group,
52,0,7,0.0008,Scotland,Brazil,Group,
52,0,8,0.0004,Scotland,Brazil,Group,
52,1,0,0.0491,Scotland,Brazil,Group,
52,1,1,0.1064,Scotland,Brazil,Group,
52,1,2,0.1009,Scotland,Brazil,Group,
52,1,3,0.0614,Scotland,Brazil,Group,
52,1,4,0.0303,Scotland,Brazil,Group,
52,1,5,0.0144,Scotland,Brazil,Group,
52,1,6,0.0051,Scotland,Brazil,Group,
52,1,7,0.0008,Scotland,Brazil,Group,
52,1,8,0.0001,Scotland,Brazil,Group,
52,1,9,0.0001,Scotland,Brazil,Group,
52,2,0,0.0241,Scotland,Brazil,Group,
52,2,1,0.0469,Scotland,Brazil,Group,
52,2,2,0.0467,Scotland,Brazil,Group,
52,2,3,0.0272,Scotland,Brazil,Group,
52,2,4,0.0144,Scotland,Brazil,Group,
52,2,5,0.0056,Scotland,Brazil,Group,
52,2,6,0.0019,Scotland,Brazil,Group,
52,2,7,0.0004,Scotland,Brazil,Group,
52,3,0,0.0082,Scotland,Brazil,Group,
52,3,1,0.0131,Scotland,Brazil,Group,
52,3,2,0.0141,Scotland,Brazil,Group,
52,3,3,0.0086,Scotland,Brazil,Group,
52,3,4,0.0036,Scotland,Brazil,Group,
52,3,5,0.0021,Scotland,Brazil,Group,
52,3,6,0.0004,Scotland,Brazil,Group,
52,3,7,0.0002,Scotland,Brazil,Group,
52,4,0,0.0019,Scotland,Brazil,Group,
52,4,1,0.0024,Scotland,Brazil,Group,
52,4,2,0.0039,Scotland,Brazil,Group,
52,4,3,0.003,Scotland,Brazil,Group,
52,4,4,0.0008,Scotland,Brazil,Group,
52,4,5,0.0006,Scotland,Brazil,Group,
52,5,0,0.0002,Scotland,Brazil,Group,
52,5,1,0.0004,Scotland,Brazil,Group,
52,5,2,0.0011,Scotland,Brazil,Group,
52,5,3,0.0004,Scotland,Brazil,Group,
52,5,4,0.0001,Scotland,Brazil,Group,
52,5,5,0.0002,Scotland,Brazil,Group,
52,6,2,0.0004,Scotland,Brazil,Group,
52,7,3,0.0001,Scotland,Brazil,Group,
53,0,0,0.0874,Morocco,Haiti,Group,
53,0,1,0.0657,Morocco,Haiti,Group,
53,0,2,0.0239,Morocco,Haiti,Group,
53,0,3,0.0062,Morocco,Haiti,Group,
53,0,4,0.0008,Morocco,Haiti,Group,
53,0,5,0.0002,Morocco,Haiti,Group,
53,1,0,0.144,Morocco,Haiti,Group,
53,1,1,0.1145,Morocco,Haiti,Group,
53,1,2,0.0422,Morocco,Haiti,Group,
53,1,3,0.0088,Morocco,Haiti,Group,
53,1,4,0.0016,Morocco,Haiti,Group,
53,1,5,0.0006,Morocco,Haiti,Group,
53,1,6,0.0001,Morocco,Haiti,Group,
53,2,0,0.1243,Morocco,Haiti,Group,
53,2,1,0.0907,Morocco,Haiti,Group,
53,2,2,0.0326,Morocco,Haiti,Group,
53,2,3,0.0069,Morocco,Haiti,Group,
53,2,4,0.0012,Morocco,Haiti,Group,
53,2,5,0.0003,Morocco,Haiti,Group,
53,3,0,0.0731,Morocco,Haiti,Group,
53,3,1,0.054,Morocco,Haiti,Group,
53,3,2,0.0188,Morocco,Haiti,Group,
53,3,3,0.0052,Morocco,Haiti,Group,
53,3,4,0.0011,Morocco,Haiti,Group,
53,4,0,0.0317,Morocco,Haiti,Group,
53,4,1,0.0219,Morocco,Haiti,Group,
53,4,2,0.0107,Morocco,Haiti,Group,
53,4,3,0.0014,Morocco,Haiti,Group,
53,4,4,0.0004,Morocco,Haiti,Group,
53,4,5,0.0001,Morocco,Haiti,Group,
53,5,0,0.0101,Morocco,Haiti,Group,
53,5,1,0.0075,Morocco,Haiti,Group,
53,5,2,0.0032,Morocco,Haiti,Group,
53,5,3,0.0006,Morocco,Haiti,Group,
53,5,4,0.0001,Morocco,Haiti,Group,
53,6,0,0.0028,Morocco,Haiti,Group,
53,6,1,0.0022,Morocco,Haiti,Group,
53,6,2,0.0006,Morocco,Haiti,Group,
53,6,3,0.0003,Morocco,Haiti,Group,
53,7,0,0.0005,Morocco,Haiti,Group,
53,7,1,0.0009,Morocco,Haiti,Group,
53,7,2,0.0001,Morocco,Haiti,Group,
53,7,3,0.0001,Morocco,Haiti,Group,
53,8,0,0.0001,Morocco,Haiti,Group,
53,8,1,0.0004,Morocco,Haiti,Group,
53,8,2,0.0001,Morocco,Haiti,Group,
54,0,0,0.0614,Turkey,United States,Group,
54,0,1,0.0718,Turkey,United States,Group,
54,0,2,0.0328,Turkey,United States,Group,
54,0,3,0.0137,Turkey,United States,Group,
54,0,4,0.0026,Turkey,United States,Group,
54,0,5,0.0005,Turkey,United States,Group,
54,0,6,0.0001,Turkey,United States,Group,
54,1,0,0.1047,Turkey,United States,Group,
54,1,1,0.1108,Turkey,United States,Group,
54,1,2,0.0637,Turkey,United States,Group,
54,1,3,0.0214,Turkey,United States,Group,
54,1,4,0.0048,Turkey,United States,Group,
54,1,5,0.0008,Turkey,United States,Group,
54,1,6,0.0001,Turkey,United States,Group,
54,2,0,0.0897,Turkey,United States,Group,
54,2,1,0.0976,Turkey,United States,Group,
54,2,2,0.0515,Turkey,United States,Group,
54,2,3,0.0181,Turkey,United States,Group,
54,2,4,0.0041,Turkey,United States,Group,
54,2,5,0.0013,Turkey,United States,Group,
54,2,6,0.0002,Turkey,United States,Group,
54,3,0,0.054,Turkey,United States,Group,
54,3,1,0.0569,Turkey,United States,Group,
54,3,2,0.0319,Turkey,United States,Group,
54,3,3,0.0088,Turkey,United States,Group,
54,3,4,0.0032,Turkey,United States,Group,
54,3,5,0.0003,Turkey,United States,Group,
54,3,6,0.0001,Turkey,United States,Group,
54,3,7,0.0001,Turkey,United States,Group,
54,4,0,0.0221,Turkey,United States,Group,
54,4,1,0.0241,Turkey,United States,Group,
54,4,2,0.0123,Turkey,United States,Group,
54,4,3,0.0035,Turkey,United States,Group,
54,4,4,0.0007,Turkey,United States,Group,
54,4,5,0.0002,Turkey,United States,Group,
54,4,6,0.0001,Turkey,United States,Group,
54,5,0,0.0076,Turkey,United States,Group,
54,5,1,0.0074,Turkey,United States,Group,
54,5,2,0.0042,Turkey,United States,Group,
54,5,3,0.0017,Turkey,United States,Group,
54,5,4,0.0006,Turkey,United States,Group,
54,6,0,0.0023,Turkey,United States,Group,
54,6,1,0.002,Turkey,United States,Group,
54,6,2,0.0019,Turkey,United States,Group,
54,6,3,0.0005,Turkey,United States,Group,
54,6,4,0.0003,Turkey,United States,Group,
54,6,5,0.0002,Turkey,United States,Group,
54,7,0,0.0005,Turkey,United States,Group,
54,7,1,0.0002,Turkey,United States,Group,
54,7,2,0.0001,Turkey,United States,Group,
54,7,3,0.0003,Turkey,United States,Group,
54,8,2,0.0002,Turkey,United States,Group,
55,0,0,0.0936,Paraguay,Australia,Group,
55,0,1,0.1107,Paraguay,Australia,Group,
55,0,2,0.0563,Paraguay,Australia,Group,
55,0,3,0.0266,Paraguay,Australia,Group,
55,0,4,0.0075,Paraguay,Australia,Group,
55,0,5,0.0019,Paraguay,Australia,Group,
55,0,6,0.0002,Paraguay,Australia,Group,
55,0,7,0.0001,Paraguay,Australia,Group,
55,0,10,0.0001,Paraguay,Australia,Group,
55,1,0,0.1089,Paraguay,Australia,Group,
55,1,1,0.1265,Paraguay,Australia,Group,
55,1,2,0.0762,Paraguay,Australia,Group,
55,1,3,0.0333,Paraguay,Australia,Group,
55,1,4,0.0094,Paraguay,Australia,Group,
55,1,5,0.0017,Paraguay,Australia,Group,
55,1,6,0.0005,Paraguay,Australia,Group,
55,2,0,0.072,Paraguay,Australia,Group,
55,2,1,0.0752,Paraguay,Australia,Group,
55,2,2,0.0477,Paraguay,Australia,Group,
55,2,3,0.017,Paraguay,Australia,Group,
55,2,4,0.0055,Paraguay,Australia,Group,
55,2,5,0.0009,Paraguay,Australia,Group,
55,2,6,0.0003,Paraguay,Australia,Group,
55,2,7,0.0002,Paraguay,Australia,Group,
55,3,0,0.0289,Paraguay,Australia,Group,
55,3,1,0.0338,Paraguay,Australia,Group,
55,3,2,0.021,Paraguay,Australia,Group,
55,3,3,0.0056,Paraguay,Australia,Group,
55,3,4,0.0029,Paraguay,Australia,Group,
55,3,5,0.0007,Paraguay,Australia,Group,
55,4,0,0.0071,Paraguay,Australia,Group,
55,4,1,0.0097,Paraguay,Australia,Group,
55,4,2,0.0058,Paraguay,Australia,Group,
55,4,3,0.0022,Paraguay,Australia,Group,
55,4,4,0.0009,Paraguay,Australia,Group,
55,4,5,0.0002,Paraguay,Australia,Group,
55,4,6,0.0001,Paraguay,Australia,Group,
55,5,0,0.0034,Paraguay,Australia,Group,
55,5,1,0.0016,Paraguay,Australia,Group,
55,5,2,0.0016,Paraguay,Australia,Group,
55,5,3,0.0004,Paraguay,Australia,Group,
55,5,4,0.0001,Paraguay,Australia,Group,
55,6,0,0.0004,Paraguay,Australia,Group,
55,6,1,0.0007,Paraguay,Australia,Group,
55,6,2,0.0003,Paraguay,Australia,Group,
55,6,4,0.0001,Paraguay,Australia,Group,
55,7,4,0.0001,Paraguay,Australia,Group,
55,8,0,0.0001,Paraguay,Australia,Group,
56,0,0,0.0822,Ecuador,Germany,Group,
56,0,1,0.0997,Ecuador,Germany,Group,
56,0,2,0.0591,Ecuador,Germany,Group,
56,0,3,0.0233,Ecuador,Germany,Group,
56,0,4,0.0071,Ecuador,Germany,Group,
56,0,5,0.0014,Ecuador,Germany,Group,
56,0,6,0.0002,Ecuador,Germany,Group,
56,0,7,0.0001,Ecuador,Germany,Group,
56,1,0,0.1034,Ecuador,Germany,Group,
56,1,1,0.1315,Ecuador,Germany,Group,
56,1,2,0.0789,Ecuador,Germany,Group,
56,1,3,0.0356,Ecuador,Germany,Group,
56,1,4,0.0087,Ecuador,Germany,Group,
56,1,5,0.0025,Ecuador,Germany,Group,
56,1,6,0.001,Ecuador,Germany,Group,
56,1,7,0.0001,Ecuador,Germany,Group,
56,2,0,0.0667,Ecuador,Germany,Group,
56,2,1,0.0854,Ecuador,Germany,Group,
56,2,2,0.0461,Ecuador,Germany,Group,
56,2,3,0.0192,Ecuador,Germany,Group,
56,2,4,0.0067,Ecuador,Germany,Group,
56,2,5,0.0015,Ecuador,Germany,Group,
56,2,6,0.0002,Ecuador,Germany,Group,
56,2,7,0.0002,Ecuador,Germany,Group,
56,3,0,0.027,Ecuador,Germany,Group,
56,3,1,0.037,Ecuador,Germany,Group,
56,3,2,0.023,Ecuador,Germany,Group,
56,3,3,0.0084,Ecuador,Germany,Group,
56,3,4,0.0015,Ecuador,Germany,Group,
56,3,5,0.0008,Ecuador,Germany,Group,
56,3,6,0.0003,Ecuador,Germany,Group,
56,4,0,0.0099,Ecuador,Germany,Group,
56,4,1,0.0115,Ecuador,Germany,Group,
56,4,2,0.0068,Ecuador,Germany,Group,
56,4,3,0.0032,Ecuador,Germany,Group,
56,4,4,0.0008,Ecuador,Germany,Group,
56,4,5,0.0003,Ecuador,Germany,Group,
56,5,0,0.0029,Ecuador,Germany,Group,
56,5,1,0.002,Ecuador,Germany,Group,
56,5,2,0.0014,Ecuador,Germany,Group,
56,5,3,0.0003,Ecuador,Germany,Group,
56,5,4,0.0004,Ecuador,Germany,Group,
56,5,5,0.0001,Ecuador,Germany,Group,
56,6,0,0.0004,Ecuador,Germany,Group,
56,6,1,0.0005,Ecuador,Germany,Group,
56,6,2,0.0002,Ecuador,Germany,Group,
56,6,3,0.0002,Ecuador,Germany,Group,
56,7,0,0.0001,Ecuador,Germany,Group,
56,7,1,0.0001,Ecuador,Germany,Group,
56,7,2,0.0001,Ecuador,Germany,Group,
57,0,0,0.0704,Curaçao,Ivory Coast,Group,
57,0,1,0.1175,Curaçao,Ivory Coast,Group,
57,0,2,0.0947,Curaçao,Ivory Coast,Group,
57,0,3,0.0481,Curaçao,Ivory Coast,Group,
57,0,4,0.0181,Curaçao,Ivory Coast,Group,
57,0,5,0.0053,Curaçao,Ivory Coast,Group,
57,0,6,0.0012,Curaçao,Ivory Coast,Group,
57,0,7,0.0003,Curaçao,Ivory Coast,Group,
57,0,8,0.0001,Curaçao,Ivory Coast,Group,
57,1,0,0.0752,Curaçao,Ivory Coast,Group,
57,1,1,0.117,Curaçao,Ivory Coast,Group,
57,1,2,0.0884,Curaçao,Ivory Coast,Group,
57,1,3,0.0513,Curaçao,Ivory Coast,Group,
57,1,4,0.0215,Curaçao,Ivory Coast,Group,
57,1,5,0.0071,Curaçao,Ivory Coast,Group,
57,1,6,0.0022,Curaçao,Ivory Coast,Group,
57,1,7,0.0001,Curaçao,Ivory Coast,Group,
57,1,8,0.0001,Curaçao,Ivory Coast,Group,
57,1,9,0.0001,Curaçao,Ivory Coast,Group,
57,2,0,0.0397,Curaçao,Ivory Coast,Group,
57,2,1,0.0623,Curaçao,Ivory Coast,Group,
57,2,2,0.0508,Curaçao,Ivory Coast,Group,
57,2,3,0.0264,Curaçao,Ivory Coast,Group,
57,2,4,0.0092,Curaçao,Ivory Coast,Group,
57,2,5,0.0027,Curaçao,Ivory Coast,Group,
57,2,6,0.0008,Curaçao,Ivory Coast,Group,
57,2,7,0.0001,Curaçao,Ivory Coast,Group,
57,3,0,0.0117,Curaçao,Ivory Coast,Group,
57,3,1,0.0234,Curaçao,Ivory Coast,Group,
57,3,2,0.0165,Curaçao,Ivory Coast,Group,
57,3,3,0.0094,Curaçao,Ivory Coast,Group,
57,3,4,0.0046,Curaçao,Ivory Coast,Group,
57,3,5,0.0019,Curaçao,Ivory Coast,Group,
57,3,6,0.0001,Curaçao,Ivory Coast,Group,
57,3,7,0.0001,Curaçao,Ivory Coast,Group,
57,4,0,0.0023,Curaçao,Ivory Coast,Group,
57,4,1,0.0067,Curaçao,Ivory Coast,Group,
57,4,2,0.0062,Curaçao,Ivory Coast,Group,
57,4,3,0.0025,Curaçao,Ivory Coast,Group,
57,4,4,0.0006,Curaçao,Ivory Coast,Group,
57,4,5,0.0003,Curaçao,Ivory Coast,Group,
57,5,0,0.0006,Curaçao,Ivory Coast,Group,
57,5,1,0.0009,Curaçao,Ivory Coast,Group,
57,5,2,0.0005,Curaçao,Ivory Coast,Group,
57,5,3,0.0006,Curaçao,Ivory Coast,Group,
57,5,4,0.0001,Curaçao,Ivory Coast,Group,
57,6,1,0.0002,Curaçao,Ivory Coast,Group,
57,6,2,0.0001,Curaçao,Ivory Coast,Group,
58,0,0,0.0607,Tunisia,Netherlands,Group,
58,0,1,0.1204,Tunisia,Netherlands,Group,
58,0,2,0.1371,Tunisia,Netherlands,Group,
58,0,3,0.0925,Tunisia,Netherlands,Group,
58,0,4,0.0449,Tunisia,Netherlands,Group,
58,0,5,0.0193,Tunisia,Netherlands,Group,
58,0,6,0.0058,Tunisia,Netherlands,Group,
58,0,7,0.0022,Tunisia,Netherlands,Group,
58,0,8,0.0007,Tunisia,Netherlands,Group,
58,0,9,0.0001,Tunisia,Netherlands,Group,
58,0,10,0.0001,Tunisia,Netherlands,Group,
58,1,0,0.0454,Tunisia,Netherlands,Group,
58,1,1,0.0898,Tunisia,Netherlands,Group,
58,1,2,0.0984,Tunisia,Netherlands,Group,
58,1,3,0.0621,Tunisia,Netherlands,Group,
58,1,4,0.0312,Tunisia,Netherlands,Group,
58,1,5,0.015,Tunisia,Netherlands,Group,
58,1,6,0.0052,Tunisia,Netherlands,Group,
58,1,7,0.001,Tunisia,Netherlands,Group,
58,1,8,0.0004,Tunisia,Netherlands,Group,
58,2,0,0.016,Tunisia,Netherlands,Group,
58,2,1,0.0338,Tunisia,Netherlands,Group,
58,2,2,0.0342,Tunisia,Netherlands,Group,
58,2,3,0.0252,Tunisia,Netherlands,Group,
58,2,4,0.0123,Tunisia,Netherlands,Group,
58,2,5,0.0054,Tunisia,Netherlands,Group,
58,2,6,0.0019,Tunisia,Netherlands,Group,
58,2,7,0.0005,Tunisia,Netherlands,Group,
58,2,8,0.0001,Tunisia,Netherlands,Group,
58,2,9,0.0001,Tunisia,Netherlands,Group,
58,3,0,0.0039,Tunisia,Netherlands,Group,
58,3,1,0.0089,Tunisia,Netherlands,Group,
58,3,2,0.0092,Tunisia,Netherlands,Group,
58,3,3,0.0052,Tunisia,Netherlands,Group,
58,3,4,0.0032,Tunisia,Netherlands,Group,
58,3,5,0.0007,Tunisia,Netherlands,Group,
58,3,6,0.0007,Tunisia,Netherlands,Group,
58,3,7,0.0002,Tunisia,Netherlands,Group,
58,4,0,0.0007,Tunisia,Netherlands,Group,
58,4,1,0.0013,Tunisia,Netherlands,Group,
58,4,2,0.0014,Tunisia,Netherlands,Group,
58,4,3,0.0012,Tunisia,Netherlands,Group,
58,4,4,0.0003,Tunisia,Netherlands,Group,
58,4,5,0.0002,Tunisia,Netherlands,Group,
58,4,7,0.0001,Tunisia,Netherlands,Group,
58,5,0,0.0002,Tunisia,Netherlands,Group,
58,5,1,0.0002,Tunisia,Netherlands,Group,
58,5,2,0.0001,Tunisia,Netherlands,Group,
58,5,3,0.0004,Tunisia,Netherlands,Group,
58,6,3,0.0001,Tunisia,Netherlands,Group,
59,0,0,0.0537,Japan,Sweden,Group,
59,0,1,0.0609,Japan,Sweden,Group,
59,0,2,0.0291,Japan,Sweden,Group,
59,0,3,0.0094,Japan,Sweden,Group,
59,0,4,0.0034,Japan,Sweden,Group,
59,0,5,0.0005,Japan,Sweden,Group,
59,0,6,0.0001,Japan,Sweden,Group,
59,1,0,0.105,Japan,Sweden,Group,
59,1,1,0.107,Japan,Sweden,Group,
59,1,2,0.0532,Japan,Sweden,Group,
59,1,3,0.019,Japan,Sweden,Group,
59,1,4,0.0039,Japan,Sweden,Group,
59,1,5,0.0007,Japan,Sweden,Group,
59,1,6,0.0003,Japan,Sweden,Group,
59,2,0,0.093,Japan,Sweden,Group,
59,2,1,0.1008,Japan,Sweden,Group,
59,2,2,0.0507,Japan,Sweden,Group,
59,2,3,0.0138,Japan,Sweden,Group,
59,2,4,0.0054,Japan,Sweden,Group,
59,2,5,0.0013,Japan,Sweden,Group,
59,2,6,0.0006,Japan,Sweden,Group,
59,3,0,0.0614,Japan,Sweden,Group,
59,3,1,0.0606,Japan,Sweden,Group,
59,3,2,0.0313,Japan,Sweden,Group,
59,3,3,0.0097,Japan,Sweden,Group,
59,3,4,0.002,Japan,Sweden,Group,
59,3,5,0.0006,Japan,Sweden,Group,
59,3,6,0.0001,Japan,Sweden,Group,
59,4,0,0.0284,Japan,Sweden,Group,
59,4,1,0.0281,Japan,Sweden,Group,
59,4,2,0.0152,Japan,Sweden,Group,
59,4,3,0.0053,Japan,Sweden,Group,
59,4,4,0.0016,Japan,Sweden,Group,
59,4,5,0.0002,Japan,Sweden,Group,
59,5,0,0.0114,Japan,Sweden,Group,
59,5,1,0.0109,Japan,Sweden,Group,
59,5,2,0.0046,Japan,Sweden,Group,
59,5,3,0.0013,Japan,Sweden,Group,
59,5,4,0.0003,Japan,Sweden,Group,
59,5,5,0.0001,Japan,Sweden,Group,
59,6,0,0.0048,Japan,Sweden,Group,
59,6,1,0.0037,Japan,Sweden,Group,
59,6,2,0.002,Japan,Sweden,Group,
59,6,3,0.0009,Japan,Sweden,Group,
59,6,4,0.0001,Japan,Sweden,Group,
59,7,0,0.001,Japan,Sweden,Group,
59,7,1,0.0014,Japan,Sweden,Group,
59,7,2,0.0003,Japan,Sweden,Group,
59,7,3,0.0001,Japan,Sweden,Group,
59,8,0,0.0003,Japan,Sweden,Group,
59,8,1,0.0003,Japan,Sweden,Group,
59,9,0,0.0001,Japan,Sweden,Group,
59,9,1,0.0001,Japan,Sweden,Group,
60,0,0,0.063,New Zealand,Belgium,Group,
60,0,1,0.1346,New Zealand,Belgium,Group,
60,0,2,0.1466,New Zealand,Belgium,Group,
60,0,3,0.1039,New Zealand,Belgium,Group,
60,0,4,0.0606,New Zealand,Belgium,Group,
60,0,5,0.0263,New Zealand,Belgium,Group,
60,0,6,0.0102,New Zealand,Belgium,Group,
60,0,7,0.0038,New Zealand,Belgium,Group,
60,0,8,0.001,New Zealand,Belgium,Group,
60,0,9,0.0001,New Zealand,Belgium,Group,
60,1,0,0.0356,New Zealand,Belgium,Group,
60,1,1,0.0804,New Zealand,Belgium,Group,
60,1,2,0.0874,New Zealand,Belgium,Group,
60,1,3,0.0678,New Zealand,Belgium,Group,
60,1,4,0.0311,New Zealand,Belgium,Group,
60,1,5,0.0153,New Zealand,Belgium,Group,
60,1,6,0.0059,New Zealand,Belgium,Group,
60,1,7,0.0017,New Zealand,Belgium,Group,
60,1,8,0.0008,New Zealand,Belgium,Group,
60,1,9,0.0001,New Zealand,Belgium,Group,
60,2,0,0.0102,New Zealand,Belgium,Group,
60,2,1,0.0244,New Zealand,Belgium,Group,
60,2,2,0.0275,New Zealand,Belgium,Group,
60,2,3,0.02,New Zealand,Belgium,Group,
60,2,4,0.0105,New Zealand,Belgium,Group,
60,2,5,0.0042,New Zealand,Belgium,Group,
60,2,6,0.0014,New Zealand,Belgium,Group,
60,2,7,0.0006,New Zealand,Belgium,Group,
60,2,8,0.0001,New Zealand,Belgium,Group,
60,2,10,0.0001,New Zealand,Belgium,Group,
60,3,0,0.0024,New Zealand,Belgium,Group,
60,3,1,0.0053,New Zealand,Belgium,Group,
60,3,2,0.0049,New Zealand,Belgium,Group,
60,3,3,0.0043,New Zealand,Belgium,Group,
60,3,4,0.0033,New Zealand,Belgium,Group,
60,3,5,0.0007,New Zealand,Belgium,Group,
60,3,6,0.0006,New Zealand,Belgium,Group,
60,3,7,0.0001,New Zealand,Belgium,Group,
60,4,1,0.001,New Zealand,Belgium,Group,
60,4,2,0.0006,New Zealand,Belgium,Group,
60,4,3,0.0003,New Zealand,Belgium,Group,
60,4,4,0.0007,New Zealand,Belgium,Group,
60,4,6,0.0001,New Zealand,Belgium,Group,
60,5,1,0.0002,New Zealand,Belgium,Group,
60,5,2,0.0001,New Zealand,Belgium,Group,
60,5,5,0.0001,New Zealand,Belgium,Group,
60,6,4,0.0001,New Zealand,Belgium,Group,
61,0,0,0.0913,Egypt,Iran,Group,
61,0,1,0.1137,Egypt,Iran,Group,
61,0,2,0.0744,Egypt,Iran,Group,
61,0,3,0.0293,Egypt,Iran,Group,
61,0,4,0.0092,Egypt,Iran,Group,
61,0,5,0.0023,Egypt,Iran,Group,
61,0,6,0.0008,Egypt,Iran,Group,
61,0,7,0.0003,Egypt,Iran,Group,
61,1,0,0.1047,Egypt,Iran,Group,
61,1,1,0.1299,Egypt,Iran,Group,
61,1,2,0.0817,Egypt,Iran,Group,
61,1,3,0.0333,Egypt,Iran,Group,
61,1,4,0.0104,Egypt,Iran,Group,
61,1,5,0.0036,Egypt,Iran,Group,
61,1,6,0.0004,Egypt,Iran,Group,
61,1,7,0.0001,Egypt,Iran,Group,
61,2,0,0.0613,Egypt,Iran,Group,
61,2,1,0.0748,Egypt,Iran,Group,
61,2,2,0.0476,Egypt,Iran,Group,
61,2,3,0.0191,Egypt,Iran,Group,
61,2,4,0.0078,Egypt,Iran,Group,
61,2,5,0.0014,Egypt,Iran,Group,
61,2,6,0.0006,Egypt,Iran,Group,
61,2,7,0.0001,Egypt,Iran,Group,
61,3,0,0.0212,Egypt,Iran,Group,
61,3,1,0.028,Egypt,Iran,Group,
61,3,2,0.0149,Egypt,Iran,Group,
61,3,3,0.0071,Egypt,Iran,Group,
61,3,4,0.0027,Egypt,Iran,Group,
61,3,5,0.0006,Egypt,Iran,Group,
61,3,6,0.0002,Egypt,Iran,Group,
61,4,0,0.0062,Egypt,Iran,Group,
61,4,1,0.0083,Egypt,Iran,Group,
61,4,2,0.0041,Egypt,Iran,Group,
61,4,3,0.0023,Egypt,Iran,Group,
61,4,4,0.0007,Egypt,Iran,Group,
61,4,5,0.0001,Egypt,Iran,Group,
61,5,0,0.0011,Egypt,Iran,Group,
61,5,1,0.0011,Egypt,Iran,Group,
61,5,2,0.0013,Egypt,Iran,Group,
61,5,3,0.0002,Egypt,Iran,Group,
61,5,4,0.0003,Egypt,Iran,Group,
61,6,0,0.0003,Egypt,Iran,Group,
61,6,1,0.0005,Egypt,Iran,Group,
61,6,2,0.0003,Egypt,Iran,Group,
61,6,3,0.0001,Egypt,Iran,Group,
61,6,4,0.0001,Egypt,Iran,Group,
61,7,0,0.0001,Egypt,Iran,Group,
61,7,1,0.0001,Egypt,Iran,Group,
62,0,0,0.0722,Uruguay,Spain,Group,
62,0,1,0.1461,Uruguay,Spain,Group,
62,0,2,0.1403,Uruguay,Spain,Group,
62,0,3,0.0901,Uruguay,Spain,Group,
62,0,4,0.0467,Uruguay,Spain,Group,
62,0,5,0.0186,Uruguay,Spain,Group,
62,0,6,0.0061,Uruguay,Spain,Group,
62,0,7,0.0012,Uruguay,Spain,Group,
62,0,8,0.0003,Uruguay,Spain,Group,
62,1,0,0.0487,Uruguay,Spain,Group,
62,1,1,0.0985,Uruguay,Spain,Group,
62,1,2,0.092,Uruguay,Spain,Group,
62,1,3,0.0586,Uruguay,Spain,Group,
62,1,4,0.0277,Uruguay,Spain,Group,
62,1,5,0.0101,Uruguay,Spain,Group,
62,1,6,0.0029,Uruguay,Spain,Group,
62,1,7,0.0008,Uruguay,Spain,Group,
62,1,8,0.0002,Uruguay,Spain,Group,
62,2,0,0.0158,Uruguay,Spain,Group,
62,2,1,0.033,Uruguay,Spain,Group,
62,2,2,0.0315,Uruguay,Spain,Group,
62,2,3,0.0174,Uruguay,Spain,Group,
62,2,4,0.0108,Uruguay,Spain,Group,
62,2,5,0.0037,Uruguay,Spain,Group,
62,2,6,0.0009,Uruguay,Spain,Group,
62,2,7,0.0001,Uruguay,Spain,Group,
62,3,0,0.0033,Uruguay,Spain,Group,
62,3,1,0.006,Uruguay,Spain,Group,
62,3,2,0.0064,Uruguay,Spain,Group,
62,3,3,0.0034,Uruguay,Spain,Group,
62,3,4,0.0023,Uruguay,Spain,Group,
62,3,5,0.0008,Uruguay,Spain,Group,
62,3,6,0.0001,Uruguay,Spain,Group,
62,3,8,0.0001,Uruguay,Spain,Group,
62,4,0,0.0006,Uruguay,Spain,Group,
62,4,1,0.0009,Uruguay,Spain,Group,
62,4,2,0.0006,Uruguay,Spain,Group,
62,4,3,0.0007,Uruguay,Spain,Group,
62,4,4,0.0002,Uruguay,Spain,Group,
62,5,2,0.0001,Uruguay,Spain,Group,
62,6,2,0.0001,Uruguay,Spain,Group,
62,6,5,0.0001,Uruguay,Spain,Group,
63,0,0,0.0788,Cape Verde,Saudi Arabia,Group,
63,0,1,0.085,Cape Verde,Saudi Arabia,Group,
63,0,2,0.0485,Cape Verde,Saudi Arabia,Group,
63,0,3,0.0178,Cape Verde,Saudi Arabia,Group,
63,0,4,0.0038,Cape Verde,Saudi Arabia,Group,
63,0,5,0.0008,Cape Verde,Saudi Arabia,Group,
63,0,6,0.0001,Cape Verde,Saudi Arabia,Group,
63,0,10,0.0001,Cape Verde,Saudi Arabia,Group,
63,1,0,0.1169,Cape Verde,Saudi Arabia,Group,
63,1,1,0.1309,Cape Verde,Saudi Arabia,Group,
63,1,2,0.0703,Cape Verde,Saudi Arabia,Group,
63,1,3,0.0232,Cape Verde,Saudi Arabia,Group,
63,1,4,0.0066,Cape Verde,Saudi Arabia,Group,
63,1,5,0.0015,Cape Verde,Saudi Arabia,Group,
63,1,6,0.0004,Cape Verde,Saudi Arabia,Group,
63,2,0,0.086,Cape Verde,Saudi Arabia,Group,
63,2,1,0.0914,Cape Verde,Saudi Arabia,Group,
63,2,2,0.0468,Cape Verde,Saudi Arabia,Group,
63,2,3,0.0154,Cape Verde,Saudi Arabia,Group,
63,2,4,0.0048,Cape Verde,Saudi Arabia,Group,
63,2,5,0.0015,Cape Verde,Saudi Arabia,Group,
63,2,6,0.0001,Cape Verde,Saudi Arabia,Group,
63,3,0,0.0414,Cape Verde,Saudi Arabia,Group,
63,3,1,0.0419,Cape Verde,Saudi Arabia,Group,
63,3,2,0.0229,Cape Verde,Saudi Arabia,Group,
63,3,3,0.0069,Cape Verde,Saudi Arabia,Group,
63,3,4,0.0018,Cape Verde,Saudi Arabia,Group,
63,3,5,0.0006,Cape Verde,Saudi Arabia,Group,
63,4,0,0.0138,Cape Verde,Saudi Arabia,Group,
63,4,1,0.0154,Cape Verde,Saudi Arabia,Group,
63,4,2,0.0072,Cape Verde,Saudi Arabia,Group,
63,4,3,0.0031,Cape Verde,Saudi Arabia,Group,
63,4,4,0.0007,Cape Verde,Saudi Arabia,Group,
63,4,5,0.0001,Cape Verde,Saudi Arabia,Group,
63,4,6,0.0001,Cape Verde,Saudi Arabia,Group,
63,5,0,0.0034,Cape Verde,Saudi Arabia,Group,
63,5,1,0.004,Cape Verde,Saudi Arabia,Group,
63,5,2,0.0019,Cape Verde,Saudi Arabia,Group,
63,5,3,0.0006,Cape Verde,Saudi Arabia,Group,
63,5,4,0.0001,Cape Verde,Saudi Arabia,Group,
63,6,0,0.0007,Cape Verde,Saudi Arabia,Group,
63,6,1,0.0011,Cape Verde,Saudi Arabia,Group,
63,6,2,0.0006,Cape Verde,Saudi Arabia,Group,
63,6,3,0.0001,Cape Verde,Saudi Arabia,Group,
63,7,0,0.0002,Cape Verde,Saudi Arabia,Group,
63,7,1,0.0002,Cape Verde,Saudi Arabia,Group,
63,7,2,0.0002,Cape Verde,Saudi Arabia,Group,
63,7,3,0.0001,Cape Verde,Saudi Arabia,Group,
63,8,0,0.0001,Cape Verde,Saudi Arabia,Group,
63,8,1,0.0001,Cape Verde,Saudi Arabia,Group,
64,0,0,0.0623,Norway,France,Group,
64,0,1,0.1058,Norway,France,Group,
64,0,2,0.0965,Norway,France,Group,
64,0,3,0.0563,Norway,France,Group,
64,0,4,0.027,Norway,France,Group,
64,0,5,0.0085,Norway,France,Group,
64,0,6,0.0036,Norway,France,Group,
64,0,7,0.001,Norway,France,Group,
64,0,8,0.0002,Norway,France,Group,
64,0,9,0.0001,Norway,France,Group,
64,1,0,0.0611,Norway,France,Group,
64,1,1,0.1136,Norway,France,Group,
64,1,2,0.0979,Norway,France,Group,
64,1,3,0.0587,Norway,France,Group,
64,1,4,0.0251,Norway,France,Group,
64,1,5,0.0081,Norway,France,Group,
64,1,6,0.002,Norway,France,Group,
64,1,7,0.0005,Norway,France,Group,
64,2,0,0.0322,Norway,France,Group,
64,2,1,0.0551,Norway,France,Group,
64,2,2,0.0505,Norway,France,Group,
64,2,3,0.0296,Norway,France,Group,
64,2,4,0.0133,Norway,France,Group,
64,2,5,0.0035,Norway,France,Group,
64,2,6,0.0016,Norway,France,Group,
64,2,7,0.0005,Norway,France,Group,
64,2,8,0.0002,Norway,France,Group,
64,3,0,0.0098,Norway,France,Group,
64,3,1,0.023,Norway,France,Group,
64,3,2,0.0167,Norway,France,Group,
64,3,3,0.0094,Norway,France,Group,
64,3,4,0.0044,Norway,France,Group,
64,3,5,0.0009,Norway,France,Group,
64,3,6,0.0005,Norway,France,Group,
64,3,8,0.0002,Norway,France,Group,
64,4,0,0.0034,Norway,France,Group,
64,4,1,0.005,Norway,France,Group,
64,4,2,0.005,Norway,France,Group,
64,4,3,0.0023,Norway,France,Group,
64,4,4,0.0009,Norway,France,Group,
64,4,5,0.0004,Norway,France,Group,
64,4,6,0.0001,Norway,France,Group,
64,5,0,0.0003,Norway,France,Group,
64,5,1,0.0003,Norway,France,Group,
64,5,2,0.0007,Norway,France,Group,
64,5,3,0.0011,Norway,France,Group,
64,5,4,0.0001,Norway,France,Group,
64,5,6,0.0002,Norway,France,Group,
64,6,1,0.0001,Norway,France,Group,
64,6,3,0.0003,Norway,France,Group,
64,7,1,0.0001,Norway,France,Group,
65,0,0,0.0956,Senegal,Iraq,Group,
65,0,1,0.0771,Senegal,Iraq,Group,
65,0,2,0.0314,Senegal,Iraq,Group,
65,0,3,0.0098,Senegal,Iraq,Group,
65,0,4,0.0014,Senegal,Iraq,Group,
65,0,5,0.0001,Senegal,Iraq,Group,
65,1,0,0.1477,Senegal,Iraq,Group,
65,1,1,0.12,Senegal,Iraq,Group,
65,1,2,0.0444,Senegal,Iraq,Group,
65,1,3,0.0129,Senegal,Iraq,Group,
65,1,4,0.004,Senegal,Iraq,Group,
65,1,5,0.0004,Senegal,Iraq,Group,
65,1,6,0.0001,Senegal,Iraq,Group,
65,2,0,0.1093,Senegal,Iraq,Group,
65,2,1,0.0928,Senegal,Iraq,Group,
65,2,2,0.0353,Senegal,Iraq,Group,
65,2,3,0.012,Senegal,Iraq,Group,
65,2,4,0.0022,Senegal,Iraq,Group,
65,2,5,0.0006,Senegal,Iraq,Group,
65,3,0,0.0592,Senegal,Iraq,Group,
65,3,1,0.0506,Senegal,Iraq,Group,
65,3,2,0.0193,Senegal,Iraq,Group,
65,3,3,0.005,Senegal,Iraq,Group,
65,3,4,0.0011,Senegal,Iraq,Group,
65,4,0,0.0205,Senegal,Iraq,Group,
65,4,1,0.0176,Senegal,Iraq,Group,
65,4,2,0.0076,Senegal,Iraq,Group,
65,4,3,0.002,Senegal,Iraq,Group,
65,4,4,0.0007,Senegal,Iraq,Group,
65,5,0,0.0057,Senegal,Iraq,Group,
65,5,1,0.0042,Senegal,Iraq,Group,
65,5,2,0.003,Senegal,Iraq,Group,
65,5,3,0.0004,Senegal,Iraq,Group,
65,5,4,0.0003,Senegal,Iraq,Group,
65,6,0,0.0017,Senegal,Iraq,Group,
65,6,1,0.0018,Senegal,Iraq,Group,
65,6,2,0.0001,Senegal,Iraq,Group,
65,6,3,0.0001,Senegal,Iraq,Group,
65,7,0,0.0007,Senegal,Iraq,Group,
65,7,1,0.0006,Senegal,Iraq,Group,
65,7,2,0.0002,Senegal,Iraq,Group,
65,7,3,0.0001,Senegal,Iraq,Group,
65,8,0,0.0001,Senegal,Iraq,Group,
65,8,1,0.0003,Senegal,Iraq,Group,
66,0,0,0.0529,Jordan,Argentina,Group,
66,0,1,0.1351,Jordan,Argentina,Group,
66,0,2,0.1654,Jordan,Argentina,Group,
66,0,3,0.14,Jordan,Argentina,Group,
66,0,4,0.0883,Jordan,Argentina,Group,
66,0,5,0.0394,Jordan,Argentina,Group,
66,0,6,0.0148,Jordan,Argentina,Group,
66,0,7,0.0053,Jordan,Argentina,Group,
66,0,8,0.0016,Jordan,Argentina,Group,
66,0,9,0.0005,Jordan,Argentina,Group,
66,0,10,0.0002,Jordan,Argentina,Group,
66,0,11,0.0001,Jordan,Argentina,Group,
66,1,0,0.0249,Jordan,Argentina,Group,
66,1,1,0.0574,Jordan,Argentina,Group,
66,1,2,0.0732,Jordan,Argentina,Group,
66,1,3,0.0598,Jordan,Argentina,Group,
66,1,4,0.0392,Jordan,Argentina,Group,
66,1,5,0.0193,Jordan,Argentina,Group,
66,1,6,0.0071,Jordan,Argentina,Group,
66,1,7,0.0026,Jordan,Argentina,Group,
66,1,8,0.0014,Jordan,Argentina,Group,
66,1,9,0.0003,Jordan,Argentina,Group,
66,2,0,0.0047,Jordan,Argentina,Group,
66,2,1,0.013,Jordan,Argentina,Group,
66,2,2,0.0158,Jordan,Argentina,Group,
66,2,3,0.0126,Jordan,Argentina,Group,
66,2,4,0.0072,Jordan,Argentina,Group,
66,2,5,0.0045,Jordan,Argentina,Group,
66,2,6,0.0016,Jordan,Argentina,Group,
66,2,7,0.0004,Jordan,Argentina,Group,
66,2,8,0.0003,Jordan,Argentina,Group,
66,2,9,0.0001,Jordan,Argentina,Group,
66,3,0,0.0007,Jordan,Argentina,Group,
66,3,1,0.0028,Jordan,Argentina,Group,
66,3,2,0.0022,Jordan,Argentina,Group,
66,3,3,0.0019,Jordan,Argentina,Group,
66,3,4,0.0014,Jordan,Argentina,Group,
66,3,5,0.0005,Jordan,Argentina,Group,
66,3,6,0.0003,Jordan,Argentina,Group,
66,3,7,0.0001,Jordan,Argentina,Group,
66,4,1,0.0003,Jordan,Argentina,Group,
66,4,3,0.0002,Jordan,Argentina,Group,
66,4,4,0.0003,Jordan,Argentina,Group,
66,4,5,0.0002,Jordan,Argentina,Group,
66,6,2,0.0001,Jordan,Argentina,Group,
67,0,0,0.0776,Algeria,Austria,Group,
67,0,1,0.1028,Algeria,Austria,Group,
67,0,2,0.0678,Algeria,Austria,Group,
67,0,3,0.0262,Algeria,Austria,Group,
67,0,4,0.0105,Algeria,Austria,Group,
67,0,5,0.0024,Algeria,Austria,Group,
67,0,6,0.0003,Algeria,Austria,Group,
67,1,0,0.1004,Algeria,Austria,Group,
67,1,1,0.1241,Algeria,Austria,Group,
67,1,2,0.0842,Algeria,Austria,Group,
67,1,3,0.0363,Algeria,Austria,Group,
67,1,4,0.011,Algeria,Austria,Group,
67,1,5,0.0039,Algeria,Austria,Group,
67,1,6,0.0009,Algeria,Austria,Group,
67,1,7,0.0004,Algeria,Austria,Group,
67,2,0,0.0593,Algeria,Austria,Group,
67,2,1,0.079,Algeria,Austria,Group,
67,2,2,0.0549,Algeria,Austria,Group,
67,2,3,0.0236,Algeria,Austria,Group,
67,2,4,0.0078,Algeria,Austria,Group,
67,2,5,0.0014,Algeria,Austria,Group,
67,2,6,0.0004,Algeria,Austria,Group,
67,2,7,0.0001,Algeria,Austria,Group,
67,3,0,0.0228,Algeria,Austria,Group,
67,3,1,0.0307,Algeria,Austria,Group,
67,3,2,0.0198,Algeria,Austria,Group,
67,3,3,0.0087,Algeria,Austria,Group,
67,3,4,0.0028,Algeria,Austria,Group,
67,3,5,0.0008,Algeria,Austria,Group,
67,3,6,0.0002,Algeria,Austria,Group,
67,3,7,0.0001,Algeria,Austria,Group,
67,4,0,0.0079,Algeria,Austria,Group,
67,4,1,0.0101,Algeria,Austria,Group,
67,4,2,0.0076,Algeria,Austria,Group,
67,4,3,0.0028,Algeria,Austria,Group,
67,4,4,0.0007,Algeria,Austria,Group,
67,4,5,0.0005,Algeria,Austria,Group,
67,5,0,0.0019,Algeria,Austria,Group,
67,5,1,0.0034,Algeria,Austria,Group,
67,5,2,0.0013,Algeria,Austria,Group,
67,5,3,0.0008,Algeria,Austria,Group,
67,5,4,0.0004,Algeria,Austria,Group,
67,6,0,0.0003,Algeria,Austria,Group,
67,6,1,0.0004,Algeria,Austria,Group,
67,6,2,0.0002,Algeria,Austria,Group,
67,6,3,0.0001,Algeria,Austria,Group,
67,6,4,0.0001,Algeria,Austria,Group,
67,7,0,0.0001,Algeria,Austria,Group,
67,8,0,0.0002,Algeria,Austria,Group,
68,0,0,0.0614,Colombia,Portugal,Group,
68,0,1,0.0849,Colombia,Portugal,Group,
68,0,2,0.0556,Colombia,Portugal,Group,
68,0,3,0.0198,Colombia,Portugal,Group,
68,0,4,0.0057,Colombia,Portugal,Group,
68,0,5,0.0018,Colombia,Portugal,Group,
68,0,6,0.0003,Colombia,Portugal,Group,
68,0,7,0.0001,Colombia,Portugal,Group,
68,1,0,0.093,Colombia,Portugal,Group,
68,1,1,0.1202,Colombia,Portugal,Group,
68,1,2,0.0767,Colombia,Portugal,Group,
68,1,3,0.032,Colombia,Portugal,Group,
68,1,4,0.0091,Colombia,Portugal,Group,
68,1,5,0.0019,Colombia,Portugal,Group,
68,1,6,0.0003,Colombia,Portugal,Group,
68,1,7,0.0001,Colombia,Portugal,Group,
68,2,0,0.0743,Colombia,Portugal,Group,
68,2,1,0.0899,Colombia,Portugal,Group,
68,2,2,0.0556,Colombia,Portugal,Group,
68,2,3,0.0231,Colombia,Portugal,Group,
68,2,4,0.0072,Colombia,Portugal,Group,
68,2,5,0.0019,Colombia,Portugal,Group,
68,2,6,0.0003,Colombia,Portugal,Group,
68,2,7,0.0001,Colombia,Portugal,Group,
68,3,0,0.0354,Colombia,Portugal,Group,
68,3,1,0.0404,Colombia,Portugal,Group,
68,3,2,0.0289,Colombia,Portugal,Group,
68,3,3,0.0122,Colombia,Portugal,Group,
68,3,4,0.0028,Colombia,Portugal,Group,
68,3,5,0.0007,Colombia,Portugal,Group,
68,3,6,0.0001,Colombia,Portugal,Group,
68,4,0,0.0139,Colombia,Portugal,Group,
68,4,1,0.0161,Colombia,Portugal,Group,
68,4,2,0.0112,Colombia,Portugal,Group,
68,4,3,0.004,Colombia,Portugal,Group,
68,4,4,0.0017,Colombia,Portugal,Group,
68,4,5,0.0001,Colombia,Portugal,Group,
68,5,0,0.0038,Colombia,Portugal,Group,
68,5,1,0.0048,Colombia,Portugal,Group,
68,5,2,0.0023,Colombia,Portugal,Group,
68,5,3,0.0008,Colombia,Portugal,Group,
68,5,4,0.0006,Colombia,Portugal,Group,
68,5,5,0.0001,Colombia,Portugal,Group,
68,5,6,0.0001,Colombia,Portugal,Group,
68,6,0,0.001,Colombia,Portugal,Group,
68,6,1,0.0011,Colombia,Portugal,Group,
68,6,2,0.0009,Colombia,Portugal,Group,
68,6,3,0.0003,Colombia,Portugal,Group,
68,6,4,0.0003,Colombia,Portugal,Group,
68,6,5,0.0001,Colombia,Portugal,Group,
68,7,0,0.0002,Colombia,Portugal,Group,
68,7,1,0.0002,Colombia,Portugal,Group,
68,7,2,0.0003,Colombia,Portugal,Group,
68,7,3,0.0002,Colombia,Portugal,Group,
68,8,2,0.0001,Colombia,Portugal,Group,
69,0,0,0.0906,DR Congo,Uzbekistan,Group,
69,0,1,0.1018,DR Congo,Uzbekistan,Group,
69,0,2,0.0552,DR Congo,Uzbekistan,Group,
69,0,3,0.0216,DR Congo,Uzbekistan,Group,
69,0,4,0.0061,DR Congo,Uzbekistan,Group,
69,0,5,0.0013,DR Congo,Uzbekistan,Group,
69,0,9,0.0001,DR Congo,Uzbekistan,Group,
69,1,0,0.1193,DR Congo,Uzbekistan,Group,
69,1,1,0.1295,DR Congo,Uzbekistan,Group,
69,1,2,0.069,DR Congo,Uzbekistan,Group,
69,1,3,0.0275,DR Congo,Uzbekistan,Group,
69,1,4,0.0083,DR Congo,Uzbekistan,Group,
69,1,5,0.0012,DR Congo,Uzbekistan,Group,
69,1,6,0.0001,DR Congo,Uzbekistan,Group,
69,1,7,0.0001,DR Congo,Uzbekistan,Group,
69,2,0,0.0736,DR Congo,Uzbekistan,Group,
69,2,1,0.0854,DR Congo,Uzbekistan,Group,
69,2,2,0.0468,DR Congo,Uzbekistan,Group,
69,2,3,0.0179,DR Congo,Uzbekistan,Group,
69,2,4,0.0047,DR Congo,Uzbekistan,Group,
69,2,5,0.0011,DR Congo,Uzbekistan,Group,
69,2,6,0.0002,DR Congo,Uzbekistan,Group,
69,3,0,0.0305,DR Congo,Uzbekistan,Group,
69,3,1,0.0374,DR Congo,Uzbekistan,Group,
69,3,2,0.0221,DR Congo,Uzbekistan,Group,
69,3,3,0.0072,DR Congo,Uzbekistan,Group,
69,3,4,0.0019,DR Congo,Uzbekistan,Group,
69,3,5,0.0002,DR Congo,Uzbekistan,Group,
69,3,6,0.0001,DR Congo,Uzbekistan,Group,
69,4,0,0.0111,DR Congo,Uzbekistan,Group,
69,4,1,0.0095,DR Congo,Uzbekistan,Group,
69,4,2,0.0062,DR Congo,Uzbekistan,Group,
69,4,3,0.0024,DR Congo,Uzbekistan,Group,
69,4,4,0.0003,DR Congo,Uzbekistan,Group,
69,4,5,0.0002,DR Congo,Uzbekistan,Group,
69,5,0,0.0022,DR Congo,Uzbekistan,Group,
69,5,1,0.0024,DR Congo,Uzbekistan,Group,
69,5,2,0.0018,DR Congo,Uzbekistan,Group,
69,5,3,0.0006,DR Congo,Uzbekistan,Group,
69,5,4,0.0002,DR Congo,Uzbekistan,Group,
69,5,6,0.0001,DR Congo,Uzbekistan,Group,
69,6,0,0.0006,DR Congo,Uzbekistan,Group,
69,6,1,0.0008,DR Congo,Uzbekistan,Group,
69,6,2,0.0004,DR Congo,Uzbekistan,Group,
69,6,3,0.0001,DR Congo,Uzbekistan,Group,
69,7,0,0.0001,DR Congo,Uzbekistan,Group,
69,7,2,0.0002,DR Congo,Uzbekistan,Group,
70,0,0,0.0603,Panama,England,Group,
70,0,1,0.1179,Panama,England,Group,
70,0,2,0.1287,Panama,England,Group,
70,0,3,0.0916,Panama,England,Group,
70,0,4,0.0463,Panama,England,Group,
70,0,5,0.0189,Panama,England,Group,
70,0,6,0.0065,Panama,England,Group,
70,0,7,0.0024,Panama,England,Group,
70,0,8,0.0007,Panama,England,Group,
70,0,9,0.0002,Panama,England,Group,
70,1,0,0.0443,Panama,England,Group,
70,1,1,0.0891,Panama,England,Group,
70,1,2,0.0917,Panama,England,Group,
70,1,3,0.0672,Panama,England,Group,
70,1,4,0.0385,Panama,England,Group,
70,1,5,0.0145,Panama,England,Group,
70,1,6,0.0046,Panama,England,Group,
70,1,7,0.0021,Panama,England,Group,
70,1,8,0.0003,Panama,England,Group,
70,1,9,0.0002,Panama,England,Group,
70,2,0,0.0171,Panama,England,Group,
70,2,1,0.0385,Panama,England,Group,
70,2,2,0.034,Panama,England,Group,
70,2,3,0.0262,Panama,England,Group,
70,2,4,0.0128,Panama,England,Group,
70,2,5,0.0049,Panama,England,Group,
70,2,6,0.0017,Panama,England,Group,
70,2,7,0.0004,Panama,England,Group,
70,2,8,0.0002,Panama,England,Group,
70,2,10,0.0001,Panama,England,Group,
70,3,0,0.0042,Panama,England,Group,
70,3,1,0.0077,Panama,England,Group,
70,3,2,0.009,Panama,England,Group,
70,3,3,0.0055,Panama,England,Group,
70,3,4,0.0036,Panama,England,Group,
70,3,5,0.001,Panama,England,Group,
70,3,6,0.0006,Panama,England,Group,
70,3,9,0.0001,Panama,England,Group,
70,4,0,0.0011,Panama,England,Group,
70,4,1,0.0012,Panama,England,Group,
70,4,2,0.0018,Panama,England,Group,
70,4,3,0.0003,Panama,England,Group,
70,4,4,0.0008,Panama,England,Group,
70,4,6,0.0001,Panama,England,Group,
70,5,1,0.0004,Panama,England,Group,
70,5,2,0.0002,Panama,England,Group,
70,5,3,0.0003,Panama,England,Group,
70,5,8,0.0001,Panama,England,Group,
70,7,3,0.0001,Panama,England,Group,
71,0,0,0.0614,Croatia,Ghana,Group,
71,0,1,0.0343,Croatia,Ghana,Group,
71,0,2,0.0119,Croatia,Ghana,Group,
71,0,3,0.0027,Croatia,Ghana,Group,
71,0,4,0.0003,Croatia,Ghana,Group,
71,1,0,0.125,Croatia,Ghana,Group,
71,1,1,0.0792,Croatia,Ghana,Group,
71,1,2,0.028,Croatia,Ghana,Group,
71,1,3,0.0058,Croatia,Ghana,Group,
71,1,4,0.0005,Croatia,Ghana,Group,
71,1,5,0.0002,Croatia,Ghana,Group,
71,2,0,0.1484,Croatia,Ghana,Group,
71,2,1,0.09,Croatia,Ghana,Group,
71,2,2,0.026,Croatia,Ghana,Group,
71,2,3,0.0075,Croatia,Ghana,Group,
71,2,4,0.0005,Croatia,Ghana,Group,
71,3,0,0.1052,Croatia,Ghana,Group,
71,3,1,0.066,Croatia,Ghana,Group,
71,3,2,0.0203,Croatia,Ghana,Group,
71,3,3,0.003,Croatia,Ghana,Group,
71,3,4,0.0004,Croatia,Ghana,Group,
71,3,5,0.0001,Croatia,Ghana,Group,
71,4,0,0.0572,Croatia,Ghana,Group,
71,4,1,0.0345,Croatia,Ghana,Group,
71,4,2,0.0116,Croatia,Ghana,Group,
71,4,3,0.002,Croatia,Ghana,Group,
71,4,4,0.0002,Croatia,Ghana,Group,
71,4,6,0.0001,Croatia,Ghana,Group,
71,5,0,0.0272,Croatia,Ghana,Group,
71,5,1,0.0167,Croatia,Ghana,Group,
71,5,2,0.0057,Croatia,Ghana,Group,
71,5,3,0.0009,Croatia,Ghana,Group,
71,5,4,0.0002,Croatia,Ghana,Group,
71,6,0,0.01,Croatia,Ghana,Group,
71,6,1,0.0057,Croatia,Ghana,Group,
71,6,2,0.002,Croatia,Ghana,Group,
71,6,3,0.0004,Croatia,Ghana,Group,
71,7,0,0.0036,Croatia,Ghana,Group,
71,7,1,0.0021,Croatia,Ghana,Group,
71,7,2,0.0007,Croatia,Ghana,Group,
71,7,3,0.0001,Croatia,Ghana,Group,
71,8,0,0.0015,Croatia,Ghana,Group,
71,8,1,0.0006,Croatia,Ghana,Group,
71,8,2,0.0002,Croatia,Ghana,Group,
71,9,0,0.0001,Croatia,Ghana,Group,
