match_id,kickoff_utc,home,away,actual_h,actual_a,actual_outcome,model_name,lambda_h,lambda_a,p_home,p_draw,p_away,rps,nll,rmse_h,rmse_a,inference_run_id,cadence_mode
1489369,2026-06-11 19:00:00+00:00,Mexico,South Africa,2,0,0,bayesian_poisson,2.083377243973902,0.6567327635873655,0.7065867619016974,0.1881272320740601,0.1052860060242423,0.048588235677934,1.9652766841901044,0.083377243973902,0.6567327635873655,4f6ce4f0808b43fcb68d4acf10c5f1a8,frozen
1489369,2026-06-11 19:00:00+00:00,Mexico,South Africa,2,0,0,mean_rate_poisson,1.3231990414856971,1.3231990414856971,0.3693966921388475,0.2612066157223048,0.3693966921388475,0.2670572240242749,2.779440621739484,0.6768009585143029,1.3231990414856971,4f6ce4f0808b43fcb68d4acf10c5f1a8,frozen
1489369,2026-06-11 19:00:00+00:00,Mexico,South Africa,2,0,0,negbin_glm,2.064924361196544,0.6115054593356154,0.7144946084661807,0.1872911497704758,0.0982142417633432,0.0455796829400139,1.919389807528849,0.0649243611965442,0.6115054593356154,4f6ce4f0808b43fcb68d4acf10c5f1a8,frozen
1489369,2026-06-11 19:00:00+00:00,Mexico,South Africa,2,0,0,poisson_glm,2.085788374851275,0.6621153362634168,0.7056952289556995,0.1881965702783552,0.1061082007659452,0.0489371242646121,1.9707570892405433,0.0857883748512748,0.6621153362634168,4f6ce4f0808b43fcb68d4acf10c5f1a8,frozen
1489369,2026-06-11 19:00:00+00:00,Mexico,South Africa,2,0,0,random_forest,2.4051321350959016,0.5334240241697962,0.7899015807080091,0.1460239930616561,0.0640744262303347,0.0241234389428699,1.8764936520730524,0.4051321350959016,0.5334240241697962,4f6ce4f0808b43fcb68d4acf10c5f1a8,frozen
1489369,2026-06-11 19:00:00+00:00,Mexico,South Africa,2,0,0,ridge,2.087452290241897,0.6630491600118178,0.7057750854499366,0.1880729401274617,0.1061519744226015,0.0489182710079043,1.971759985798154,0.087452290241897,0.6630491600118178,4f6ce4f0808b43fcb68d4acf10c5f1a8,frozen
1489369,2026-06-11 19:00:00+00:00,Mexico,South Africa,2,0,0,sarimax,2.3717559887481907,0.5636450522323004,0.7779884553361901,0.1516768893543835,0.0703346553094264,0.0271180448507533,1.9012870128981247,0.3717559887481907,0.5636450522323004,4f6ce4f0808b43fcb68d4acf10c5f1a8,frozen
1489369,2026-06-11 19:00:00+00:00,Mexico,South Africa,2,0,0,xgboost,2.380746841430664,0.6183064579963684,0.7667565312365286,0.1550407311229503,0.0782027376405211,0.0302590919476442,1.9573720052284849,0.380746841430664,0.6183064579963684,4f6ce4f0808b43fcb68d4acf10c5f1a8,frozen
1538999,2026-06-12 02:00:00+00:00,South Korea,Czechia,2,1,0,bayesian_poisson,1.1084885614466504,1.1640437997112896,0.3434159757393509,0.2855862514230975,0.3709977728375516,0.284370964182366,2.6077847023517373,0.8915114385533496,0.1640437997112895,4f6ce4f0808b43fcb68d4acf10c5f1a8,frozen
1538999,2026-06-12 02:00:00+00:00,South Korea,Czechia,2,1,0,mean_rate_poisson,1.3231990414856971,1.3231990414856971,0.3693966921388475,0.2612066157223048,0.3693966921388475,0.2670572240242749,2.499388300843556,0.6768009585143029,0.3231990414856971,4f6ce4f0808b43fcb68d4acf10c5f1a8,frozen
1538999,2026-06-12 02:00:00+00:00,South Korea,Czechia,2,1,0,negbin_glm,1.1050153637939648,1.1441364160583471,0.3465329262998049,0.2874247648499051,0.36604230885029,0.2805030941393736,2.607930352239502,0.8949846362060352,0.1441364160583471,4f6ce4f0808b43fcb68d4acf10c5f1a8,frozen
1538999,2026-06-12 02:00:00+00:00,South Korea,Czechia,2,1,0,poisson_glm,1.09841683266602,1.1509982140131074,0.3432170434031049,0.2873467577174501,0.3694361988794448,0.2839234785593258,2.6141928490466224,0.90158316733398,0.1509982140131074,4f6ce4f0808b43fcb68d4acf10c5f1a8,frozen
1538999,2026-06-12 02:00:00+00:00,South Korea,Czechia,2,1,0,random_forest,1.1602389896694223,1.1008644866584771,0.3715578319840775,0.2864248260850802,0.3420173419308424,0.2559577103609958,2.560902869826569,0.8397610103305777,0.1008644866584771,4f6ce4f0808b43fcb68d4acf10c5f1a8,frozen
1538999,2026-06-12 02:00:00+00:00,South Korea,Czechia,2,1,0,ridge,1.1588161770188308,1.4019088809300655,0.3108587446459643,0.2639095697855911,0.4252316855684446,0.3278688281211583,2.6212395502864023,0.8411838229811692,0.4019088809300655,4f6ce4f0808b43fcb68d4acf10c5f1a8,frozen
1538999,2026-06-12 02:00:00+00:00,South Korea,Czechia,2,1,0,sarimax,1.2132909918220838,1.4371678639163816,0.3185720309171426,0.2590527069537255,0.4223752621291319,0.3213724695535203,2.5942586294506857,0.7867090081779162,0.4371678639163816,4f6ce4f0808b43fcb68d4acf10c5f1a8,frozen
1538999,2026-06-12 02:00:00+00:00,South Korea,Czechia,2,1,0,xgboost,1.1313908100128174,1.1566473245620728,0.3514751305802631,0.2845452762350143,0.3639795931847226,0.2765328252554015,2.5887643698138403,0.8686091899871826,0.1566473245620727,4f6ce4f0808b43fcb68d4acf10c5f1a8,frozen
1539000,2026-06-12 19:00:00+00:00,Canada,Bosnia and Herzegovina,1,1,1,bayesian_poisson,1.540419667884658,0.7586726840928926,0.5594947538296565,0.2566808805810293,0.183824365589314,0.1734128884736109,2.1432223019174823,0.540419667884658,0.2413273159071074,f123b4b25b744a3aa71148e02121102c,frozen
1539000,2026-06-12 19:00:00+00:00,Canada,Bosnia and Herzegovina,1,1,1,mean_rate_poisson,1.3231506439053609,1.3231506439053609,0.3693939112003024,0.2612121775993952,0.3693939112003024,0.1364518616318569,2.086269799737906,0.3231506439053608,0.3231506439053608,f123b4b25b744a3aa71148e02121102c,frozen
1539000,2026-06-12 19:00:00+00:00,Canada,Bosnia and Herzegovina,1,1,1,negbin_glm,1.52714949991474,0.7295549774218913,0.5638158353037835,0.2581444619723855,0.1780397027238309,0.1747932159426466,2.1486221022641185,0.5271494999147399,0.2704450225781086,f123b4b25b744a3aa71148e02121102c,frozen
1539000,2026-06-12 19:00:00+00:00,Canada,Bosnia and Herzegovina,1,1,1,poisson_glm,1.5215078272427127,0.7566502339896719,0.5551528303390748,0.2590689854747503,0.1857781841861749,0.1713540993764989,2.1373104010705655,0.5215078272427127,0.2433497660103281,f123b4b25b744a3aa71148e02121102c,frozen
1539000,2026-06-12 19:00:00+00:00,Canada,Bosnia and Herzegovina,1,1,1,random_forest,1.8891222907641223,0.7372719730607573,0.6470668511357907,0.2141045346008608,0.1388286142633485,0.2189844469885345,2.2950803666869595,0.8891222907641223,0.2627280269392427,f123b4b25b744a3aa71148e02121102c,frozen
1539000,2026-06-12 19:00:00+00:00,Canada,Bosnia and Herzegovina,1,1,1,ridge,1.83535212095616,0.752164506636881,0.6315408806094418,0.2208576515690473,0.1476014678215106,0.2103150385920068,2.2650804930969697,0.8353521209561601,0.247835493363119,f123b4b25b744a3aa71148e02121102c,frozen
1539000,2026-06-12 19:00:00+00:00,Canada,Bosnia and Herzegovina,1,1,1,sarimax,1.9631476551404865,0.7449843664356105,0.6606538166746384,0.2061561718893831,0.1331900114359785,0.2271015223165414,2.3279749354594967,0.9631476551404864,0.2550156335643895,f123b4b25b744a3aa71148e02121102c,frozen
1539000,2026-06-12 19:00:00+00:00,Canada,Bosnia and Herzegovina,1,1,1,xgboost,1.7539693117141724,0.7592405080795288,0.6113394289819825,0.2305805148694226,0.1580800561485948,0.1993626007899796,2.2267650990095262,0.7539693117141724,0.2407594919204712,f123b4b25b744a3aa71148e02121102c,frozen
1489370,2026-06-13 01:00:00+00:00,United States,Paraguay,4,1,0,bayesian_poisson,1.010125816808349,1.646580313752256,0.2320743065509311,0.2454079653402986,0.5225177281087703,0.4313673234235919,5.295759784024215,2.989874183191651,0.6465803137522561,d034ac95a43e41ee883e334f3dc61ca3,frozen
1489370,2026-06-13 01:00:00+00:00,United States,Paraguay,4,1,0,mean_rate_poisson,1.3231506439053609,1.3231506439053609,0.3693939112003024,0.2612121775993952,0.3693939112003024,0.2670579504315545,4.4242763979766275,2.676849356094639,0.3231506439053608,d034ac95a43e41ee883e334f3dc61ca3,frozen
1489370,2026-06-13 01:00:00+00:00,United States,Paraguay,4,1,0,negbin_glm,0.970855106006418,1.6149310918526965,0.2270616056477931,0.2486608397901697,0.5242775545620372,0.4361503578406587,5.40285991298636,3.029144893993582,0.6149310918526965,d034ac95a43e41ee883e334f3dc61ca3,frozen
1489370,2026-06-13 01:00:00+00:00,United States,Paraguay,4,1,0,poisson_glm,0.9977928130274644,1.633009053784412,0.2310566790627589,0.2467708308338062,0.5221724901034348,0.4319689701174073,5.3272698445215765,3.0022071869725355,0.633009053784412,d034ac95a43e41ee883e334f3dc61ca3,frozen
1489370,2026-06-13 01:00:00+00:00,United States,Paraguay,4,1,0,random_forest,1.033606067320707,1.335541783594907,0.2892853619921841,0.2747450978381563,0.4359695401696596,0.3475923683171626,5.125649744870884,2.966393932679293,0.335541783594907,d034ac95a43e41ee883e334f3dc61ca3,frozen
1489370,2026-06-13 01:00:00+00:00,United States,Paraguay,4,1,0,ridge,1.2475576991997137,1.5555412019348551,0.3058288510485693,0.2492648455200378,0.4449063034313928,0.339907601434768,4.65457800882384,2.7524423008002863,0.5555412019348551,d034ac95a43e41ee883e334f3dc61ca3,frozen
1489370,2026-06-13 01:00:00+00:00,United States,Paraguay,4,1,0,sarimax,1.26852563741823,1.724306781773103,0.2821885986441751,0.236563620900854,0.4812477804549707,0.3734263170546245,4.674639902794401,2.73147436258177,0.724306781773103,d034ac95a43e41ee883e334f3dc61ca3,frozen
1489370,2026-06-13 01:00:00+00:00,United States,Paraguay,4,1,0,xgboost,0.9639362692832948,1.26541268825531,0.2824952539798178,0.284726121847684,0.4327786241724982,0.3510551990510633,5.318924872171344,3.0360637307167053,0.26541268825531,d034ac95a43e41ee883e334f3dc61ca3,frozen
1489373,2026-06-13 19:00:00+00:00,Qatar,Switzerland,1,1,1,bayesian_poisson,0.5332127638054043,2.615254468042981,0.0542267721176999,0.1271732153515563,0.8186000125307437,0.3365232616648193,2.8159405809952336,0.4667872361945957,1.615254468042981,c319e570fd2a412a88d4a6bc0b1d251e,frozen
1489373,2026-06-13 19:00:00+00:00,Qatar,Switzerland,1,1,1,mean_rate_poisson,1.3231506439053609,1.3231506439053609,0.3693939112003024,0.2612121775993952,0.3693939112003024,0.1364518616318569,2.086269799737906,0.3231506439053608,0.3231506439053608,c319e570fd2a412a88d4a6bc0b1d251e,frozen
1489373,2026-06-13 19:00:00+00:00,Qatar,Switzerland,1,1,1,negbin_glm,0.4965523781772469,2.793487970014666,0.0429876802357579,0.1098773575368457,0.8471349622273963,0.3597427924400319,2.962815670947376,0.503447621822753,1.7934879700146662,c319e570fd2a412a88d4a6bc0b1d251e,frozen
1489373,2026-06-13 19:00:00+00:00,Qatar,Switzerland,1,1,1,poisson_glm,0.5533948544188593,2.5710543115185867,0.0588200942561561,0.1326169713816723,0.8085629343621714,0.3286169111563341,2.7718166230052304,0.4466051455811407,1.5710543115185869,c319e570fd2a412a88d4a6bc0b1d251e,frozen
1489373,2026-06-13 19:00:00+00:00,Qatar,Switzerland,1,1,1,random_forest,0.4749988795535195,2.615243160500447,0.0469681480744095,0.1221826236633939,0.8308492282621965,0.3462582235187136,2.873327793838005,0.5250011204464805,1.6152431605004471,c319e570fd2a412a88d4a6bc0b1d251e,frozen
1489373,2026-06-13 19:00:00+00:00,Qatar,Switzerland,1,1,1,ridge,0.4121535444879478,2.0452552770523296,0.0633361251209706,0.1745827900306345,0.7620810848483949,0.2923895223145228,2.62824552824653,0.5878464555120522,1.0452552770523296,c319e570fd2a412a88d4a6bc0b1d251e,frozen
1489373,2026-06-13 19:00:00+00:00,Qatar,Switzerland,1,1,1,sarimax,0.2272227042163763,2.2611899419035923,0.0268806294421986,0.1315148408681618,0.8416045296896396,0.354510376316664,3.154346115032202,0.7727772957836236,1.2611899419035923,c319e570fd2a412a88d4a6bc0b1d251e,frozen
1489373,2026-06-13 19:00:00+00:00,Qatar,Switzerland,1,1,1,xgboost,0.5620077252388,2.333438873291016,0.0722160330223828,0.1552942174545564,0.7724897495230607,0.3009777842718454,2.624343190961495,0.4379922747611999,1.333438873291016,c319e570fd2a412a88d4a6bc0b1d251e,frozen
1489371,2026-06-13 22:00:00+00:00,Brazil,Morocco,1,1,1,bayesian_poisson,1.733706328814497,0.9819207293726452,0.5503940840565706,0.2368349645703397,0.2127709513730896,0.1741025627563405,2.183610252256293,0.7337063288144969,0.0180792706273548,903c947d9cc746b9a4f1eaf54da27d00,frozen
1489371,2026-06-13 22:00:00+00:00,Brazil,Morocco,1,1,1,mean_rate_poisson,1.3231506439053609,1.3231506439053609,0.3693939112003024,0.2612121775993952,0.3693939112003024,0.1364518616318569,2.086269799737906,0.3231506439053608,0.3231506439053608,903c947d9cc746b9a4f1eaf54da27d00,frozen
1489371,2026-06-13 22:00:00+00:00,Brazil,Morocco,1,1,1,negbin_glm,1.7387203087422003,0.9751988865773132,0.5532240933094602,0.236286201275204,0.2104897054153356,0.1751814067519546,2.1858836499719643,0.7387203087422003,0.0248011134226867,903c947d9cc746b9a4f1eaf54da27d00,frozen
1489371,2026-06-13 22:00:00+00:00,Brazil,Morocco,1,1,1,poisson_glm,1.7210750989249344,0.9898282296098118,0.5454644037871361,0.2381272048499188,0.216408391362945,0.1721820038255767,2.1781780318139186,0.7210750989249344,0.0101717703901882,903c947d9cc746b9a4f1eaf54da27d00,frozen
1489371,2026-06-13 22:00:00+00:00,Brazil,Morocco,1,1,1,random_forest,1.7806831630809532,0.8952183433710548,0.5828223040001461,0.2308970426764617,0.1862806533233921,0.1871911599213143,2.2095920476831683,0.7806831630809532,0.1047816566289452,903c947d9cc746b9a4f1eaf54da27d00,frozen
1489371,2026-06-13 22:00:00+00:00,Brazil,Morocco,1,1,1,ridge,1.710960638264441,1.099181437720624,0.5168438157341171,0.2391657914188817,0.2439903928470012,0.1633294208321179,2.178521331182745,0.7109606382644409,0.0991814377206239,903c947d9cc746b9a4f1eaf54da27d00,frozen
1489371,2026-06-13 22:00:00+00:00,Brazil,Morocco,1,1,1,sarimax,1.964093675898068,1.0701635723394545,0.58138287488685,0.2165587624907496,0.2020583626224003,0.189416814558672,2.291414834821446,0.964093675898068,0.0701635723394544,903c947d9cc746b9a4f1eaf54da27d00,frozen
1489371,2026-06-13 22:00:00+00:00,Brazil,Morocco,1,1,1,xgboost,1.7532590627670288,0.9061601161956788,0.5737141840875781,0.2339690417029401,0.1923167742094817,0.1830668533328081,2.196482061278002,0.7532590627670288,0.0938398838043211,903c947d9cc746b9a4f1eaf54da27d00,frozen
1489372,2026-06-14 01:00:00+00:00,Haiti,Scotland,0,1,2,bayesian_poisson,0.8165435245324212,1.6498996030003776,0.184185478868028,0.2440417345316233,0.5717727866003486,0.1086514184609376,1.9657286881379807,0.8165435245324212,0.6498996030003776,4bdb4d88d30546bba59c8e7e5aed6b3c,frozen
1489372,2026-06-14 01:00:00+00:00,Haiti,Scotland,0,1,2,mean_rate_poisson,1.3231506439053609,1.3231506439053609,0.3693939112003024,0.2612121775993952,0.3693939112003024,0.2670579504315545,2.366285543774314,1.3231506439053609,0.3231506439053608,4bdb4d88d30546bba59c8e7e5aed6b3c,frozen
1489372,2026-06-14 01:00:00+00:00,Haiti,Scotland,0,1,2,negbin_glm,0.7842788805789209,1.6760143412827062,0.1731110133052279,0.2404265804773171,0.5864624062174549,0.10049038219951,1.9438746629870889,0.7842788805789209,0.6760143412827062,4bdb4d88d30546bba59c8e7e5aed6b3c,frozen
1489372,2026-06-14 01:00:00+00:00,Haiti,Scotland,0,1,2,poisson_glm,0.8132137410651067,1.6294212657188871,0.185998774813258,0.2463895248252936,0.5676117003614483,0.1107775929481755,1.9544101067173076,0.8132137410651067,0.6294212657188871,4bdb4d88d30546bba59c8e7e5aed6b3c,frozen
1489372,2026-06-14 01:00:00+00:00,Haiti,Scotland,0,1,2,random_forest,0.7613574029683393,1.581204198488454,0.1792632374030534,0.2515864742024539,0.5691502883944926,0.1088833911373862,1.8843748937654008,0.7613574029683393,0.581204198488454,4bdb4d88d30546bba59c8e7e5aed6b3c,frozen
1489372,2026-06-14 01:00:00+00:00,Haiti,Scotland,0,1,2,ridge,0.971217031769428,1.5346704983293356,0.2392917941487554,0.2568032285973323,0.5039049772539123,0.1516854171701858,2.077571831170995,0.971217031769428,0.5346704983293356,4bdb4d88d30546bba59c8e7e5aed6b3c,frozen
1489372,2026-06-14 01:00:00+00:00,Haiti,Scotland,0,1,2,sarimax,0.8875797028801427,1.6677910456456675,0.1991362278109159,0.242859561158547,0.5580042110305371,0.1175077573467495,2.043870724831181,0.8875797028801427,0.6677910456456675,4bdb4d88d30546bba59c8e7e5aed6b3c,frozen
1489372,2026-06-14 01:00:00+00:00,Haiti,Scotland,0,1,2,xgboost,0.8865070343017578,1.61648428440094,0.2058693017135126,0.2484592216741307,0.5456714766123566,0.1243982882758028,2.0227377225579826,0.8865070343017578,0.6164842844009399,4bdb4d88d30546bba59c8e7e5aed6b3c,frozen
1539001,2026-06-14 04:00:00+00:00,Australia,Turkey,2,0,0,bayesian_poisson,0.878095315602787,1.2718740516039535,0.2567808921298484,0.2877448156972834,0.4554742921728681,0.3799157365668396,3.103116810421012,1.121904684397213,1.2718740516039535,ff5ab1ca32b64b7b95f862c277ab4f65,frozen
1539001,2026-06-14 04:00:00+00:00,Australia,Turkey,2,0,0,mean_rate_poisson,1.3231506439053609,1.3231506439053609,0.3693939112003024,0.2612121775993952,0.3693939112003024,0.2670579504315545,2.7794169802978512,0.6768493560946391,1.3231506439053609,ff5ab1ca32b64b7b95f862c277ab4f65,frozen
1539001,2026-06-14 04:00:00+00:00,Australia,Turkey,2,0,0,negbin_glm,0.8503216619339836,1.2898540606060631,0.2457744476969442,0.2866514448603089,0.4675741074427468,0.3937408648488654,3.15760405365614,1.1496783380660165,1.2898540606060631,ff5ab1ca32b64b7b95f862c277ab4f65,frozen
1539001,2026-06-14 04:00:00+00:00,Australia,Turkey,2,0,0,poisson_glm,0.8763906939089678,1.264869803845739,0.2574898884387823,0.2886320151468783,0.4538780964143393,0.378663296087678,3.0982942580349366,1.1236093060910322,1.264869803845739,ff5ab1ca32b64b7b95f862c277ab4f65,frozen
1539001,2026-06-14 04:00:00+00:00,Australia,Turkey,2,0,0,random_forest,0.8943956904180276,1.2676541625385616,0.2621967305853113,0.2875657823770154,0.4502374870376732,0.3735337295465013,3.0784110235135644,1.1056043095819723,1.2676541625385616,ff5ab1ca32b64b7b95f862c277ab4f65,frozen
1539001,2026-06-14 04:00:00+00:00,Australia,Turkey,2,0,0,ridge,0.959262112189266,1.398811673899469,0.2579887949839368,0.2710359420474763,0.4709752629685869,0.3861991633488598,3.134402813061363,1.0407378878107338,1.398811673899469,ff5ab1ca32b64b7b95f862c277ab4f65,frozen
1539001,2026-06-14 04:00:00+00:00,Australia,Turkey,2,0,0,sarimax,0.9424441372994414,1.4420389539723488,0.246382447295235,0.2668988490706193,0.4867187036341456,0.4024172561060112,3.196187536204488,1.0575558627005586,1.4420389539723488,ff5ab1ca32b64b7b95f862c277ab4f65,frozen
1539001,2026-06-14 04:00:00+00:00,Australia,Turkey,2,0,0,xgboost,0.8739005327224731,1.2942564487457275,0.2517818813919681,0.2852885564169881,0.4629295621910438,0.3870670662818671,3.1308815955417386,1.1260994672775269,1.2942564487457275,ff5ab1ca32b64b7b95f862c277ab4f65,frozen
1489374,2026-06-14 17:00:00+00:00,Germany,Curaçao,7,1,0,bayesian_poisson,2.993711875830325,0.5838981343761391,0.8519579261450598,0.10279290476129,0.0452491690936502,0.0119819714674686,4.965201777514757,4.006288124169675,0.4161018656238608,ae15eb5991b64182bf51b49d62e6a857,frozen
1489374,2026-06-14 17:00:00+00:00,Germany,Curaçao,7,1,0,mean_rate_poisson,1.3231506439053609,1.3231506439053609,0.3693939112003024,0.2612121775993952,0.3693939112003024,0.2670579504315545,8.931336696584873,5.676849356094639,0.3231506439053608,ae15eb5991b64182bf51b49d62e6a857,frozen
1489374,2026-06-14 17:00:00+00:00,Germany,Curaçao,7,1,0,negbin_glm,3.1725052733214087,0.5309120258674468,0.8780980960116446,0.0872938649699172,0.034608039018438,0.0080288952803439,4.780086528435484,3.8274947266785913,0.4690879741325532,ae15eb5991b64182bf51b49d62e6a857,frozen
1489374,2026-06-14 17:00:00+00:00,Germany,Curaçao,7,1,0,poisson_glm,3.006305206260313,0.5804825700018206,0.8538619688496313,0.1016798304060005,0.0444582007443681,0.0116664278809663,4.950861911734371,3.993694793739687,0.4195174299981794,ae15eb5991b64182bf51b49d62e6a857,frozen
1489374,2026-06-14 17:00:00+00:00,Germany,Curaçao,7,1,0,random_forest,2.576749614367955,0.470889284406227,0.8269612962163647,0.1250958058791197,0.0479428979045153,0.0161204572333017,5.700231180457223,4.423250385632045,0.529110715593773,ae15eb5991b64182bf51b49d62e6a857,frozen
1489374,2026-06-14 17:00:00+00:00,Germany,Curaçao,7,1,0,ridge,2.101753690793072,0.576873651508686,0.7300037390604484,0.1808047138753735,0.0891915470641781,0.0404265564945199,6.554516105052669,4.898246309206928,0.423126348491314,ae15eb5991b64182bf51b49d62e6a857,frozen
1489374,2026-06-14 17:00:00+00:00,Germany,Curaçao,7,1,0,sarimax,2.3829118009039103,0.4196955914095648,0.8128122199835457,0.1382757548989524,0.0489120251175019,0.0187158255942918,6.1177320667334705,4.61708819909609,0.5803044085904352,ae15eb5991b64182bf51b49d62e6a857,frozen
1489374,2026-06-14 17:00:00+00:00,Germany,Curaçao,7,1,0,xgboost,2.5298640727996826,0.5433766841888428,0.8052153862373456,0.1353893457160587,0.0593952680465956,0.0207344218124967,5.711195582325596,4.470135927200317,0.4566233158111572,ae15eb5991b64182bf51b49d62e6a857,frozen
1489376,2026-06-14 20:00:00+00:00,Netherlands,Japan,2,2,1,bayesian_poisson,1.2165506364051628,1.143380372058884,0.3782940480716105,0.2791557022202243,0.3425502497081651,0.1302235301907661,3.0862081286914993,0.7834493635948372,0.856619627941116,ae15eb5991b64182bf51b49d62e6a857,frozen
1489376,2026-06-14 20:00:00+00:00,Netherlands,Japan,2,2,1,mean_rate_poisson,1.3231506439053609,1.3231506439053609,0.3693939112003024,0.2612121775993952,0.3693939112003024,0.1364518616318569,2.9125326727849803,0.6768493560946391,0.6768493560946391,ae15eb5991b64182bf51b49d62e6a857,frozen
1489376,2026-06-14 20:00:00+00:00,Netherlands,Japan,2,2,1,negbin_glm,1.2178356883535728,1.112995553617056,0.38525560049378,0.2809625993869087,0.3337818001193112,0.1299160839013554,3.1088649337102794,0.7821643116464272,0.8870044463829441,ae15eb5991b64182bf51b49d62e6a857,frozen
1489376,2026-06-14 20:00:00+00:00,Netherlands,Japan,2,2,1,poisson_glm,1.2031061782567067,1.134734767239354,0.3763945284282873,0.2807461158326901,0.3428593557390226,0.1296126894242652,3.101524041219328,0.7968938217432933,0.865265232760646,ae15eb5991b64182bf51b49d62e6a857,frozen
1489376,2026-06-14 20:00:00+00:00,Netherlands,Japan,2,2,1,random_forest,1.145523986393647,1.1205193326613854,0.3631215335433453,0.2861876034519787,0.3506908630046759,0.1274206647589176,3.153028820023038,0.854476013606353,0.8794806673386146,ae15eb5991b64182bf51b49d62e6a857,frozen
1489376,2026-06-14 20:00:00+00:00,Netherlands,Japan,2,2,1,ridge,1.2253343669862162,1.3606927697189657,0.3362276590112844,0.2640207623122741,0.3997515786764413,0.1364251816692578,2.949906059932842,0.7746656330137838,0.6393072302810343,ae15eb5991b64182bf51b49d62e6a857,frozen
1489376,2026-06-14 20:00:00+00:00,Netherlands,Japan,2,2,1,sarimax,1.3202245417167937,1.361635394054998,0.3608658536342636,0.2591276784701134,0.380006467895623,0.1373145399808464,2.8951776919902494,0.6797754582832063,0.6383646059450021,ae15eb5991b64182bf51b49d62e6a857,frozen
1489376,2026-06-14 20:00:00+00:00,Netherlands,Japan,2,2,1,xgboost,1.1723324060440063,1.1517144441604614,0.3641075012110747,0.2819253417647682,0.3539671570241571,0.1289335103449685,3.1098473572048673,0.8276675939559937,0.8482855558395386,ae15eb5991b64182bf51b49d62e6a857,frozen
1489375,2026-06-14 23:00:00+00:00,Ivory Coast,Ecuador,1,0,0,bayesian_poisson,0.6375747277602232,1.7748290280732126,0.1282550911200088,0.2235461200874538,0.6481987887925373,0.5900504279751484,2.8624875446366844,0.3624252722397768,1.7748290280732126,9570436e4ca74d0aa04e037a24cd5134,frozen
1489375,2026-06-14 23:00:00+00:00,Ivory Coast,Ecuador,1,0,0,mean_rate_poisson,1.3231506439053609,1.3231506439053609,0.3693939112003024,0.2612121775993952,0.3693939112003024,0.2670579504315545,2.366285543774314,0.3231506439053608,1.3231506439053609,9570436e4ca74d0aa04e037a24cd5134,frozen
1489375,2026-06-14 23:00:00+00:00,Ivory Coast,Ecuador,1,0,0,negbin_glm,0.6314845432497934,1.7903195346955023,0.1254254189125536,0.2213012093734822,0.6532733717139643,0.5958233980374067,2.881485891683793,0.3685154567502066,1.7903195346955023,9570436e4ca74d0aa04e037a24cd5134,frozen
1489375,2026-06-14 23:00:00+00:00,Ivory Coast,Ecuador,1,0,0,poisson_glm,0.6433173109638527,1.754538008625207,0.1315199188730989,0.2263844804226762,0.6420956007042249,0.5832722058789541,2.83897251088805,0.3566826890361473,1.754538008625207,9570436e4ca74d0aa04e037a24cd5134,frozen
1489375,2026-06-14 23:00:00+00:00,Ivory Coast,Ecuador,1,0,0,random_forest,0.704946991770499,2.003946852400248,0.1212938825562003,0.1996479991171289,0.6790581183266707,0.6166221844492576,3.0585265121454643,0.295053008229501,2.003946852400248,9570436e4ca74d0aa04e037a24cd5134,frozen
1489375,2026-06-14 23:00:00+00:00,Ivory Coast,Ecuador,1,0,0,ridge,0.7479122550299399,1.7559228342604225,0.1552526612636547,0.2300064606410065,0.6147408780953386,0.5457522067517829,2.794304703288628,0.2520877449700601,1.7559228342604225,9570436e4ca74d0aa04e037a24cd5134,frozen
1489375,2026-06-14 23:00:00+00:00,Ivory Coast,Ecuador,1,0,0,sarimax,0.5913341163977496,2.034831023208137,0.0966587802047727,0.1893877749907714,0.7139534448044559,0.6628774403646391,3.1515392201522827,0.4086658836022504,2.034831023208137,9570436e4ca74d0aa04e037a24cd5134,frozen
1489375,2026-06-14 23:00:00+00:00,Ivory Coast,Ecuador,1,0,0,xgboost,0.7374041676521301,1.8491393327713013,0.1429186689894368,0.2187003803852088,0.6383809506253544,0.5710593230440848,2.8911626418014116,0.2625958323478699,1.8491393327713013,9570436e4ca74d0aa04e037a24cd5134,frozen
1539002,2026-06-15 02:00:00+00:00,Sweden,Tunisia,5,1,0,bayesian_poisson,1.636720050513499,1.1972044087800906,0.4762176491448552,0.2443025172685804,0.2794798335865645,0.1762284642244578,4.977955672369559,3.3632799494865013,0.1972044087800906,07be3beacfa84e338a078e9d25672ddf,frozen
1539002,2026-06-15 02:00:00+00:00,Sweden,Tunisia,5,1,0,mean_rate_poisson,1.3231506439053609,1.3231506439053609,0.3693939112003024,0.2612121775993952,0.3693939112003024,0.2670579504315545,5.75369856637432,3.676849356094639,0.3231506439053608,07be3beacfa84e338a078e9d25672ddf,frozen
1539002,2026-06-15 02:00:00+00:00,Sweden,Tunisia,5,1,0,negbin_glm,1.6107425651790668,1.1599011870533853,0.4783458579383338,0.2470371361884429,0.2746170058732233,0.1737687719224335,5.0263242107244395,3.3892574348209332,0.1599011870533853,07be3beacfa84e338a078e9d25672ddf,frozen
1539002,2026-06-15 02:00:00+00:00,Sweden,Tunisia,5,1,0,poisson_glm,1.6133972558483214,1.179843507793101,0.4744412678833664,0.2464614192249392,0.2790973128916944,0.1770536454837039,5.023640433909536,3.386602744151679,0.1798435077931011,07be3beacfa84e338a078e9d25672ddf,frozen
1539002,2026-06-15 02:00:00+00:00,Sweden,Tunisia,5,1,0,random_forest,1.7639326267807227,0.9016600052425122,0.5773290547814416,0.2327746589338183,0.1898962862847402,0.1073556637383428,4.7188733220020955,3.236067373219277,0.0983399947574877,07be3beacfa84e338a078e9d25672ddf,frozen
1539002,2026-06-15 02:00:00+00:00,Sweden,Tunisia,5,1,0,ridge,1.881548387835215,1.1927958313853404,0.5346681144526807,0.2248977298277548,0.2404341557195645,0.1371711734718016,4.525060730297516,3.118451612164785,0.1927958313853404,07be3beacfa84e338a078e9d25672ddf,frozen
1539002,2026-06-15 02:00:00+00:00,Sweden,Tunisia,5,1,0,sarimax,2.0059321879882885,1.3075118065846272,0.536283974138939,0.2159848612769205,0.2477311645841403,0.1382016412732953,4.352265368664769,2.9940678120117115,0.3075118065846272,07be3beacfa84e338a078e9d25672ddf,frozen
1539002,2026-06-15 02:00:00+00:00,Sweden,Tunisia,5,1,0,xgboost,1.7127292156219482,0.921305537223816,0.5603636603911502,0.2384118441638812,0.2012244954449686,0.116885704335875,4.8130493946058435,3.287270784378052,0.0786944627761839,07be3beacfa84e338a078e9d25672ddf,frozen
1489380,2026-06-15 16:00:00+00:00,Spain,Cape Verde,0,0,1,bayesian_poisson,2.822728476325178,0.4147672136427119,0.8659478009219046,0.1005855888145275,0.0334666102635679,0.375492803962008,3.23749568996789,2.822728476325178,0.4147672136427119,29d531ec2706482fbb1193f4119b69a5,frozen
1489380,2026-06-15 16:00:00+00:00,Spain,Cape Verde,0,0,1,mean_rate_poisson,1.3231506439053609,1.3231506439053609,0.3693939112003024,0.2612121775993952,0.3693939112003024,0.1364518616318569,2.6463012878107217,1.3231506439053609,1.3231506439053609,29d531ec2706482fbb1193f4119b69a5,frozen
1489380,2026-06-15 16:00:00+00:00,Spain,Cape Verde,0,0,1,negbin_glm,2.9859750976720787,0.3853855703697655,0.886556136167179,0.0868201113758689,0.0266237524569521,0.3933453033852833,3.371360668041844,2.9859750976720787,0.3853855703697655,29d531ec2706482fbb1193f4119b69a5,frozen
1489380,2026-06-15 16:00:00+00:00,Spain,Cape Verde,0,0,1,poisson_glm,2.786263031332881,0.4449142934420607,0.856400601648752,0.1059477682458472,0.0376516301054007,0.3674198178769691,3.231177324774942,2.786263031332881,0.4449142934420607,29d531ec2706482fbb1193f4119b69a5,frozen
1489380,2026-06-15 16:00:00+00:00,Spain,Cape Verde,0,0,1,random_forest,2.492898677438623,0.4663175850892063,0.8171754605630442,0.132108923050764,0.0507156163861917,0.3351739035459274,2.9592162625278293,2.492898677438623,0.4663175850892063,29d531ec2706482fbb1193f4119b69a5,frozen
1489380,2026-06-15 16:00:00+00:00,Spain,Cape Verde,0,0,1,ridge,1.976569076714652,0.1857140824590519,0.8107446875789701,0.161337731072902,0.0279175813481279,0.3290431698929256,2.162283159173704,1.976569076714652,0.1857140824590519,29d531ec2706482fbb1193f4119b69a5,frozen
1489380,2026-06-15 16:00:00+00:00,Spain,Cape Verde,0,0,1,sarimax,2.2804869540951125,1e-06,0.8977625620359538,0.1022373357267758,1.0223727027010525e-07,0.4029888088966851,2.2804879540951126,2.2804869540951125,1e-06,29d531ec2706482fbb1193f4119b69a5,frozen
1489380,2026-06-15 16:00:00+00:00,Spain,Cape Verde,0,0,1,xgboost,2.829681158065796,0.4931476712226867,0.8517134850784314,0.1068993231467563,0.0413871917748122,0.3635643801537262,3.3228288292884827,2.829681158065796,0.4931476712226867,29d531ec2706482fbb1193f4119b69a5,frozen
1489377,2026-06-15 19:00:00+00:00,Belgium,Egypt,1,1,1,bayesian_poisson,1.7127807860897868,0.8034122796355239,0.5902713529427044,0.2365188208847773,0.1732098261725183,0.1892109569937623,2.1969620979201556,0.7127807860897868,0.1965877203644761,999e9045d26c4e8baa21685582dd6502,frozen
1489377,2026-06-15 19:00:00+00:00,Belgium,Egypt,1,1,1,mean_rate_poisson,1.3231506439053609,1.3231506439053609,0.3693939112003024,0.2612121775993952,0.3693939112003024,0.1364518616318569,2.086269799737906,0.3231506439053608,0.3231506439053608,999e9045d26c4e8baa21685582dd6502,frozen
1489377,2026-06-15 19:00:00+00:00,Belgium,Egypt,1,1,1,negbin_glm,1.7714175726229506,0.797174500568024,0.60554442611118,0.2296384112907666,0.1648171625980534,0.1969243745405957,2.2234936360546302,0.7714175726229506,0.202825499431976,999e9045d26c4e8baa21685582dd6502,frozen
1489377,2026-06-15 19:00:00+00:00,Belgium,Egypt,1,1,1,poisson_glm,1.7120550965914607,0.8383116734058724,0.581139918056492,0.2372927368771438,0.181567345066364,0.1853451525765772,2.18903763254895,0.7120550965914607,0.1616883265941275,999e9045d26c4e8baa21685582dd6502,frozen
1489377,2026-06-15 19:00:00+00:00,Belgium,Egypt,1,1,1,random_forest,1.845826685582555,0.7592547846152408,0.6320233961094391,0.2199199874216324,0.1480566164689284,0.2106871674549682,2.2675720983023187,0.8458266855825549,0.2407452153847592,999e9045d26c4e8baa21685582dd6502,frozen
1489377,2026-06-15 19:00:00+00:00,Belgium,Egypt,1,1,1,ridge,1.786167471388391,0.8754905717139096,0.5890303739247995,0.2299168339261448,0.1810527921490557,0.1898684474754791,2.2145566924141544,0.786167471388391,0.1245094282860903,999e9045d26c4e8baa21685582dd6502,frozen
1489377,2026-06-15 19:00:00+00:00,Belgium,Egypt,1,1,1,sarimax,2.010296021602767,0.8300794269744518,0.6490858593197488,0.2049011430709259,0.1460129976093252,0.2213161241198588,2.3283273505408513,1.010296021602767,0.1699205730255482,999e9045d26c4e8baa21685582dd6502,frozen
1489377,2026-06-15 19:00:00+00:00,Belgium,Egypt,1,1,1,xgboost,1.799876093864441,0.7964192628860474,0.6122269494969843,0.2263874622497252,0.1613855882532904,0.2004335728931217,2.2362070505932223,0.7998760938644409,0.2035807371139526,999e9045d26c4e8baa21685582dd6502,frozen
1489379,2026-06-15 22:00:00+00:00,Saudi Arabia,Uruguay,1,1,1,bayesian_poisson,0.6401146151820433,1.876113581758727,0.1194032555570059,0.2110676256839627,0.6695291187590312,0.2312631891519283,2.3331338359824816,0.3598853848179567,0.8761135817587269,b56d94642d9349e283eae5f7fa0b2725,frozen
1489379,2026-06-15 22:00:00+00:00,Saudi Arabia,Uruguay,1,1,1,mean_rate_poisson,1.3231506439053609,1.3231506439053609,0.3693939112003024,0.2612121775993952,0.3693939112003024,0.1364518616318569,2.086269799737906,0.3231506439053608,0.3231506439053608,b56d94642d9349e283eae5f7fa0b2725,frozen
1489379,2026-06-15 22:00:00+00:00,Saudi Arabia,Uruguay,1,1,1,negbin_glm,0.6198346590180759,1.911301299134528,0.1121069020025305,0.2057127546849033,0.6821803433125662,0.2389689891393278,2.361654155143177,0.3801653409819241,0.911301299134528,b56d94642d9349e283eae5f7fa0b2725,frozen
1489379,2026-06-15 22:00:00+00:00,Saudi Arabia,Uruguay,1,1,1,poisson_glm,0.6613111306586793,1.8453542662950824,0.1267553926636004,0.2158525479781183,0.6573920593582813,0.2241156246383128,2.3075249766032946,0.3386888693413207,0.8453542662950824,b56d94642d9349e283eae5f7fa0b2725,frozen
1489379,2026-06-15 22:00:00+00:00,Saudi Arabia,Uruguay,1,1,1,random_forest,0.6825030907463276,1.7923869395547998,0.1365654448869701,0.2232564362413942,0.6401781188716357,0.2142390723096011,2.273330036333452,0.3174969092536723,0.7923869395547998,b56d94642d9349e283eae5f7fa0b2725,frozen
1489379,2026-06-15 22:00:00+00:00,Saudi Arabia,Uruguay,1,1,1,ridge,0.7016092532989696,1.6405185464059238,0.1573246472282483,0.2429753443933897,0.599700008378362,0.19219557233725,2.201494070170985,0.2983907467010304,0.6405185464059238,b56d94642d9349e283eae5f7fa0b2725,frozen
1489379,2026-06-15 22:00:00+00:00,Saudi Arabia,Uruguay,1,1,1,sarimax,0.4852773438247795,1.8330616860797213,0.0904728384537011,0.2075102081677634,0.7020169533785354,0.2505065686643751,2.4353861170887012,0.5147226561752205,0.8330616860797213,b56d94642d9349e283eae5f7fa0b2725,frozen
1489379,2026-06-15 22:00:00+00:00,Saudi Arabia,Uruguay,1,1,1,xgboost,0.650795042514801,1.7607208490371704,0.1326014949483134,0.2259070413775547,0.6414914636741319,0.2145472272146538,2.2753531142287513,0.349204957485199,0.7607208490371704,b56d94642d9349e283eae5f7fa0b2725,frozen
1489378,2026-06-16 01:00:00+00:00,Iran,New Zealand,2,2,1,bayesian_poisson,1.6910961411480376,0.7407906029100854,0.6014519110632652,0.2376210875273819,0.1609270014093529,0.1938209505521299,3.367501820928869,0.3089038588519623,1.2592093970899143,b0729197177a4bc0a342348358d1ada5,frozen
1489378,2026-06-16 01:00:00+00:00,Iran,New Zealand,2,2,1,mean_rate_poisson,1.3231506439053609,1.3231506439053609,0.3693939112003024,0.2612121775993952,0.3693939112003024,0.1364518616318569,2.9125326727849803,0.6768493560946391,0.6768493560946391,b0729197177a4bc0a342348358d1ada5,frozen
1489378,2026-06-16 01:00:00+00:00,Iran,New Zealand,2,2,1,negbin_glm,1.7236527793426308,0.7100614849893071,0.6172205920862833,0.232731399832504,0.1500480080812126,0.2017378320122408,3.41592455796454,0.2763472206573691,1.289938515010693,b0729197177a4bc0a342348358d1ada5,frozen
1489378,2026-06-16 01:00:00+00:00,Iran,New Zealand,2,2,1,poisson_glm,1.668687518945546,0.7341523219578081,0.5978495019279099,0.2402143039203675,0.1619361941517226,0.1918236789658971,3.3831368983416565,0.3313124810544541,1.265847678042192,b0729197177a4bc0a342348358d1ada5,frozen
1489378,2026-06-16 01:00:00+00:00,Iran,New Zealand,2,2,1,random_forest,1.7791899264346749,0.681634144545997,0.6374510585071592,0.2248460033182455,0.1377029381745951,0.212652975586907,3.461326525734322,0.2208100735653251,1.318365855454003,b0729197177a4bc0a342348358d1ada5,frozen
1489378,2026-06-16 01:00:00+00:00,Iran,New Zealand,2,2,1,ridge,1.971400497496311,0.6727733001625924,0.6807132579185333,0.2015784060511758,0.1177083360302907,0.2386128959385417,3.4656734651029777,0.0285995025036889,1.3272266998374076,b0729197177a4bc0a342348358d1ada5,frozen
1489378,2026-06-16 01:00:00+00:00,Iran,New Zealand,2,2,1,sarimax,2.0402163241026767,0.6860247662474144,0.6909794306115246,0.194602913800334,0.1144176555881414,0.2452719867192566,3.440106863560972,0.0402163241026767,1.3139752337525856,b0729197177a4bc0a342348358d1ada5,frozen
1489378,2026-06-16 01:00:00+00:00,Iran,New Zealand,2,2,1,xgboost,1.6948022842407229,0.7591463327407837,0.5975137172783569,0.2376284780020005,0.1648578047196426,0.19210036905639,3.336232249794303,0.3051977157592771,1.2408536672592163,b0729197177a4bc0a342348358d1ada5,frozen
1489383,2026-06-16 19:00:00+00:00,France,Senegal,3,1,0,bayesian_poisson,1.7796688426253542,0.8425625551691648,0.5958498444417201,0.2298771082887246,0.1742730472695552,0.0968542216211992,2.8560163264950233,1.2203311573746458,0.1574374448308352,bc92106afee1476e862d2735a9727186,frozen
1489383,2026-06-16 19:00:00+00:00,France,Senegal,3,1,0,mean_rate_poisson,1.3231506439053609,1.3231506439053609,0.3693939112003024,0.2612121775993952,0.3693939112003024,0.2670579504315545,3.317997780893145,1.6768493560946391,0.3231506439053608,bc92106afee1476e862d2735a9727186,frozen
1489383,2026-06-16 19:00:00+00:00,France,Senegal,3,1,0,negbin_glm,1.812745894781828,0.8362132622141623,0.6050002115317719,0.2260926702392096,0.1689071182290185,0.0922772237391883,2.835061932417009,1.187254105218172,0.1637867377858377,bc92106afee1476e862d2735a9727186,frozen
1489383,2026-06-16 19:00:00+00:00,France,Senegal,3,1,0,poisson_glm,1.7707689059660394,0.8702353530439345,0.5868004944293742,0.2314575161001714,0.1817419894704542,0.1018819910702441,2.8575137241937085,1.2292310940339606,0.1297646469560655,bc92106afee1476e862d2735a9727186,frozen
1489383,2026-06-16 19:00:00+00:00,France,Senegal,3,1,0,random_forest,1.856418805358006,0.7668532102041509,0.6323974979560537,0.2189990167747422,0.1486034852692039,0.078607297671562,2.824543587419817,1.143581194641994,0.2331467897958491,bc92106afee1476e862d2735a9727186,frozen
1489383,2026-06-16 19:00:00+00:00,France,Senegal,3,1,0,ridge,1.817001846546857,0.930540350995748,0.5823764580616451,0.22782044650155,0.1898030954368049,0.1052173189092649,2.819728088733109,1.182998153453143,0.069459649004252,bc92106afee1476e862d2735a9727186,frozen
1489383,2026-06-16 19:00:00+00:00,France,Senegal,3,1,0,sarimax,2.034542883826199,0.914889149020634,0.6333525456346614,0.2057713207397353,0.1608761336256033,0.080155743081453,2.6993303720828874,0.965457116173801,0.0851108509793659,bc92106afee1476e862d2735a9727186,frozen
1489383,2026-06-16 19:00:00+00:00,France,Senegal,3,1,0,xgboost,1.8262642621994016,0.8362863659858704,0.6080280634892631,0.2246207553380413,0.1673511811726957,0.0908242084259367,2.8262767980987897,1.1737357378005984,0.1637136340141296,bc92106afee1476e862d2735a9727186,frozen
1539016,2026-06-16 22:00:00+00:00,Iraq,Norway,1,4,2,bayesian_poisson,0.6970349054982862,1.8061305686134728,0.1384148523441038,0.2221718683476165,0.6394132793082796,0.0745907272443244,3.6773920962721425,0.3029650945017138,2.1938694313865272,a979d772cda7444f8b9b5e571ac4240a,frozen
1539016,2026-06-16 22:00:00+00:00,Iraq,Norway,1,4,2,mean_rate_poisson,1.3231506439053609,1.3231506439053609,0.3693939112003024,0.2612121775993952,0.3693939112003024,0.2670579504315545,4.4242763979766275,0.3231506439053608,2.676849356094639,a979d772cda7444f8b9b5e571ac4240a,frozen
1539016,2026-06-16 22:00:00+00:00,Iraq,Norway,1,4,2,negbin_glm,0.6652092119687406,1.8893411730302871,0.1234963198000641,0.2107504924614723,0.6657531877384635,0.0634861362555792,3.5953451682739006,0.3347907880312594,2.110658826969713,a979d772cda7444f8b9b5e571ac4240a,frozen
1539016,2026-06-16 22:00:00+00:00,Iraq,Norway,1,4,2,poisson_glm,0.7057314462022408,1.77763514773218,0.1432946954109048,0.2259621900074491,0.6307431145816459,0.0784420085808837,3.708805276815131,0.2942685537977592,2.22236485226782,a979d772cda7444f8b9b5e571ac4240a,frozen
1539016,2026-06-16 22:00:00+00:00,Iraq,Norway,1,4,2,random_forest,0.7111277339361569,1.7561022498572902,0.1467945947742111,0.2287787757163545,0.6244266295094343,0.0813020048382842,3.73380013607425,0.2888722660638431,2.2438977501427098,a979d772cda7444f8b9b5e571ac4240a,frozen
1539016,2026-06-16 22:00:00+00:00,Iraq,Norway,1,4,2,ridge,0.7681900089471733,1.6503213182731504,0.172352037446282,0.2431967025882873,0.5844512599654306,0.1011929900781013,3.85640329731641,0.2318099910528267,2.3496786817268496,a979d772cda7444f8b9b5e571ac4240a,frozen
1539016,2026-06-16 22:00:00+00:00,Iraq,Norway,1,4,2,sarimax,0.6552348642891416,1.8120631826057885,0.1285951511026369,0.2196579211563011,0.6517469277410619,0.0689084576124495,3.690249109424848,0.3447651357108584,2.1879368173942115,a979d772cda7444f8b9b5e571ac4240a,frozen
1539016,2026-06-16 22:00:00+00:00,Iraq,Norway,1,4,2,xgboost,0.6679443717002869,1.669062614440918,0.1460495550856133,0.2383387480493434,0.6156116968650431,0.0845424200638385,3.8695625608282977,0.3320556282997131,2.330937385559082,a979d772cda7444f8b9b5e571ac4240a,frozen
1489381,2026-06-17 01:00:00+00:00,Argentina,Algeria,3,0,0,bayesian_poisson,2.107250829050574,0.6644659781233999,0.7091251934310091,0.1860177516270409,0.1048570549419499,0.0478015775338234,2.3273237564327216,0.892749170949426,0.6644659781233999,c83ef627ed8346ed8d05003cc8aaddc2,frozen
1489381,2026-06-17 01:00:00+00:00,Argentina,Algeria,3,0,0,mean_rate_poisson,1.3231506439053609,1.3231506439053609,0.3693939112003024,0.2612121775993952,0.3693939112003024,0.2670579504315545,3.598013524929553,1.6768493560946391,1.3231506439053609,c83ef627ed8346ed8d05003cc8aaddc2,frozen
1489381,2026-06-17 01:00:00+00:00,Argentina,Algeria,3,0,0,negbin_glm,2.162183307303021,0.6173595942685346,0.7307447371866015,0.1770290287912121,0.0922262340221864,0.0405020373973137,2.2579468659711583,0.837816692696979,0.6173595942685346,c83ef627ed8346ed8d05003cc8aaddc2,frozen
1489381,2026-06-17 01:00:00+00:00,Argentina,Algeria,3,0,0,poisson_glm,2.102945957001319,0.6676211894054275,0.707539234272314,0.1866774068922412,0.1057833588354447,0.0483617092482664,2.332309020613046,0.8970540429986809,0.6676211894054275,c83ef627ed8346ed8d05003cc8aaddc2,frozen
1489381,2026-06-17 01:00:00+00:00,Argentina,Algeria,3,0,0,random_forest,2.008930750928936,0.6473265546990425,0.6946721444803128,0.1958566046754822,0.109471250844205,0.0526045270588229,2.3552089274092776,0.9910692490710642,0.6473265546990425,c83ef627ed8346ed8d05003cc8aaddc2,frozen
1489381,2026-06-17 01:00:00+00:00,Argentina,Algeria,3,0,0,ridge,1.7463955690019517,0.667536699483102,0.633765530734889,0.2283916458043118,0.1378428234607993,0.0765641652287713,2.5330297706168894,1.2536044309980483,0.667536699483102,c83ef627ed8346ed8d05003cc8aaddc2,frozen
1489381,2026-06-17 01:00:00+00:00,Argentina,Algeria,3,0,0,sarimax,1.9669166391754385,0.4922963829586171,0.726759818893101,0.1906299505572815,0.0826102305496174,0.0407423233813959,2.2215710148663277,1.0330833608245615,0.4922963829586171,c83ef627ed8346ed8d05003cc8aaddc2,frozen
1489381,2026-06-17 01:00:00+00:00,Argentina,Algeria,3,0,0,xgboost,1.9419538974761963,0.6174660325050354,0.6890453597069679,0.2018994397358786,0.1090552005571536,0.0542929125441649,2.36009550958805,1.0580461025238037,0.6174660325050354,c83ef627ed8346ed8d05003cc8aaddc2,frozen
1489382,2026-06-17 04:00:00+00:00,Austria,Jordan,3,1,0,bayesian_poisson,1.717870411160738,0.9401077081125032,0.5569186880586094,0.2380701605280345,0.205011151413356,0.1191753105977669,2.8882422437072295,1.282129588839262,0.0598922918874967,7f60736a3abb4f419184ca00b9299271,frozen
1489382,2026-06-17 04:00:00+00:00,Austria,Jordan,3,1,0,mean_rate_poisson,1.3231506439053609,1.3231506439053609,0.3693939112003024,0.2612121775993952,0.3693939112003024,0.2670579504315545,3.317997780893145,1.6768493560946391,0.3231506439053608,7f60736a3abb4f419184ca00b9299271,frozen
1489382,2026-06-17 04:00:00+00:00,Austria,Jordan,3,1,0,negbin_glm,1.7097385875702555,0.9285121188102,0.5578567537318408,0.238796990044747,0.203346256223412,0.1184201750703118,2.895160563665481,1.2902614124297445,0.0714878811897999,7f60736a3abb4f419184ca00b9299271,frozen
1489382,2026-06-17 04:00:00+00:00,Austria,Jordan,3,1,0,poisson_glm,1.6898220574352645,0.9261669957714987,0.5536638207624744,0.2408492804110491,0.2054868988264764,0.1207204252428375,2.91057954622525,1.3101779425647355,0.0738330042285012,7f60736a3abb4f419184ca00b9299271,frozen
1489382,2026-06-17 04:00:00+00:00,Austria,Jordan,3,1,0,random_forest,1.7385345490577262,0.8840916941707115,0.5757911198677894,0.2351767874857383,0.1890320926464722,0.1078431530166643,2.8784525722014296,1.2614654509422738,0.1159083058292884,7f60736a3abb4f419184ca00b9299271,frozen
1489382,2026-06-17 04:00:00+00:00,Austria,Jordan,3,1,0,ridge,1.906123425100351,0.9643861409175332,0.5940259494929044,0.2197066056713307,0.1862674448357648,0.0997552453453912,2.763317861037984,1.093876574899649,0.0356138590824668,7f60736a3abb4f419184ca00b9299271,frozen
1489382,2026-06-17 04:00:00+00:00,Austria,Jordan,3,1,0,sarimax,2.0712043640081284,1.0064300206189396,0.6190213164652749,0.2053791472122371,0.1755995363224879,0.0879899772322624,2.678593648283142,0.9287956359918716,0.0064300206189396,7f60736a3abb4f419184ca00b9299271,frozen
1489382,2026-06-17 04:00:00+00:00,Austria,Jordan,3,1,0,xgboost,1.662236571311951,0.8772892355918884,0.559253555956757,0.2433682880276281,0.1973781560156149,0.116607782204444,2.937711733043427,1.337763428688049,0.1227107644081115,7f60736a3abb4f419184ca00b9299271,frozen
1539003,2026-06-17 17:00:00+00:00,Portugal,DR Congo,1,1,1,bayesian_poisson,1.777487746848634,0.6575251673342621,0.643467978575827,0.2240705517346258,0.1324614696895471,0.2157985402023879,2.2790841633344545,0.7774877468486341,0.3424748326657378,3a816230eb314ea0bce8a0d9e9e17640,frozen
1539003,2026-06-17 17:00:00+00:00,Portugal,DR Congo,1,1,1,negbin_glm,1.839613825944257,0.6273083533263977,0.6651359811557019,0.2149021905456818,0.1199618282986162,0.2283983568383525,2.3236835745311866,0.8396138259442569,0.3726916466736023,3a816230eb314ea0bce8a0d9e9e17640,frozen
1539003,2026-06-17 17:00:00+00:00,Portugal,DR Congo,1,1,1,poisson_glm,1.7542509226331642,0.667090543112226,0.6356746120156906,0.2273829229652209,0.1369424650190884,0.2114177255434015,2.2641290201379376,0.7542509226331642,0.3329094568877739,3a816230eb314ea0bce8a0d9e9e17640,frozen
1539003,2026-06-17 17:00:00+00:00,Portugal,DR Congo,1,1,1,random_forest,1.738289604980936,0.7116477813820826,0.6201948295800672,0.2309781815415409,0.1488269888783919,0.2033955496282288,2.237207921266225,0.738289604980936,0.2883522186179174,3a816230eb314ea0bce8a0d9e9e17640,frozen
1539003,2026-06-17 17:00:00+00:00,Portugal,DR Congo,1,1,1,ridge,1.5669777614007758,0.7249076980445907,0.5752343357598516,0.2529147409249983,0.1718509233151499,0.1802136404406736,2.164447633277617,0.5669777614007758,0.2750923019554093,3a816230eb314ea0bce8a0d9e9e17640,frozen
1539003,2026-06-17 17:00:00+00:00,Portugal,DR Congo,1,1,1,sarimax,1.7459995317804389,0.544129442955835,0.6671232537960009,0.2228580114974898,0.1100187347065093,0.2285787788708923,2.341369899306895,0.7459995317804389,0.455870557044165,3a816230eb314ea0bce8a0d9e9e17640,frozen
1539003,2026-06-17 17:00:00+00:00,Portugal,DR Congo,1,1,1,xgboost,1.666048288345337,0.6156303882598877,0.6291016993675216,0.2369675102772892,0.1339307903551892,0.2068532023761345,2.2563326632702925,0.6660482883453369,0.3843696117401123,3a816230eb314ea0bce8a0d9e9e17640,frozen
1489384,2026-06-17 20:00:00+00:00,England,Croatia,4,2,0,bayesian_poisson,1.4308828794785853,0.9862064134477728,0.4730712871468464,0.2670364478354218,0.2598922650177318,0.1725989289225641,4.882902899890292,2.5691171205214145,1.0137935865522272,109e6dfd375e4bf4b3e8c947b910ebae,frozen
1489384,2026-06-17 20:00:00+00:00,England,Croatia,4,2,0,mean_rate_poisson,1.3231506439053609,1.3231506439053609,0.3693939112003024,0.2612121775993952,0.3693939112003024,0.2670579504315545,4.837407834500165,2.676849356094639,0.6768493560946391,109e6dfd375e4bf4b3e8c947b910ebae,frozen
1489384,2026-06-17 20:00:00+00:00,England,Croatia,4,2,0,negbin_glm,1.4820970792453778,0.9665268118013176,0.4914088849815085,0.2622523014886397,0.2463388135298517,0.1596738666635238,4.81408525996463,2.517902920754622,1.0334731881986825,109e6dfd375e4bf4b3e8c947b910ebae,frozen
1489384,2026-06-17 20:00:00+00:00,England,Croatia,4,2,0,poisson_glm,1.4433905674087808,1.037595655208298,0.4641063425797921,0.2644506732132515,0.2714429842069564,0.1804316528691925,4.810395273581468,2.556609432591219,0.962404344791702,109e6dfd375e4bf4b3e8c947b910ebae,frozen
1489384,2026-06-17 20:00:00+00:00,England,Croatia,4,2,0,random_forest,1.3732003366862404,0.9981740945792612,0.4546380707801745,0.272439995115077,0.2729219341047484,0.1859530079789233,4.977654479869105,2.6267996633137596,1.0018259054207388,109e6dfd375e4bf4b3e8c947b910ebae,frozen
1489384,2026-06-17 20:00:00+00:00,England,Croatia,4,2,0,ridge,1.5242426847035309,1.018178617226627,0.4898302316624208,0.2571630951877569,0.2530066731498223,0.1621427845919801,4.691600843360111,2.475757315296469,0.981821382773373,109e6dfd375e4bf4b3e8c947b910ebae,frozen
1489384,2026-06-17 20:00:00+00:00,England,Croatia,4,2,0,sarimax,1.582694608764652,1.0784210402568777,0.4903241301377548,0.2507659298057479,0.2589099400564973,0.1634019246899476,4.544805344718306,2.417305391235348,0.9215789597431224,109e6dfd375e4bf4b3e8c947b910ebae,frozen
1489384,2026-06-17 20:00:00+00:00,England,Croatia,4,2,0,xgboost,1.3845218420028689,0.93807715177536,0.4722612681079101,0.273134962483938,0.2546037694081518,0.1716656242679552,5.020226810287692,2.6154781579971313,1.06192284822464,109e6dfd375e4bf4b3e8c947b910ebae,frozen
1489385,2026-06-17 23:00:00+00:00,Ghana,Panama,1,0,0,bayesian_poisson,0.8409674872920737,1.7745823451110214,0.1745174409780315,0.2303984438443987,0.5950841151775697,0.5177732796930643,2.7887521117409477,0.1590325127079263,1.7745823451110214,0b6012e436464653a1cd1542e2fec558,frozen
1489385,2026-06-17 23:00:00+00:00,Ghana,Panama,1,0,0,mean_rate_poisson,1.3231506439053609,1.3231506439053609,0.3693939112003024,0.2612121775993952,0.3693939112003024,0.2670579504315545,2.366285543774314,0.3231506439053608,1.3231506439053609,0b6012e436464653a1cd1542e2fec558,frozen
1489385,2026-06-17 23:00:00+00:00,Ghana,Panama,1,0,0,negbin_glm,0.8048992009616409,1.837297503654894,0.1590803901818449,0.2224609497580138,0.6184586600601412,0.5448184521900518,2.8592349302170303,0.195100799038359,1.837297503654894,0b6012e436464653a1cd1542e2fec558,frozen
1489385,2026-06-17 23:00:00+00:00,Ghana,Panama,1,0,0,poisson_glm,0.8356267068645868,1.74586226204976,0.1767589008217114,0.2334588271980001,0.5897822719802883,0.5127845178592538,2.761062257422064,0.1643732931354131,1.74586226204976,0b6012e436464653a1cd1542e2fec558,frozen
1489385,2026-06-17 23:00:00+00:00,Ghana,Panama,1,0,0,random_forest,0.8000162492703212,1.8425780063879469,0.157409529611241,0.2217157340336311,0.6208747363551279,0.5477220695169999,2.8657174955908538,0.1999837507296787,1.8425780063879469,0b6012e436464653a1cd1542e2fec558,frozen
1489385,2026-06-17 23:00:00+00:00,Ghana,Panama,1,0,0,ridge,0.9707719618657028,1.7118124580856464,0.2131567333733958,0.2389275643148612,0.5479157023117429,0.4596669715376979,2.712248106971436,0.0292280381342971,1.7118124580856464,0b6012e436464653a1cd1542e2fec558,frozen
1489385,2026-06-17 23:00:00+00:00,Ghana,Panama,1,0,0,sarimax,0.9593402684307518,1.841716098839224,0.1932001665259169,0.2258928736714347,0.5809069598026483,0.4941894336204819,2.842565818419034,0.0406597315692481,1.841716098839224,0b6012e436464653a1cd1542e2fec558,frozen
1489385,2026-06-17 23:00:00+00:00,Ghana,Panama,1,0,0,xgboost,0.8177538514137268,1.769054889678955,0.1698276466712894,0.2304471402019156,0.5997252131267948,0.5244282337456545,2.7880026438982615,0.1822461485862732,1.769054889678955,0b6012e436464653a1cd1542e2fec558,frozen
1489386,2026-06-18 02:00:00+00:00,Uzbekistan,Colombia,1,3,2,bayesian_poisson,0.7642587309993253,2.0660238173393344,0.1274294293665793,0.1960538246462709,0.6765167459871497,0.0604398375477171,2.7140132149654357,0.2357412690006747,0.9339761826606656,a1f49bf52dcc446993a3f7db459441c1,frozen
1489386,2026-06-18 02:00:00+00:00,Uzbekistan,Colombia,1,3,2,mean_rate_poisson,1.3231506439053609,1.3231506439053609,0.3693939112003024,0.2612121775993952,0.3693939112003024,0.2670579504315545,3.317997780893145,0.3231506439053608,1.6768493560946391,a1f49bf52dcc446993a3f7db459441c1,frozen
1489386,2026-06-18 02:00:00+00:00,Uzbekistan,Colombia,1,3,2,negbin_glm,0.7415194636440711,2.1076949705442547,0.1193298541879169,0.1904968762098446,0.6901732696022385,0.0551161084847383,2.7032430141649773,0.2584805363559289,0.8923050294557453,a1f49bf52dcc446993a3f7db459441c1,frozen
1489386,2026-06-18 02:00:00+00:00,Uzbekistan,Colombia,1,3,2,poisson_glm,0.7637613959840318,2.0334327082858183,0.1303422483000497,0.1994622585605285,0.6701954931394218,0.0628800572187305,2.729277358280439,0.2362386040159682,0.9665672917141817,a1f49bf52dcc446993a3f7db459441c1,frozen
1489386,2026-06-18 02:00:00+00:00,Uzbekistan,Colombia,1,3,2,random_forest,0.6847917719484076,2.039275932959648,0.1142571968357079,0.1946361325185794,0.6911066706457125,0.054234897974165,2.756683213540705,0.3152082280515924,0.9607240670403518,a1f49bf52dcc446993a3f7db459441c1,frozen
1489386,2026-06-18 02:00:00+00:00,Uzbekistan,Colombia,1,3,2,ridge,0.7955840876266244,2.078501154306125,0.1324196507524654,0.1963252319331705,0.6712551173143639,0.0628040808986987,2.699582338635141,0.2044159123733756,0.9214988456938752,a1f49bf52dcc446993a3f7db459441c1,frozen
1489386,2026-06-18 02:00:00+00:00,Uzbekistan,Colombia,1,3,2,sarimax,0.7830764578270623,2.3206679018458227,0.1093204286362569,0.1718971674704443,0.7187824038932987,0.0455171462386233,2.6144636704521713,0.2169235421729377,0.6793320981541773,a1f49bf52dcc446993a3f7db459441c1,frozen
1489386,2026-06-18 02:00:00+00:00,Uzbekistan,Colombia,1,3,2,xgboost,0.7683244943618774,1.9538403749465945,0.1389343479658751,0.2082355603656666,0.6528300916684583,0.069914849147817,2.768076878344278,0.2316755056381225,1.0461596250534055,a1f49bf52dcc446993a3f7db459441c1,frozen
1539004,2026-06-18 16:00:00+00:00,Czechia,South Africa,1,1,1,bayesian_poisson,1.7320745950967416,0.7838004263869816,0.5998791237954216,0.2338216259319046,0.1662992502726737,0.1937552019034081,2.210155992725392,0.7320745950967416,0.2161995736130184,2ab8ce406c6543229020c94afe8dcb18,frozen
1539004,2026-06-18 16:00:00+00:00,Czechia,South Africa,1,1,1,mean_rate_poisson,1.3240561110282048,1.3240561110282048,0.3694459101779029,0.2611081796441941,0.3694459101779029,0.1364902805471791,2.086712548961448,0.3240561110282047,0.3240561110282047,2ab8ce406c6543229020c94afe8dcb18,frozen
1539004,2026-06-18 16:00:00+00:00,Czechia,South Africa,1,1,1,negbin_glm,1.66559400095217,0.7669610902903036,0.5884730633083398,0.241324648089639,0.1702022886020211,0.1876346826424335,2.1876924827447253,0.6655940009521699,0.2330389097096964,2ab8ce406c6543229020c94afe8dcb18,frozen
1539004,2026-06-18 16:00:00+00:00,Czechia,South Africa,1,1,1,poisson_glm,1.8009201701822293,0.9067497176913564,0.5845996700551306,0.2290073262514141,0.1863930036934551,0.188249563027218,2.2172609600961555,0.8009201701822293,0.0932502823086436,2ab8ce406c6543229020c94afe8dcb18,frozen
1539004,2026-06-18 16:00:00+00:00,Czechia,South Africa,1,1,1,random_forest,1.8078694305378775,0.722264617212417,0.6331981482578553,0.222950415062594,0.1438514366795507,0.2108165653959738,2.2633487074127787,0.8078694305378775,0.277735382787583,2ab8ce406c6543229020c94afe8dcb18,frozen
1539004,2026-06-18 16:00:00+00:00,Czechia,South Africa,1,1,1,ridge,1.7870358715865278,0.8871032479967791,0.5863170318313456,0.2300667991983646,0.1836161689702897,0.1887412796614226,2.213374712069476,0.7870358715865278,0.1128967520032209,2ab8ce406c6543229020c94afe8dcb18,frozen
1539004,2026-06-18 16:00:00+00:00,Czechia,South Africa,1,1,1,sarimax,1.970803241761657,0.818966822040733,0.6436764552708709,0.2085537810225882,0.1477697637065408,0.2180776410679802,2.3110405734981656,0.970803241761657,0.181033177959267,2ab8ce406c6543229020c94afe8dcb18,frozen
1539004,2026-06-18 16:00:00+00:00,Czechia,South Africa,1,1,1,xgboost,1.7580678462982178,0.7708312273025513,0.6092738676938533,0.2304380375006139,0.1602880948055328,0.1984534595955072,2.224969512609277,0.7580678462982178,0.2291687726974487,2ab8ce406c6543229020c94afe8dcb18,frozen
1539005,2026-06-18 19:00:00+00:00,Switzerland,Bosnia and Herzegovina,4,1,0,bayesian_poisson,1.98698607089284,0.7864344750782148,0.6551396293720994,0.205462482087698,0.1393978885402027,0.0691802232795398,3.4452444346133904,2.01301392910716,0.2135655249217851,05c402177427484aa5dcd7555519137e,frozen
1539005,2026-06-18 19:00:00+00:00,Switzerland,Bosnia and Herzegovina,4,1,0,mean_rate_poisson,1.3240561110282048,1.3240561110282048,0.3694459101779029,0.2611081796441941,0.3694459101779029,0.2670443703692762,4.422666869666951,2.675943888971795,0.3240561110282047,05c402177427484aa5dcd7555519137e,frozen
1539005,2026-06-18 19:00:00+00:00,Switzerland,Bosnia and Herzegovina,4,1,0,negbin_glm,2.091842505829744,0.6910624093499597,0.6996280796409294,0.1892884001514342,0.1110835202076364,0.051281419500958,3.3783028499880805,1.908157494170256,0.3089375906500403,05c402177427484aa5dcd7555519137e,frozen
1539005,2026-06-18 19:00:00+00:00,Switzerland,Bosnia and Herzegovina,4,1,0,poisson_glm,1.890647450787444,0.888995682743472,0.6091221341751132,0.2193083714738528,0.171569494351034,0.0911107986918438,3.527682515812526,2.109352549212556,0.111004317256528,05c402177427484aa5dcd7555519137e,frozen
1539005,2026-06-18 19:00:00+00:00,Switzerland,Bosnia and Herzegovina,4,1,0,random_forest,1.8337470627200203,0.7308145260804791,0.6367084587184171,0.2202309921318288,0.1430605491497541,0.0762235323448886,3.630765202126466,2.16625293727998,0.2691854739195208,05c402177427484aa5dcd7555519137e,frozen
1539005,2026-06-18 19:00:00+00:00,Switzerland,Bosnia and Herzegovina,4,1,0,ridge,1.897989987058044,0.7471972381178873,0.6464199141371417,0.2135198458428573,0.140060240020001,0.0723178739766232,3.5514854453024967,2.102010012941956,0.2528027618821127,05c402177427484aa5dcd7555519137e,frozen
1539005,2026-06-18 19:00:00+00:00,Switzerland,Bosnia and Herzegovina,4,1,0,sarimax,2.033393780333033,0.7228976642269022,0.6803866039678026,0.1973762799175056,0.1222371161146916,0.0585473177396354,3.420008044596372,1.966606219666967,0.2771023357730978,05c402177427484aa5dcd7555519137e,frozen
1539005,2026-06-18 19:00:00+00:00,Switzerland,Bosnia and Herzegovina,4,1,0,xgboost,1.8740423917770384,0.6641881465911865,0.6627820411466026,0.2125270966288079,0.1246908622245895,0.0646318814477816,3.613082966768167,2.1259576082229614,0.3358118534088135,05c402177427484aa5dcd7555519137e,frozen
1489387,2026-06-18 22:00:00+00:00,Canada,Qatar,6,0,0,bayesian_poisson,1.984358630997928,0.5866228263736764,0.7054666881669229,0.1949751014885525,0.0995582103445246,0.0483308545131826,5.038458144667882,4.015641369002072,0.5866228263736764,fa68fdd7b2c846c8b862b71470364b6c,frozen
1489387,2026-06-18 22:00:00+00:00,Canada,Qatar,6,0,0,mean_rate_poisson,1.3240561110282048,1.3240561110282048,0.3694459101779029,0.2611081796441941,0.3694459101779029,0.2670443703692762,7.543164414781627,4.675943888971795,1.3240561110282048,fa68fdd7b2c846c8b862b71470364b6c,frozen
1489387,2026-06-18 22:00:00+00:00,Canada,Qatar,6,0,0,negbin_glm,1.9440156293204196,0.5502865090421283,0.7070342793198159,0.1974908182807166,0.0954749023994674,0.0474721852409237,5.085018875693808,4.05598437067958,0.5502865090421283,fa68fdd7b2c846c8b862b71470364b6c,frozen
1489387,2026-06-18 22:00:00+00:00,Canada,Qatar,6,0,0,poisson_glm,1.9134386095837652,0.57401143899125,0.6946629601571961,0.2027652995081382,0.1025717403346658,0.051875834907624,5.173289605103759,4.086561390416235,0.57401143899125,fa68fdd7b2c846c8b862b71470364b6c,frozen
1489387,2026-06-18 22:00:00+00:00,Canada,Qatar,6,0,0,random_forest,2.3849619623407468,0.5121977902552524,0.7918223990199805,0.1461951788519767,0.0619824221280426,0.0235898671013275,4.261311911551901,3.615038037659253,0.5121977902552524,fa68fdd7b2c846c8b862b71470364b6c,frozen
1489387,2026-06-18 22:00:00+00:00,Canada,Qatar,6,0,0,ridge,2.023196437797444,0.5444485551240609,0.7237958605733805,0.1875466463365274,0.088657493090092,0.0420744388587095,4.918824270763714,3.976803562202556,0.5444485551240609,fa68fdd7b2c846c8b862b71470364b6c,frozen
1489387,2026-06-18 22:00:00+00:00,Canada,Qatar,6,0,0,sarimax,2.2293263548443685,0.4234738804267555,0.7894643434678207,0.1544152378700083,0.0561204186621709,0.0237373820311265,4.421854706443263,3.770673645155631,0.4234738804267555,fa68fdd7b2c846c8b862b71470364b6c,frozen
1489387,2026-06-18 22:00:00+00:00,Canada,Qatar,6,0,0,xgboost,2.286708354949951,0.6308192610740662,0.7487845649866387,0.1651283441722295,0.0860870908411318,0.0352600909992208,4.53409852444706,3.713291645050049,0.6308192610740662,fa68fdd7b2c846c8b862b71470364b6c,frozen
1489388,2026-06-19 01:00:00+00:00,Mexico,South Korea,1,0,0,bayesian_poisson,1.431607840691975,1.0442923356646918,0.4594025994148454,0.2653642487918544,0.2752331517933001,0.1839994186827499,2.1171019995885203,0.431607840691975,1.0442923356646918,caab834b59ca4abe8373a2233b7e0da1,frozen
1489388,2026-06-19 01:00:00+00:00,Mexico,South Korea,1,0,0,mean_rate_poisson,1.3240561110282048,1.3240561110282048,0.3694459101779029,0.2611081796441941,0.3694459101779029,0.2670443703692762,2.3674123855089286,0.3240561110282047,1.3240561110282048,caab834b59ca4abe8373a2233b7e0da1,frozen
1489388,2026-06-19 01:00:00+00:00,Mexico,South Korea,1,0,0,negbin_glm,1.317793703522739,1.0125748929452962,0.4359966129167505,0.2773174328661238,0.2866859542171255,0.2001443284933808,2.0544096950037685,0.3177937035227389,1.0125748929452962,caab834b59ca4abe8373a2233b7e0da1,frozen
1489388,2026-06-19 01:00:00+00:00,Mexico,South Korea,1,0,0,poisson_glm,1.376911819040748,0.977136689667468,0.4606928811207713,0.2727590989528005,0.2665480199264282,0.180950007700257,2.034205329472126,0.3769118190407481,0.977136689667468,caab834b59ca4abe8373a2233b7e0da1,frozen
1489388,2026-06-19 01:00:00+00:00,Mexico,South Korea,1,0,0,random_forest,1.7724989826460489,0.930006942956166,0.5722694901665998,0.2323454806652074,0.1953850291681927,0.110564349332698,2.130115520143792,0.7724989826460489,0.930006942956166,caab834b59ca4abe8373a2233b7e0da1,frozen
1489388,2026-06-19 01:00:00+00:00,Mexico,South Korea,1,0,0,ridge,1.6691447491751696,1.0378379609629511,0.5213451829954023,0.2431725464512451,0.2354822705533524,0.1422811667933335,2.1946713411333043,0.6691447491751696,1.0378379609629511,caab834b59ca4abe8373a2233b7e0da1,frozen
1489388,2026-06-19 01:00:00+00:00,Mexico,South Korea,1,0,0,sarimax,1.7457112806047563,1.1244540249625776,0.519173725378785,0.2360734181325463,0.2447528564886685,0.1455489335627394,2.31300322230185,0.7457112806047563,1.1244540249625776,caab834b59ca4abe8373a2233b7e0da1,frozen
1489388,2026-06-19 01:00:00+00:00,Mexico,South Korea,1,0,0,xgboost,1.499337911605835,0.8745454549789429,0.5188312025586094,0.2615801891757605,0.21958860826563,0.1398712842556151,1.9688597481816297,0.4993379116058349,0.8745454549789429,caab834b59ca4abe8373a2233b7e0da1,frozen
1489391,2026-06-19 19:00:00+00:00,United States,Australia,2,0,0,bayesian_poisson,1.208038918498332,1.5244580980628402,0.3014108633542839,0.2527123763920624,0.4458767602536536,0.3434164335868505,3.0476475645339156,0.791961081501668,1.5244580980628402,f650e01db20d4fc1b298082dd7edebab,frozen
1489391,2026-06-19 19:00:00+00:00,United States,Australia,2,0,0,mean_rate_poisson,1.3240561110282048,1.3240561110282048,0.3694459101779029,0.2611081796441941,0.3694459101779029,0.2670443703692762,2.779859729521393,0.6759438889717952,1.3240561110282048,f650e01db20d4fc1b298082dd7edebab,frozen
1489391,2026-06-19 19:00:00+00:00,United States,Australia,2,0,0,negbin_glm,1.1030461321370209,1.4969833917109274,0.2793887983425139,0.2578521657220569,0.462759035935429,0.3667132146470668,3.0970255771338353,0.8969538678629791,1.4969833917109274,f650e01db20d4fc1b298082dd7edebab,frozen
1489391,2026-06-19 19:00:00+00:00,United States,Australia,2,0,0,poisson_glm,1.1689771946879437,1.4152123946903503,0.3110776787694082,0.2624589056606866,0.4264634155699052,0.3282425047546481,2.9650784221260524,0.8310228053120563,1.4152123946903503,f650e01db20d4fc1b298082dd7edebab,frozen
1489391,2026-06-19 19:00:00+00:00,United States,Australia,2,0,0,random_forest,1.1293136028875217,1.286890130263725,0.3247038420111457,0.2744563584890532,0.400839799499801,0.3083487229287741,2.866130879530666,0.8706863971124783,1.286890130263725,f650e01db20d4fc1b298082dd7edebab,frozen
1489391,2026-06-19 19:00:00+00:00,United States,Australia,2,0,0,ridge,1.444259325464428,1.437932870859711,0.3771006409350365,0.2486314233871483,0.3742679356778151,0.2640400496000377,2.8401461516473727,0.555740674535572,1.437932870859711,f650e01db20d4fc1b298082dd7edebab,frozen
1489391,2026-06-19 19:00:00+00:00,United States,Australia,2,0,0,sarimax,1.4890894771335603,1.626998746824174,0.3515955446422988,0.2372210986661507,0.4111833566915504,0.2947500452739239,3.012905716529337,0.5109105228664397,1.626998746824174,f650e01db20d4fc1b298082dd7edebab,frozen
1489391,2026-06-19 19:00:00+00:00,United States,Australia,2,0,0,xgboost,1.1641303300857544,1.2686859369277954,0.337826994354121,0.273945755443138,0.3882272502027409,0.2945967436030394,2.822014826635524,0.8358696699142456,1.2686859369277954,f650e01db20d4fc1b298082dd7edebab,frozen
1489390,2026-06-19 22:00:00+00:00,Scotland,Morocco,0,1,2,bayesian_poisson,1.0267067694935956,1.3355012288360433,0.2873961378920714,0.27503208341159,0.4375717786963384,0.1994610220970395,2.072901324630365,1.0267067694935956,0.3355012288360433,b5aa4b723e83497e9e773381828de41f,frozen
1489390,2026-06-19 22:00:00+00:00,Scotland,Morocco,0,1,2,mean_rate_poisson,1.3240561110282048,1.3240561110282048,0.3694459101779029,0.2611081796441941,0.3694459101779029,0.2670443703692762,2.3674123855089286,1.3240561110282048,0.3240561110282047,b5aa4b723e83497e9e773381828de41f,frozen
1489390,2026-06-19 22:00:00+00:00,Scotland,Morocco,0,1,2,negbin_glm,1.0195291657355092,1.2574451320919258,0.2997411810336391,0.2827855470193509,0.41747327194701,0.2145910822517814,2.0478923083188763,1.0195291657355092,0.2574451320919257,b5aa4b723e83497e9e773381828de41f,frozen
1489390,2026-06-19 22:00:00+00:00,Scotland,Morocco,0,1,2,poisson_glm,1.031475497665622,1.3645872877075145,0.2835005715358795,0.2720893785330188,0.4444100499311015,0.1945263833393656,2.0852107557820245,1.031475497665622,0.3645872877075145,b5aa4b723e83497e9e773381828de41f,frozen
1489390,2026-06-19 22:00:00+00:00,Scotland,Morocco,0,1,2,random_forest,1.001458552804121,1.477619044729668,0.2562191336518196,0.2620275468303256,0.4817533195178548,0.1671139331400259,2.0886455587523525,1.001458552804121,0.477619044729668,b5aa4b723e83497e9e773381828de41f,frozen
1489390,2026-06-19 22:00:00+00:00,Scotland,Morocco,0,1,2,ridge,1.0510245060826224,1.4935256550773628,0.2665171046469587,0.2594248442523547,0.4740580511006864,0.173823150340703,2.143410624811357,1.0510245060826224,0.4935256550773628,b5aa4b723e83497e9e773381828de41f,frozen
1489390,2026-06-19 22:00:00+00:00,Scotland,Morocco,0,1,2,sarimax,1.087672702470338,1.5481827712664713,0.2668615184730777,0.2536961724744768,0.4794423090524455,0.1710976898232032,2.1987736362453183,1.087672702470338,0.5481827712664713,b5aa4b723e83497e9e773381828de41f,frozen
1489390,2026-06-19 22:00:00+00:00,Scotland,Morocco,0,1,2,xgboost,0.9267423152923584,1.3351813554763794,0.2597640744393834,0.2788139588500833,0.4614219667105333,0.1787718361556497,1.9728565413440795,0.9267423152923584,0.3351813554763794,b5aa4b723e83497e9e773381828de41f,frozen
1489389,2026-06-20 00:30:00+00:00,Brazil,Haiti,3,0,0,bayesian_poisson,3.0442262780285723,0.5810541043361832,0.8575640250408059,0.0992214868194221,0.043214488139772,0.0110777494738793,2.0772995326272956,0.0442262780285722,0.5810541043361832,f243c480f25f40ec85bed0b0d71143cf,frozen
1489389,2026-06-20 00:30:00+00:00,Brazil,Haiti,3,0,0,mean_rate_poisson,1.3240561110282048,1.3240561110282048,0.3694459101779029,0.2611081796441941,0.3694459101779029,0.2670443703692762,3.5977721816420223,1.6759438889717952,1.3240561110282048,f243c480f25f40ec85bed0b0d71143cf,frozen
1489389,2026-06-20 00:30:00+00:00,Brazil,Haiti,3,0,0,negbin_glm,3.0114320951016533,0.5595173089400005,0.8581474885297999,0.0996795812515853,0.0421729302186147,0.0109503455268136,2.055461639117709,0.0114320951016533,0.5595173089400005,f243c480f25f40ec85bed0b0d71143cf,frozen
1489389,2026-06-20 00:30:00+00:00,Brazil,Haiti,3,0,0,poisson_glm,3.060225840998656,0.8182835766262098,0.816410868164116,0.1155175888043863,0.0680715430314977,0.0191693521494713,2.314802734386471,0.060225840998656,0.8182835766262098,f243c480f25f40ec85bed0b0d71143cf,frozen
1489389,2026-06-20 00:30:00+00:00,Brazil,Haiti,3,0,0,random_forest,3.2663034325265503,0.5360038311982254,0.8852089314334806,0.0822635329301682,0.0325275356363511,0.0071175149986087,2.043090042848732,0.2663034325265503,0.5360038311982254,f243c480f25f40ec85bed0b0d71143cf,frozen
1489389,2026-06-20 00:30:00+00:00,Brazil,Haiti,3,0,0,ridge,2.389857343701068,0.601881853705374,0.771935550482398,0.1529265451552494,0.0751379043623525,0.0288295489028664,2.169797640632601,0.6101426562989318,0.601881853705374,f243c480f25f40ec85bed0b0d71143cf,frozen
1489389,2026-06-20 00:30:00+00:00,Brazil,Haiti,3,0,0,sarimax,2.803420498031599,0.4602808326549056,0.8552442169687078,0.1060129168987077,0.0387428661325843,0.0112276231985849,1.962939965713593,0.1965795019684009,0.4602808326549056,f243c480f25f40ec85bed0b0d71143cf,frozen
1489389,2026-06-20 00:30:00+00:00,Brazil,Haiti,3,0,0,xgboost,3.156522750854492,0.5892511010169983,0.8669034443828202,0.0927633974937228,0.0403331581234569,0.0096707283806844,2.089120241838975,0.1565227508544922,0.5892511010169983,f243c480f25f40ec85bed0b0d71143cf,frozen
1539006,2026-06-20 03:00:00+00:00,Turkey,Paraguay,0,1,2,bayesian_poisson,1.2380307721984398,1.0978170265961074,0.3942673767523847,0.2802164592482275,0.3255161639993877,0.3051876046986538,2.24252411203795,1.2380307721984398,0.0978170265961073,51c43a4d519e447a83e4b29c21d9c6f2,frozen
1539006,2026-06-20 03:00:00+00:00,Turkey,Paraguay,0,1,2,mean_rate_poisson,1.3240561110282048,1.3240561110282048,0.3694459101779029,0.2611081796441941,0.3694459101779029,0.2670443703692762,2.3674123855089286,1.3240561110282048,0.3240561110282047,51c43a4d519e447a83e4b29c21d9c6f2,frozen
1539006,2026-06-20 03:00:00+00:00,Turkey,Paraguay,0,1,2,negbin_glm,1.262359288699246,1.027754073138341,0.4169603020708466,0.2818988163656541,0.3011408815634993,0.3311299804624273,2.262737451888956,1.262359288699246,0.0277540731383409,51c43a4d519e447a83e4b29c21d9c6f2,frozen
1539006,2026-06-20 03:00:00+00:00,Turkey,Paraguay,0,1,2,poisson_glm,1.290848487433569,1.224703273486103,0.3812753224437635,0.2688855274508067,0.3498391501054297,0.2840400011201128,2.3128531719900014,1.290848487433569,0.2247032734861029,51c43a4d519e447a83e4b29c21d9c6f2,frozen
1539006,2026-06-20 03:00:00+00:00,Turkey,Paraguay,0,1,2,random_forest,1.2142959251276162,1.0839990463031972,0.3906485972829311,0.2830419459103855,0.3263094568066833,0.3032326372736139,2.2176379482078445,1.2142959251276162,0.0839990463031972,51c43a4d519e447a83e4b29c21d9c6f2,frozen
1539006,2026-06-20 03:00:00+00:00,Turkey,Paraguay,0,1,2,ridge,1.3432231992777572,1.188256362894957,0.4031455134467885,0.2670946350241931,0.3297598515290184,0.3058740808173391,2.358992570829745,1.3432231992777572,0.1882563628949569,51c43a4d519e447a83e4b29c21d9c6f2,frozen
1539006,2026-06-20 03:00:00+00:00,Turkey,Paraguay,0,1,2,sarimax,1.3975039766078372,1.221125790864535,0.4103366655169637,0.2616053240306157,0.3280580104524205,0.3099411081923698,2.418856554829214,1.3975039766078372,0.221125790864535,51c43a4d519e447a83e4b29c21d9c6f2,frozen
1539006,2026-06-20 03:00:00+00:00,Turkey,Paraguay,0,1,2,xgboost,1.21032452583313,1.0960237979888916,0.3868665834675978,0.2826333742048897,0.3305000423275124,0.2989479733636772,2.214659422038418,1.21032452583313,0.0960237979888916,51c43a4d519e447a83e4b29c21d9c6f2,frozen
1539007,2026-06-20 17:00:00+00:00,Netherlands,Sweden,5,1,0,bayesian_poisson,1.977367164578188,0.8858787005334983,0.6285201032065852,0.2103921495239239,0.1610877472694908,0.0819732880210027,4.36308162753221,3.022632835421812,0.1141212994665017,bdc722b3084b4404a24ff3b5ee1ee58b,frozen
1539007,2026-06-20 17:00:00+00:00,Netherlands,Sweden,5,1,0,mean_rate_poisson,1.3240561110282048,1.3240561110282048,0.3694459101779029,0.2611081796441941,0.3694459101779029,0.2670443703692762,5.7514049455535705,3.675943888971795,0.3240561110282047,bdc722b3084b4404a24ff3b5ee1ee58b,frozen
1539007,2026-06-20 17:00:00+00:00,Netherlands,Sweden,5,1,0,negbin_glm,1.856223741732692,0.9162321517432636,0.5947613436948133,0.2235346402197948,0.1817040160853919,0.0986173590127968,4.554712253904395,3.143776258267308,0.0837678482567364,bdc722b3084b4404a24ff3b5ee1ee58b,frozen
1539007,2026-06-20 17:00:00+00:00,Netherlands,Sweden,5,1,0,poisson_glm,1.9537696574737624,0.9194289904682228,0.615304784887706,0.213838670691373,0.1708565444209209,0.0885911836508761,4.3958895343391,3.0462303425262376,0.0805710095317772,bdc722b3084b4404a24ff3b5ee1ee58b,frozen
1539007,2026-06-20 17:00:00+00:00,Netherlands,Sweden,5,1,0,random_forest,1.8647805452207264,0.9400372772945292,0.5908134735627686,0.22321560553199,0.1859709209052413,0.1010093984200553,4.5384284328595275,3.1352194547792736,0.0599627227054707,bdc722b3084b4404a24ff3b5ee1ee58b,frozen
1539007,2026-06-20 17:00:00+00:00,Netherlands,Sweden,5,1,0,ridge,1.7784584257446268,1.1191231175313414,0.5281049550168586,0.2332682109574918,0.2386268340256495,0.1398138496983729,4.693793157621911,3.2215415742553732,0.1191231175313414,bdc722b3084b4404a24ff3b5ee1ee58b,frozen
1539007,2026-06-20 17:00:00+00:00,Netherlands,Sweden,5,1,0,sarimax,2.155108698251052,1.0295562036378554,0.6305501563955324,0.1986465507170792,0.1708032928873884,0.0828334759002702,4.103822993998449,2.844891301748948,0.0295562036378553,bdc722b3084b4404a24ff3b5ee1ee58b,frozen
1539007,2026-06-20 17:00:00+00:00,Netherlands,Sweden,5,1,0,xgboost,1.821799159049988,0.9463431239128112,0.579576574187526,0.2276310703646283,0.1927923554478456,0.1069623746455126,4.611661282548574,3.178200840950012,0.0536568760871888,bdc722b3084b4404a24ff3b5ee1ee58b,frozen
1489393,2026-06-20 20:00:00+00:00,Germany,Ivory Coast,2,1,0,bayesian_poisson,2.3427355513896257,0.8865669154089525,0.698761317649815,0.1757444283432234,0.1254942540069614,0.0532467757664197,2.340209749718381,0.3427355513896257,0.1134330845910475,83556982d4ef43d6b871ccbe90b5ca35,frozen
1489393,2026-06-20 20:00:00+00:00,Germany,Ivory Coast,2,1,0,mean_rate_poisson,1.3240561110282048,1.3240561110282048,0.3694459101779029,0.2611081796441941,0.3694459101779029,0.2670443703692762,2.4991598929739123,0.6759438889717952,0.3240561110282047,83556982d4ef43d6b871ccbe90b5ca35,frozen
1489393,2026-06-20 20:00:00+00:00,Germany,Ivory Coast,2,1,0,negbin_glm,2.2254170388670835,0.8656251197635053,0.6824483268969038,0.1853920841720528,0.1321595889310433,0.059152611018499,2.3286040279350546,0.2254170388670835,0.1343748802364947,83556982d4ef43d6b871ccbe90b5ca35,frozen
1489393,2026-06-20 20:00:00+00:00,Germany,Ivory Coast,2,1,0,poisson_glm,2.3143489868242386,0.943637999972774,0.6806358815760796,0.181131900569279,0.1382322178546413,0.0605507930948504,2.330889962753742,0.3143489868242386,0.056362000027226,83556982d4ef43d6b871ccbe90b5ca35,frozen
1489393,2026-06-20 20:00:00+00:00,Germany,Ivory Coast,2,1,0,random_forest,2.01765167219659,0.8677173738042264,0.6413487061006805,0.2056730894372383,0.152978204462081,0.0760165408280491,2.316536856871104,0.0176516721965893,0.1322826261957735,83556982d4ef43d6b871ccbe90b5ca35,frozen
1489393,2026-06-20 20:00:00+00:00,Germany,Ivory Coast,2,1,0,ridge,2.1531548463424235,0.9251968628017688,0.6546406988879201,0.1948899804828257,0.1504693206292542,0.0709570316576267,2.315379355176294,0.1531548463424235,0.0748031371982311,83556982d4ef43d6b871ccbe90b5ca35,frozen
1489393,2026-06-20 20:00:00+00:00,Germany,Ivory Coast,2,1,0,sarimax,2.461958924082976,0.941289687721772,0.7069442810504095,0.1683552842507615,0.1247004346988289,0.0507159264115691,2.3549854408913227,0.461958924082976,0.0587103122782279,83556982d4ef43d6b871ccbe90b5ca35,frozen
1489393,2026-06-20 20:00:00+00:00,Germany,Ivory Coast,2,1,0,xgboost,2.0188426971435547,0.7744503021240234,0.6646107763213356,0.2015258910028616,0.1338633326758027,0.0652026615974249,2.336993118653038,0.0188426971435546,0.2255496978759765,83556982d4ef43d6b871ccbe90b5ca35,frozen
1489392,2026-06-21 00:00:00+00:00,Ecuador,Curaçao,0,0,1,bayesian_poisson,2.943465487232728,0.5466180292217429,0.8536040751731955,0.1032396601066354,0.0431562647201691,0.3652511901684418,3.490083516454471,2.943465487232728,0.5466180292217429,4790229895de48088834edc7be56c6dd,frozen
1489392,2026-06-21 00:00:00+00:00,Ecuador,Curaçao,0,0,1,mean_rate_poisson,1.3240561110282048,1.3240561110282048,0.3694459101779029,0.2611081796441941,0.3694459101779029,0.1364902805471791,2.6481122220564095,1.3240561110282048,1.3240561110282048,4790229895de48088834edc7be56c6dd,frozen
1489392,2026-06-21 00:00:00+00:00,Ecuador,Curaçao,0,0,1,negbin_glm,3.02384543532908,0.4829005656467141,0.872920660455781,0.0926555505131696,0.0344237890310492,0.3815877383509055,3.5067460009757943,3.02384543532908,0.4829005656467141,4790229895de48088834edc7be56c6dd,frozen
1489392,2026-06-21 00:00:00+00:00,Ecuador,Curaçao,0,0,1,poisson_glm,2.75041034467779,0.7423131948599175,0.7928181383279703,0.1324260782145068,0.0747557834575228,0.3170745138110883,3.4927235395377076,2.75041034467779,0.7423131948599175,4790229895de48088834edc7be56c6dd,frozen
1489392,2026-06-21 00:00:00+00:00,Ecuador,Curaçao,0,0,1,random_forest,2.8490532118527465,0.4734068185016383,0.8575171734459525,0.1038037224000765,0.038679104153971,0.3684158879264447,3.3224600303543848,2.8490532118527465,0.4734068185016383,4790229895de48088834edc7be56c6dd,frozen
1489392,2026-06-21 00:00:00+00:00,Ecuador,Curaçao,0,0,1,ridge,2.039657650489132,0.4746700984781198,0.744859991057638,0.1803902706106424,0.0747497383317194,0.2802019648295225,2.5143277489672515,2.039657650489132,0.4746700984781198,4790229895de48088834edc7be56c6dd,frozen
1489392,2026-06-21 00:00:00+00:00,Ecuador,Curaçao,0,0,1,sarimax,2.3607649377109228,0.1629323000714657,0.8688907108425256,0.1140959486177258,0.0170133405397485,0.3776302605723754,2.5236972377823883,2.3607649377109228,0.1629323000714657,4790229895de48088834edc7be56c6dd,frozen
1489392,2026-06-21 00:00:00+00:00,Ecuador,Curaçao,0,0,1,xgboost,3.189133405685425,0.5517149567604065,0.8761157815359208,0.0879204174245202,0.0359638010395589,0.3844361288207552,3.7408483624458313,3.189133405685425,0.5517149567604065,4790229895de48088834edc7be56c6dd,frozen
1489394,2026-06-21 04:00:00+00:00,Tunisia,Japan,0,4,2,bayesian_poisson,0.6121455134059001,2.2323171711672174,0.0865417057018096,0.1693011672955812,0.744157127002609,0.0364725212446688,2.8103559701171013,0.6121455134059001,1.7676828288327826,4ca02e25649342a0a536903cd6431e27,frozen
1489394,2026-06-21 04:00:00+00:00,Tunisia,Japan,0,4,2,mean_rate_poisson,1.3240561110282048,1.3240561110282048,0.3694459101779029,0.2611081796441941,0.3694459101779029,0.2670443703692762,4.703366706214433,1.3240561110282048,2.675943888971795,4ca02e25649342a0a536903cd6431e27,frozen
1489394,2026-06-21 04:00:00+00:00,Tunisia,Japan,0,4,2,negbin_glm,0.5968015666785941,2.1725317676778406,0.0879001046481571,0.1744801710041023,0.7376197243477405,0.0382849187242563,2.8438143619562974,0.5968015666785941,1.8274682323221592,4ca02e25649342a0a536903cd6431e27,frozen
1489394,2026-06-21 04:00:00+00:00,Tunisia,Japan,0,4,2,poisson_glm,0.7782924931424009,2.267184834552242,0.1127431096922707,0.1766747139188611,0.7105821763888681,0.0482368427034437,2.949375554574237,0.7782924931424009,1.7328151654477582,4ca02e25649342a0a536903cd6431e27,frozen
1489394,2026-06-21 04:00:00+00:00,Tunisia,Japan,0,4,2,random_forest,0.5603727492743599,2.341381665970581,0.0715169162347274,0.1543813138759997,0.7741017698892728,0.028072339837442,2.6768434029436574,0.5603727492743599,1.658618334029419,4ca02e25649342a0a536903cd6431e27,frozen
1489394,2026-06-21 04:00:00+00:00,Tunisia,Japan,0,4,2,ridge,0.6356218067601627,2.11750145140965,0.0987501262714035,0.1830662336853838,0.7181836400432126,0.0445860240889558,2.9302297566004487,0.6356218067601627,1.88249854859035,4ca02e25649342a0a536903cd6431e27,frozen
1489394,2026-06-21 04:00:00+00:00,Tunisia,Japan,0,4,2,sarimax,0.5450304939523452,2.3778578582998287,0.0672017370840542,0.1495919751008132,0.7832062878151326,0.0257577935550047,2.636142091205328,0.5450304939523452,1.6221421417001711,4ca02e25649342a0a536903cd6431e27,frozen
1489394,2026-06-21 04:00:00+00:00,Tunisia,Japan,0,4,2,xgboost,0.6073245406150818,2.3503215312957764,0.0783122275425435,0.1571378536487259,0.7645499188087305,0.0307847728578252,2.7174913397595843,0.6073245406150818,1.6496784687042236,4ca02e25649342a0a536903cd6431e27,frozen
1489397,2026-06-21 16:00:00+00:00,Spain,Saudi Arabia,4,0,0,bayesian_poisson,2.9110847734076617,0.4463251428113413,0.8687893697371184,0.0970967248187499,0.0341139054441316,0.0091899940193168,2.2613606022181765,1.0889152265923383,0.4463251428113413,e8ecb3032a4648ddb7610e60760acab9,frozen
1489397,2026-06-21 16:00:00+00:00,Spain,Saudi Arabia,4,0,0,mean_rate_poisson,1.3240561110282048,1.3240561110282048,0.3694459101779029,0.2611081796441941,0.3694459101779029,0.2670443703692762,4.703366706214433,2.675943888971795,1.3240561110282048,e8ecb3032a4648ddb7610e60760acab9,frozen
1489397,2026-06-21 16:00:00+00:00,Spain,Saudi Arabia,4,0,0,negbin_glm,3.140037255738941,0.3945456546610597,0.8977042318800821,0.0782031593800509,0.0240926087398669,0.0055224389855681,2.135698081808795,0.8599627442610589,0.3945456546610597,e8ecb3032a4648ddb7610e60760acab9,frozen
1489397,2026-06-21 16:00:00+00:00,Spain,Saudi Arabia,4,0,0,poisson_glm,2.672708779527553,0.5668517018846855,0.8188194821170018,0.1252044619275192,0.0559760559554788,0.0179798494503411,2.485244382568414,1.3272912204724472,0.5668517018846855,e8ecb3032a4648ddb7610e60760acab9,frozen
1489397,2026-06-21 16:00:00+00:00,Spain,Saudi Arabia,4,0,0,random_forest,2.339927472534774,0.457197182663746,0.7980071085660956,0.1459007793784177,0.0560921120554867,0.0219737266123371,2.5746987485624366,1.6600725274652262,0.457197182663746,e8ecb3032a4648ddb7610e60760acab9,frozen
1489397,2026-06-21 16:00:00+00:00,Spain,Saudi Arabia,4,0,0,ridge,2.1122839065267343,0.1380788395677958,0.8436599927317171,0.1384072889093127,0.0179327183589701,0.0123818901301944,2.437337447448396,1.8877160934732655,0.1380788395677958,e8ecb3032a4648ddb7610e60760acab9,frozen
1489397,2026-06-21 16:00:00+00:00,Spain,Saudi Arabia,4,0,0,sarimax,2.395140800634014,1e-06,0.9088360853148942,0.0911638235213457,9.116375992827767e-08,0.0041554296703607,2.0794275568074676,1.6048591993659862,1e-06,e8ecb3032a4648ddb7610e60760acab9,frozen
1489397,2026-06-21 16:00:00+00:00,Spain,Saudi Arabia,4,0,0,xgboost,2.645836353302002,0.4852529764175415,0.8324207586625281,0.1205312788971996,0.0470479624402723,0.0151481564485119,2.417194292245369,1.354163646697998,0.4852529764175415,e8ecb3032a4648ddb7610e60760acab9,frozen
1489395,2026-06-21 19:00:00+00:00,Belgium,Iran,0,0,1,bayesian_poisson,1.639700446566401,0.9225065577410396,0.5423735677623899,0.2460936396773712,0.2115327925602388,0.1694576046678183,2.5622070043074405,1.639700446566401,0.9225065577410396,0f03466c09934ccea8e6890146369b72,frozen
1489395,2026-06-21 19:00:00+00:00,Belgium,Iran,0,0,1,mean_rate_poisson,1.3240561110282048,1.3240561110282048,0.3694459101779029,0.2611081796441941,0.3694459101779029,0.1364902805471791,2.6481122220564095,1.3240561110282048,1.3240561110282048,0f03466c09934ccea8e6890146369b72,frozen
1489395,2026-06-21 19:00:00+00:00,Belgium,Iran,0,0,1,negbin_glm,1.5850246312173208,0.9322616193438412,0.5263295287845736,0.2518725283240425,0.2217979428913838,0.1631085501707204,2.517286250561162,1.5850246312173208,0.9322616193438412,0f03466c09934ccea8e6890146369b72,frozen
1489395,2026-06-21 19:00:00+00:00,Belgium,Iran,0,0,1,poisson_glm,1.7099117118258824,1.0192193013682354,0.535665559890668,0.239322771651893,0.225011668457439,0.1687839214974916,2.7291310131941175,1.7099117118258824,1.0192193013682354,0f03466c09934ccea8e6890146369b72,frozen
1489395,2026-06-21 19:00:00+00:00,Belgium,Iran,0,0,1,random_forest,1.806873798315328,0.90637566083529,0.5860542451845652,0.2283825881740805,0.1855631666413543,0.1889466335564087,2.713249459150618,1.806873798315328,0.90637566083529,0f03466c09934ccea8e6890146369b72,frozen
1489395,2026-06-21 19:00:00+00:00,Belgium,Iran,0,0,1,ridge,1.60957913936603,1.0618814471488356,0.5009535837654201,0.2485352143310051,0.2505112019035747,0.1568551776832956,2.6714605865148657,1.60957913936603,1.0618814471488356,0f03466c09934ccea8e6890146369b72,frozen
1489395,2026-06-21 19:00:00+00:00,Belgium,Iran,0,0,1,sarimax,1.832413168381996,1.0140603436754254,0.5655128221614327,0.2276632723233616,0.2068239055152057,0.1812904399607754,2.8464735120574214,1.832413168381996,1.0140603436754254,0f03466c09934ccea8e6890146369b72,frozen
1489395,2026-06-21 19:00:00+00:00,Belgium,Iran,0,0,1,xgboost,1.6055563688278198,0.8811763525009155,0.5442979065066557,0.2496443466386431,0.2060577468547011,0.1693600030331821,2.4867327213287354,1.6055563688278198,0.8811763525009155,0f03466c09934ccea8e6890146369b72,frozen
1489398,2026-06-21 22:00:00+00:00,Uruguay,Cape Verde,2,2,1,bayesian_poisson,1.6840537793374797,0.6634040009001699,0.6203921897106374,0.2362393273960527,0.14336848289331,0.2027204954705443,3.512086682961393,0.3159462206625203,1.33659599909983,8a63cbdcd2bc484cb1daa9053649de38,frozen
1489398,2026-06-21 22:00:00+00:00,Uruguay,Cape Verde,2,2,1,mean_rate_poisson,1.3240561110282048,1.3240561110282048,0.3694459101779029,0.2611081796441941,0.3694459101779029,0.1364902805471791,2.911607236986377,0.6759438889717952,0.6759438889717952,8a63cbdcd2bc484cb1daa9053649de38,frozen
1489398,2026-06-21 22:00:00+00:00,Uruguay,Cape Verde,2,2,1,negbin_glm,1.7105941317587934,0.6086057182085234,0.6414353420961688,0.2306864560017385,0.1278782019020925,0.2138960663058707,3.6249819915769654,0.2894058682412066,1.3913942817914766,8a63cbdcd2bc484cb1daa9053649de38,frozen
1489398,2026-06-21 22:00:00+00:00,Uruguay,Cape Verde,2,2,1,poisson_glm,1.6096959401752968,0.7685564708702655,0.5743746913901114,0.2481585244935341,0.1774667841163544,0.1807003727870432,3.338938637440063,0.3903040598247032,1.2314435291297343,8a63cbdcd2bc484cb1daa9053649de38,frozen
1489398,2026-06-21 22:00:00+00:00,Uruguay,Cape Verde,2,2,1,random_forest,1.6714246542341311,0.6979916511779672,0.6081139155177707,0.2389251977988149,0.1529608866834142,0.1965997835506653,3.447454242990663,0.3285753457658689,1.3020083488220329,8a63cbdcd2bc484cb1daa9053649de38,frozen
1489398,2026-06-21 22:00:00+00:00,Uruguay,Cape Verde,2,2,1,ridge,1.475075230375663,0.7404794049929934,0.5472797597303741,0.265019974478742,0.1877002657908839,0.1673732625942522,3.4253459281362466,0.5249247696243371,1.2595205950070063,8a63cbdcd2bc484cb1daa9053649de38,frozen
1489398,2026-06-21 22:00:00+00:00,Uruguay,Cape Verde,2,2,1,sarimax,1.6618720164080532,0.4762942887330135,0.6669991979643446,0.2313398414621318,0.1016609605735235,0.2276114404949052,3.9920100151672497,0.3381279835919468,1.5237057112669865,8a63cbdcd2bc484cb1daa9053649de38,frozen
1489398,2026-06-21 22:00:00+00:00,Uruguay,Cape Verde,2,2,1,xgboost,1.6014275550842283,0.633194088935852,0.6086716701320721,0.246383453398489,0.1449448764694387,0.1957451096180534,3.593081670866681,0.3985724449157717,1.366805911064148,8a63cbdcd2bc484cb1daa9053649de38,frozen
1489396,2026-06-22 01:00:00+00:00,New Zealand,Egypt,1,3,2,bayesian_poisson,0.8100176496348099,1.5036198294658432,0.2020967751170522,0.2613965496192096,0.5365066752637382,0.1278345842938932,3.0924699283682333,0.18998235036519,1.4963801705341568,893987b1a2004ab1a191df708ccace97,frozen
1489396,2026-06-22 01:00:00+00:00,New Zealand,Egypt,1,3,2,mean_rate_poisson,1.3240561110282048,1.3240561110282048,0.3694459101779029,0.2611081796441941,0.3694459101779029,0.2670443703692762,3.317072345094541,0.3240561110282047,1.6759438889717952,893987b1a2004ab1a191df708ccace97,frozen
1489396,2026-06-22 01:00:00+00:00,New Zealand,Egypt,1,3,2,negbin_glm,0.7866557511560606,1.4253274787920822,0.2070000881972682,0.2712520554393142,0.5217478563634175,0.1357870747033315,3.180502453560926,0.2133442488439394,1.5746725212079178,893987b1a2004ab1a191df708ccace97,frozen
1489396,2026-06-22 01:00:00+00:00,New Zealand,Egypt,1,3,2,poisson_glm,0.9316074506968426,1.596738361292349,0.2199266507322188,0.2506379881845657,0.5294353610832155,0.1348994055505875,2.987059951173942,0.0683925493031574,1.403261638707651,893987b1a2004ab1a191df708ccace97,frozen
1489396,2026-06-22 01:00:00+00:00,New Zealand,Egypt,1,3,2,random_forest,0.7925007686277782,1.662896135602895,0.1767058502026196,0.2421350399949396,0.5811591098024408,0.1033263243986572,2.954035950156248,0.2074992313722218,1.337103864397105,893987b1a2004ab1a191df708ccace97,frozen
1489396,2026-06-22 01:00:00+00:00,New Zealand,Egypt,1,3,2,ridge,0.8423959016916215,1.7637770840883364,0.176153076138654,0.2316216800071749,0.592225243854171,0.0986550789914503,2.86706489811608,0.1576040983083785,1.2362229159116636,893987b1a2004ab1a191df708ccace97,frozen
1489396,2026-06-22 01:00:00+00:00,New Zealand,Egypt,1,3,2,sarimax,0.8643385344574323,1.8063686445153515,0.1760424818222025,0.2275031538365607,0.5964543643412368,0.0969200177326778,2.8343017440338256,0.1356614655425677,1.1936313554846485,893987b1a2004ab1a191df708ccace97,frozen
1489396,2026-06-22 01:00:00+00:00,New Zealand,Egypt,1,3,2,xgboost,0.839139461517334,1.5193405151367188,0.2074657743187768,0.2594551080267134,0.5330791176545098,0.1305285789419903,3.0707887014453994,0.160860538482666,1.4806594848632812,893987b1a2004ab1a191df708ccace97,frozen
1489399,2026-06-22 17:00:00+00:00,Argentina,Austria,2,0,0,bayesian_poisson,2.2231705002368387,0.7727409176048455,0.7040358423087727,0.1806120401900374,0.1153521175011899,0.0504504468249429,2.091189937795462,0.2231705002368387,0.7727409176048455,9c96aac2580f49a6a166ab52e3c9483e,frozen
1489399,2026-06-22 17:00:00+00:00,Argentina,Austria,2,0,0,mean_rate_poisson,1.3240561110282048,1.3240561110282048,0.3694459101779029,0.2611081796441941,0.3694459101779029,0.2670443703692762,2.779859729521393,0.6759438889717952,1.3240561110282048,9c96aac2580f49a6a166ab52e3c9483e,frozen
1489399,2026-06-22 17:00:00+00:00,Argentina,Austria,2,0,0,negbin_glm,2.1292021078599377,0.7616279016781373,0.6893361811237902,0.1893819709729414,0.1212818479032683,0.0556106474947909,2.0724825655112156,0.1292021078599377,0.7616279016781373,9c96aac2580f49a6a166ab52e3c9483e,frozen
1489399,2026-06-22 17:00:00+00:00,Argentina,Austria,2,0,0,poisson_glm,2.1857652237647933,0.8263426905572794,0.6843740081719858,0.1871797057481302,0.1284462860798839,0.0580591075625665,2.1413231267581225,0.1857652237647933,0.8263426905572794,9c96aac2580f49a6a166ab52e3c9483e,frozen
1489399,2026-06-22 17:00:00+00:00,Argentina,Austria,2,0,0,random_forest,1.95416819328872,0.8279569221903843,0.6379512210021319,0.210656582550417,0.151392196447451,0.0769994577595153,2.135343043403396,0.0458318067112799,0.8279569221903843,9c96aac2580f49a6a166ab52e3c9483e,frozen
1489399,2026-06-22 17:00:00+00:00,Argentina,Austria,2,0,0,ridge,2.0302319066119376,0.7702516418480112,0.6679422877128554,0.2001183573708961,0.1319393549162484,0.0638351588325439,2.0773306765415915,0.0302319066119376,0.7702516418480112,9c96aac2580f49a6a166ab52e3c9483e,frozen
1489399,2026-06-22 17:00:00+00:00,Argentina,Austria,2,0,0,sarimax,2.2892578286247134,0.732734378952121,0.725149498678067,0.1717680193426068,0.1030824819793262,0.043084398083968,2.0586840426702415,0.2892578286247134,0.732734378952121,9c96aac2580f49a6a166ab52e3c9483e,frozen
1489399,2026-06-22 17:00:00+00:00,Argentina,Austria,2,0,0,xgboost,1.8582130670547483,0.9138026237487792,0.5958059430370464,0.2232749268707699,0.1809191300921837,0.0980522836587419,2.2259322527557464,0.1417869329452517,0.9138026237487792,9c96aac2580f49a6a166ab52e3c9483e,frozen
1539017,2026-06-22 21:00:00+00:00,France,Iraq,3,0,0,bayesian_poisson,2.9767838316163564,0.5312532237475044,0.8597871623313678,0.0997224782387418,0.0404903594298904,0.0106495545269259,2.027266124878961,0.0232161683836436,0.5312532237475044,93e007a752194612a19545c4672dd899,frozen
1539017,2026-06-22 21:00:00+00:00,France,Iraq,3,0,0,mean_rate_poisson,1.3240561110282048,1.3240561110282048,0.3694459101779029,0.2611081796441941,0.3694459101779029,0.2670443703692762,3.5977721816420223,1.6759438889717952,1.3240561110282048,93e007a752194612a19545c4672dd899,frozen
1539017,2026-06-22 21:00:00+00:00,France,Iraq,3,0,0,negbin_glm,2.9207191311347,0.5050137600965959,0.8589511787785026,0.1013981933969416,0.0396506278245558,0.0107334711274276,2.0020027692253985,0.0792808688652999,0.5050137600965959,93e007a752194612a19545c4672dd899,frozen
1539017,2026-06-22 21:00:00+00:00,France,Iraq,3,0,0,poisson_glm,2.9707189358228323,0.7462306864026672,0.8194204291696117,0.1165627052152359,0.0640168656151523,0.0183535702422378,2.242297123088582,0.0292810641771676,0.7462306864026672,93e007a752194612a19545c4672dd899,frozen
1539017,2026-06-22 21:00:00+00:00,France,Iraq,3,0,0,random_forest,3.129413713486523,0.5266578787757465,0.8750042853842558,0.0895580863770194,0.0354376282387248,0.0084398770837433,2.025294036424791,0.1294137134865232,0.5266578787757465,93e007a752194612a19545c4672dd899,frozen
1539017,2026-06-22 21:00:00+00:00,France,Iraq,3,0,0,ridge,2.428290916086346,0.4943808997032732,0.8020997868580181,0.1405403735734975,0.0573598395684844,0.021227322778482,2.0528682354514127,0.571709083913654,0.4943808997032732,93e007a752194612a19545c4672dd899,frozen
1539017,2026-06-22 21:00:00+00:00,France,Iraq,3,0,0,sarimax,2.784185218558499,0.3768163347294584,0.8693230954121105,0.0999792253956804,0.030697679192209,0.00900940045023,1.8808952127745908,0.2158147814415008,0.3768163347294584,93e007a752194612a19545c4672dd899,frozen
1539017,2026-06-22 21:00:00+00:00,France,Iraq,3,0,0,xgboost,3.141427993774414,0.5599839091300964,0.8704639892743398,0.0914333521132178,0.0381026586124424,0.0091156953340273,2.059138957246446,0.141427993774414,0.5599839091300964,93e007a752194612a19545c4672dd899,frozen
1489401,2026-06-23 00:00:00+00:00,Norway,Senegal,3,2,0,bayesian_poisson,1.4995076501766251,1.1028052970024584,0.4634655368001975,0.2576389627241026,0.2788955004756999,0.1828259651933456,3.676094727157587,1.5004923498233749,0.8971947029975416,e2d76eb7bf834de7bf50c53e664de346,frozen
1489401,2026-06-23 00:00:00+00:00,Norway,Senegal,3,2,0,mean_rate_poisson,1.3240561110282048,1.3240561110282048,0.3694459101779029,0.2611081796441941,0.3694459101779029,0.2670443703692762,3.729519689107006,1.6759438889717952,0.6759438889717952,e2d76eb7bf834de7bf50c53e664de346,frozen
1489401,2026-06-23 00:00:00+00:00,Norway,Senegal,3,2,0,negbin_glm,1.403877061715451,1.1030495389689985,0.4383753988511999,0.2658987238627968,0.2957258772860033,0.2014379935560624,3.777962729406659,1.596122938284549,0.8969504610310015,e2d76eb7bf834de7bf50c53e664de346,frozen
1489401,2026-06-23 00:00:00+00:00,Norway,Senegal,3,2,0,poisson_glm,1.6052004613783526,1.1940334046722971,0.4691962845619541,0.246833218963551,0.2839704964744948,0.1811959135954025,3.5097205919418357,1.3947995386216474,0.8059665953277029,e2d76eb7bf834de7bf50c53e664de346,frozen
1489401,2026-06-23 00:00:00+00:00,Norway,Senegal,3,2,0,random_forest,1.7731850479656557,0.9724214045329505,0.5619879790433161,0.2328515409792267,0.2051604799774572,0.1169726765235695,3.5681129768568463,1.2268149520343443,1.0275785954670495,e2d76eb7bf834de7bf50c53e664de346,frozen
1489401,2026-06-23 00:00:00+00:00,Norway,Senegal,3,2,0,ridge,1.591057069469176,1.1826496945817704,0.4682776861278953,0.2481840680582726,0.2835382458138321,0.1815612779543451,3.529902707169029,1.408942930530824,0.8173503054182296,e2d76eb7bf834de7bf50c53e664de346,frozen
1489401,2026-06-23 00:00:00+00:00,Norway,Senegal,3,2,0,sarimax,1.7068434954570486,1.2451345779551548,0.4823259254633838,0.2381810187207651,0.279493055815851,0.1730514078483122,3.3944602186579154,1.2931565045429514,0.7548654220448452,e2d76eb7bf834de7bf50c53e664de346,frozen
1489401,2026-06-23 00:00:00+00:00,Norway,Senegal,3,2,0,xgboost,1.5456732511520386,0.9440565705299376,0.5134114165168167,0.2559442341504584,0.2306443493327249,0.1449826327276434,3.7833961178262223,1.4543267488479614,1.0559434294700625,e2d76eb7bf834de7bf50c53e664de346,frozen
1489400,2026-06-23 03:00:00+00:00,Jordan,Algeria,1,2,2,bayesian_poisson,0.9505014352496542,1.656291136994302,0.2160577219606568,0.2444522388758123,0.5394900391635308,0.1293751816242174,2.341543664115372,0.0494985647503457,0.3437088630056979,077f63bed11542a796f964d123459506,frozen
1489400,2026-06-23 03:00:00+00:00,Jordan,Algeria,1,2,2,mean_rate_poisson,1.3240561110282048,1.3240561110282048,0.3694459101779029,0.2611081796441941,0.3694459101779029,0.2670443703692762,2.4991598929739123,0.3240561110282047,0.6759438889717952,077f63bed11542a796f964d123459506,frozen
1489400,2026-06-23 03:00:00+00:00,Jordan,Algeria,1,2,2,negbin_glm,0.934283963847358,1.5346322623708482,0.2298055659708496,0.2571938029938784,0.513000631035272,0.1449894917616129,2.3734566962239874,0.0657160361526419,0.4653677376291518,077f63bed11542a796f964d123459506,frozen
1489400,2026-06-23 03:00:00+00:00,Jordan,Algeria,1,2,2,poisson_glm,0.9925754116655148,1.682441699438307,0.2225539675366719,0.2419242188992769,0.535521813564051,0.132635127070571,2.335124317873441,0.0074245883344852,0.3175583005616931,077f63bed11542a796f964d123459506,frozen
1489400,2026-06-23 03:00:00+00:00,Jordan,Algeria,1,2,2,random_forest,0.8804964978604816,1.7378925083218293,0.188268589131157,0.2351864247372734,0.5765449861315696,0.1073796052118744,2.3334591612112385,0.1195035021395184,0.2621074916781707,077f63bed11542a796f964d123459506,frozen
1489400,2026-06-23 03:00:00+00:00,Jordan,Algeria,1,2,2,ridge,0.9874464934532274,1.8341651730045792,0.2005407939619492,0.2271103424214145,0.5723488636166362,0.1115510522464357,2.3142129517465935,0.0125535065467725,0.1658348269954208,077f63bed11542a796f964d123459506,frozen
1489400,2026-06-23 03:00:00+00:00,Jordan,Algeria,1,2,2,sarimax,1.0377642053752587,1.9500090532246253,0.1968251782049744,0.2171855449038986,0.5859892768911269,0.1050725148122759,2.308183812184665,0.0377642053752587,0.0499909467753747,077f63bed11542a796f964d123459506,frozen
1489400,2026-06-23 03:00:00+00:00,Jordan,Algeria,1,2,2,xgboost,0.8701034784317017,1.575217604637146,0.207511803580342,0.2530063396895999,0.539481856730058,0.1275690544529806,2.368824548492035,0.1298965215682983,0.424782395362854,077f63bed11542a796f964d123459506,frozen
1489404,2026-06-23 17:00:00+00:00,Portugal,Uzbekistan,5,0,0,bayesian_poisson,2.08511852629894,0.6371730387417642,0.7118099620361003,0.1867052126424007,0.101484825321499,0.0466763338760845,3.835654803918742,2.91488147370106,0.6371730387417642,82e92cab55b2478faa1120936c75f108,frozen
1489404,2026-06-23 17:00:00+00:00,Portugal,Uzbekistan,5,0,0,mean_rate_poisson,1.3240561110282048,1.3240561110282048,0.3694459101779029,0.2611081796441941,0.3694459101779029,0.2670443703692762,6.032104782101052,3.675943888971795,1.3240561110282048,82e92cab55b2478faa1120936c75f108,frozen
1489404,2026-06-23 17:00:00+00:00,Portugal,Uzbekistan,5,0,0,negbin_glm,2.0391944735226333,0.621301608249429,0.7071476434742285,0.1908272229987022,0.1020251335270692,0.0480858152969569,3.885213504775251,2.9608055264773667,0.621301608249429,82e92cab55b2478faa1120936c75f108,frozen
1489404,2026-06-23 17:00:00+00:00,Portugal,Uzbekistan,5,0,0,poisson_glm,2.1093918003479875,0.773886052771796,0.6825656090352782,0.1920626440312873,0.1253717469334345,0.0582413337481425,3.938771297619547,2.8906081996520125,0.773886052771796,82e92cab55b2478faa1120936c75f108,frozen
1489404,2026-06-23 17:00:00+00:00,Portugal,Uzbekistan,5,0,0,random_forest,2.3212977575703326,0.5761665375585877,0.7672685241265188,0.1576038301427053,0.0751276457307759,0.0299040515076488,3.474324000173007,2.6787022424296674,0.5761665375585877,82e92cab55b2478faa1120936c75f108,frozen
1489404,2026-06-23 17:00:00+00:00,Portugal,Uzbekistan,5,0,0,ridge,2.00692174721203,0.6560566049337747,0.6920533604183121,0.196596171630267,0.1113504679514209,0.0536150297713271,3.9674596993036433,2.99307825278797,0.6560566049337747,82e92cab55b2478faa1120936c75f108,frozen
1489404,2026-06-23 17:00:00+00:00,Portugal,Uzbekistan,5,0,0,sarimax,2.241540853550597,0.5774416727379799,0.7540727645215033,0.1657918776056941,0.0801353578728025,0.033450940365749,3.57065671689765,2.758459146449403,0.5774416727379799,82e92cab55b2478faa1120936c75f108,frozen
1489404,2026-06-23 17:00:00+00:00,Portugal,Uzbekistan,5,0,0,xgboost,2.223724842071533,0.6286720633506775,0.7387044252098706,0.1713613524535675,0.0899342223365619,0.0381817708760931,3.643970414984312,2.776275157928467,0.6286720633506775,82e92cab55b2478faa1120936c75f108,frozen
1489402,2026-06-23 20:00:00+00:00,England,Ghana,0,0,1,bayesian_poisson,3.4292801616728896,0.4845938696291119,0.9053177846963474,0.0698083590719424,0.02487385623171,0.4101095000056688,3.9138740313020017,3.4292801616728896,0.4845938696291119,16990329787c41cc889241232f09fd55,frozen
1489402,2026-06-23 20:00:00+00:00,England,Ghana,0,0,1,mean_rate_poisson,1.3240561110282048,1.3240561110282048,0.3694459101779029,0.2611081796441941,0.3694459101779029,0.1364902805471791,2.6481122220564095,1.3240561110282048,1.3240561110282048,16990329787c41cc889241232f09fd55,frozen
1489402,2026-06-23 20:00:00+00:00,England,Ghana,0,0,1,negbin_glm,3.39508053538054,0.4576990641492611,0.9068180890819176,0.0695025284711219,0.0236793824469603,0.411439879919625,3.852779599529801,3.39508053538054,0.4576990641492611,16990329787c41cc889241232f09fd55,frozen
1489402,2026-06-23 20:00:00+00:00,England,Ghana,0,0,1,poisson_glm,3.4100877920234045,0.7353550811166669,0.8660566399372487,0.0886580798062361,0.0452852802565151,0.3760524300936541,4.145442873140071,3.4100877920234045,0.7353550811166669,16990329787c41cc889241232f09fd55,frozen
1489402,2026-06-23 20:00:00+00:00,England,Ghana,0,0,1,random_forest,3.506393302189085,0.5194414615729498,0.9056989516877034,0.0685935083906901,0.0257075399216065,0.4104757343485129,4.025834763762035,3.506393302189085,0.5194414615729498,16990329787c41cc889241232f09fd55,frozen
1489402,2026-06-23 20:00:00+00:00,England,Ghana,0,0,1,ridge,2.6711579902498155,0.3524572334361026,0.862460097541014,0.1063866938446941,0.0311532086142918,0.3724039711287105,3.023615223685918,2.6711579902498155,0.3524572334361026,16990329787c41cc889241232f09fd55,frozen
1489402,2026-06-23 20:00:00+00:00,England,Ghana,0,0,1,sarimax,3.052506066865148,0.2409135323331508,0.91595449505416,0.0699019291466972,0.0141435757991428,0.4195863388731537,3.293419599198298,3.052506066865148,0.2409135323331508,16990329787c41cc889241232f09fd55,frozen
1489402,2026-06-23 20:00:00+00:00,England,Ghana,0,0,1,xgboost,3.2498512268066406,0.5441445112228394,0.8825493800061033,0.0838136544885317,0.0336369655053649,0.3900124267987832,3.79399573802948,3.2498512268066406,0.5441445112228394,16990329787c41cc889241232f09fd55,frozen
1489403,2026-06-23 23:00:00+00:00,Panama,Croatia,0,1,2,bayesian_poisson,0.903692107822438,1.8456286535658435,0.1801851505227575,0.2243221406185127,0.5954927088587297,0.0980464185276785,2.136500808292291,0.903692107822438,0.8456286535658435,123cc72a07ee42bf89cfb1e107d65f03,frozen
1489403,2026-06-23 23:00:00+00:00,Panama,Croatia,0,1,2,mean_rate_poisson,1.3240561110282048,1.3240561110282048,0.3694459101779029,0.2611081796441941,0.3694459101779029,0.2670443703692762,2.3674123855089286,1.3240561110282048,0.3240561110282047,123cc72a07ee42bf89cfb1e107d65f03,frozen
1489403,2026-06-23 23:00:00+00:00,Panama,Croatia,0,1,2,negbin_glm,0.9137426330661508,1.7656311926987218,0.1924910825249549,0.2327978940051713,0.5747110234698737,0.1089617652048356,2.110865583049167,0.9137426330661508,0.7656311926987218,123cc72a07ee42bf89cfb1e107d65f03,frozen
1489403,2026-06-23 23:00:00+00:00,Panama,Croatia,0,1,2,poisson_glm,1.1380176712336492,2.01862931502952,0.2095928465302167,0.2131157402895533,0.5772914131802299,0.111305855343903,2.4542282620900773,1.1380176712336492,1.01862931502952,123cc72a07ee42bf89cfb1e107d65f03,frozen
1489403,2026-06-23 23:00:00+00:00,Panama,Croatia,0,1,2,random_forest,0.8156890332358234,1.93268739791014,0.1510661794113592,0.2124617706416673,0.6364720499469733,0.0774867805158504,2.0894649626162902,0.8156890332358234,0.93268739791014,123cc72a07ee42bf89cfb1e107d65f03,frozen
1489403,2026-06-23 23:00:00+00:00,Panama,Croatia,0,1,2,ridge,1.0957604123146765,1.7584562702459228,0.2360991546445843,0.2349909763209967,0.528909869034419,0.1388343611585278,2.2897803775831003,1.0957604123146765,0.7584562702459228,123cc72a07ee42bf89cfb1e107d65f03,frozen
1489403,2026-06-23 23:00:00+00:00,Panama,Croatia,0,1,2,sarimax,1.055080887539913,2.015554949183364,0.1923627318626211,0.2116871910171507,0.5959500771202282,0.1001298803944001,2.369741270218732,1.055080887539913,1.0155549491833642,123cc72a07ee42bf89cfb1e107d65f03,frozen
1489403,2026-06-23 23:00:00+00:00,Panama,Croatia,0,1,2,xgboost,0.8789215087890625,1.7897570133209229,0.1813988802138076,0.229607557356173,0.5889935624300193,0.1009159227333948,2.0865986582198333,0.8789215087890625,0.7897570133209229,123cc72a07ee42bf89cfb1e107d65f03,frozen
1539008,2026-06-24 02:00:00+00:00,Colombia,DR Congo,1,0,0,bayesian_poisson,2.4066555152607534,0.6673690081823813,0.7595463012213891,0.1562089061700942,0.0842447926085166,0.0324575831689834,2.195786492765408,1.4066555152607534,0.6673690081823813,78f85895e9284a9bafc40759ae992694,frozen
1539008,2026-06-24 02:00:00+00:00,Colombia,DR Congo,1,0,0,mean_rate_poisson,1.3240561110282048,1.3240561110282048,0.3694459101779029,0.2611081796441941,0.3694459101779029,0.2670443703692762,2.3674123855089286,0.3240561110282047,1.3240561110282048,78f85895e9284a9bafc40759ae992694,frozen
1539008,2026-06-24 02:00:00+00:00,Colombia,DR Congo,1,0,0,negbin_glm,2.357990385929276,0.6393961308564503,0.7583146923440107,0.1587783023718496,0.0829070052841397,0.0326426797309772,2.1395767918929063,1.357990385929276,0.6393961308564503,78f85895e9284a9bafc40759ae992694,frozen
1539008,2026-06-24 02:00:00+00:00,Colombia,DR Congo,1,0,0,poisson_glm,2.4363487763579,0.8403010497272787,0.7251881156879484,0.1648665889810384,0.1099452953310131,0.043804769862282,2.386149310641424,1.4363487763579,0.8403010497272787,78f85895e9284a9bafc40759ae992694,frozen
1539008,2026-06-24 02:00:00+00:00,Colombia,DR Congo,1,0,0,random_forest,2.2944302334227125,0.5783601637757384,0.7624787083979839,0.1604584710362055,0.0770628205658105,0.0311775211389241,2.0423058488124552,1.2944302334227125,0.5783601637757384,78f85895e9284a9bafc40759ae992694,frozen
1539008,2026-06-24 02:00:00+00:00,Colombia,DR Congo,1,0,0,ridge,2.1121139026561933,0.7178346924517499,0.6968373603437114,0.1886993959462845,0.114463243710004,0.0525047101219922,2.0822592995362523,1.1121139026561933,0.7178346924517499,78f85895e9284a9bafc40759ae992694,frozen
1539008,2026-06-24 02:00:00+00:00,Colombia,DR Congo,1,0,0,sarimax,2.4166741366713858,0.6232402956022915,0.7711418531466844,0.152025473532832,0.0768326733204837,0.0291396555353529,2.1575221610435453,1.4166741366713858,0.6232402956022915,78f85895e9284a9bafc40759ae992694,frozen
1539008,2026-06-24 02:00:00+00:00,Colombia,DR Congo,1,0,0,xgboost,2.2741823196411133,0.6046574115753174,0.7529382411041693,0.1644800430902247,0.0825817158056058,0.0339296262470497,2.057219163358316,1.2741823196411133,0.6046574115753174,78f85895e9284a9bafc40759ae992694,frozen
1489408,2026-06-24 19:00:00+00:00,Switzerland,Canada,2,1,0,bayesian_poisson,1.462519925996296,1.0653707085884558,0.4625938098871334,0.2619164642532653,0.2754897258596013,0.1823500011129123,2.3973931440807315,0.537480074003704,0.0653707085884558,d21dd38759f4450dbd69a455b092e63f,frozen
1539009,2026-06-24 19:00:00+00:00,Bosnia and Herzegovina,Qatar,3,1,0,bayesian_poisson,1.6533569994573236,0.8325156658488047,0.5685041324447441,0.2438583246486709,0.187637542906585,0.1106982656126417,2.9525120755398424,1.3466430005426764,0.1674843341511953,d21dd38759f4450dbd69a455b092e63f,frozen
1489408,2026-06-24 19:00:00+00:00,Switzerland,Canada,2,1,0,mean_rate_poisson,1.3242379182156134,1.3242379182156134,0.3694563434754778,0.2610873130490444,0.3694563434754778,0.2670416462587924,2.4991116032647724,0.6757620817843866,0.3242379182156134,d21dd38759f4450dbd69a455b092e63f,frozen
1539009,2026-06-24 19:00:00+00:00,Bosnia and Herzegovina,Qatar,3,1,0,mean_rate_poisson,1.3242379182156134,1.3242379182156134,0.3694563434754778,0.2610873130490444,0.3694563434754778,0.2670416462587924,3.316886754024082,1.6757620817843866,0.3242379182156134,d21dd38759f4450dbd69a455b092e63f,frozen
1489408,2026-06-24 19:00:00+00:00,Switzerland,Canada,2,1,0,negbin_glm,1.5331783027267327,0.9288031345537971,0.513988366216475,0.2573968629859933,0.2286147707975316,0.1442360107998695,2.3743012860061508,0.4668216972732673,0.0711968654462028,d21dd38759f4450dbd69a455b092e63f,frozen
1539009,2026-06-24 19:00:00+00:00,Bosnia and Herzegovina,Qatar,3,1,0,negbin_glm,1.5805466709831983,0.8216513270619417,0.5532455526640283,0.2522153792102595,0.1945390681257122,0.118717492620845,3.0170842730415997,1.4194533290168017,0.1783486729380583,d21dd38759f4450dbd69a455b092e63f,frozen
1489408,2026-06-24 19:00:00+00:00,Switzerland,Canada,2,1,0,poisson_glm,1.452257572431778,1.0480778206578554,0.4639682221859544,0.2633324860982841,0.2726992917157614,0.1808474852643821,2.400286149849606,0.5477424275682219,0.0480778206578553,d21dd38759f4450dbd69a455b092e63f,frozen
1539009,2026-06-24 19:00:00+00:00,Bosnia and Herzegovina,Qatar,3,1,0,poisson_glm,1.6238172199620486,0.8234000280793304,0.5635978887545202,0.2471614567209788,0.1892406545245009,0.1131294140121868,2.9789507944514164,1.3761827800379514,0.1765999719206695,d21dd38759f4450dbd69a455b092e63f,frozen
1489408,2026-06-24 19:00:00+00:00,Switzerland,Canada,2,1,0,random_forest,1.1330083817634402,0.9596531366729498,0.3951624349556789,0.2986615961794141,0.3061759688649069,0.2297861019995538,2.5772393150366746,0.8669916182365598,0.0403468633270501,d21dd38759f4450dbd69a455b092e63f,frozen
1539009,2026-06-24 19:00:00+00:00,Bosnia and Herzegovina,Qatar,3,1,0,random_forest,1.5593355827913502,0.7132733976011221,0.5764122753614455,0.2537431698812111,0.1698445547573434,0.104136866622594,3.069479468630659,1.4406644172086498,0.2867266023988779,d21dd38759f4450dbd69a455b092e63f,frozen
1489408,2026-06-24 19:00:00+00:00,Switzerland,Canada,2,1,0,ridge,1.4430641507538142,1.211700041616817,0.4242515567694088,0.2586802256349753,0.317068217595616,0.2160092622458551,2.422349535688584,0.5569358492461858,0.2117000416168171,d21dd38759f4450dbd69a455b092e63f,frozen
1539009,2026-06-24 19:00:00+00:00,Bosnia and Herzegovina,Qatar,3,1,0,ridge,1.718998718873997,1.0463252691345564,0.5313159931658806,0.238512962844014,0.2301710439901053,0.1363217038767899,2.8865732317982973,1.281001281126003,0.0463252691345563,d21dd38759f4450dbd69a455b092e63f,frozen
1489408,2026-06-24 19:00:00+00:00,Switzerland,Canada,2,1,0,sarimax,1.5690418856622923,1.233899409169923,0.4512921566231949,0.248653815130224,0.3000540282465809,0.1955563586251122,2.384978730973262,0.4309581143377077,0.2338994091699229,d21dd38759f4450dbd69a455b092e63f,frozen
1539009,2026-06-24 19:00:00+00:00,Bosnia and Herzegovina,Qatar,3,1,0,sarimax,1.897071610585056,0.990093826731595,0.585805490306459,0.221133972765861,0.19306053692768,0.1044147313895384,2.767946153533799,1.102928389414944,0.009906173268405,d21dd38759f4450dbd69a455b092e63f,frozen
1489408,2026-06-24 19:00:00+00:00,Switzerland,Canada,2,1,0,xgboost,1.2073098421096802,0.8863848447799683,0.4346267332206208,0.2948747110503109,0.2704985557290684,0.1964081997201494,2.5306567011029957,0.7926901578903198,0.1136151552200317,d21dd38759f4450dbd69a455b092e63f,frozen
1539009,2026-06-24 19:00:00+00:00,Bosnia and Herzegovina,Qatar,3,1,0,xgboost,1.532341241836548,0.8319756388664246,0.5382854012595472,0.2579336865129374,0.2037809122275153,0.1273535154391678,3.0596381010450258,1.467658758163452,0.1680243611335754,d21dd38759f4450dbd69a455b092e63f,frozen
1489405,2026-06-24 22:00:00+00:00,Morocco,Haiti,4,2,0,bayesian_poisson,1.8526432417541587,0.6950422759580025,0.6501361822077397,0.2165159823626156,0.1333478354296446,0.0700931681069737,4.679998146990325,2.1473567582458415,1.3049577240419974,307e6e4a89eb4607beec0d52d1ddd0cb,frozen
1489406,2026-06-24 22:00:00+00:00,Scotland,Brazil,0,3,2,bayesian_poisson,0.8897562397061191,1.9735018627467549,0.1623304473762654,0.2109142958189694,0.6267552568047652,0.0828314062341276,2.615588891680617,0.8897562397061191,1.0264981372532451,307e6e4a89eb4607beec0d52d1ddd0cb,frozen
1489405,2026-06-24 22:00:00+00:00,Morocco,Haiti,4,2,0,mean_rate_poisson,1.3242379182156134,1.3242379182156134,0.3694563434754778,0.2610873130490444,0.3694563434754778,0.2670416462587924,4.834654019886318,2.6757620817843866,0.6757620817843866,307e6e4a89eb4607beec0d52d1ddd0cb,frozen
1489406,2026-06-24 22:00:00+00:00,Scotland,Brazil,0,3,2,mean_rate_poisson,1.3242379182156134,1.3242379182156134,0.3694563434754778,0.2610873130490444,0.3694563434754778,0.2670416462587924,3.597723891932882,1.3242379182156134,1.6757620817843866,307e6e4a89eb4607beec0d52d1ddd0cb,frozen
1489405,2026-06-24 22:00:00+00:00,Morocco,Haiti,4,2,0,negbin_glm,1.943497810999544,0.6304976503877474,0.6859715218101647,0.2024673242549704,0.1115611539348647,0.0555298880907512,4.7097307926716,2.056502189000456,1.3695023496122527,307e6e4a89eb4607beec0d52d1ddd0cb,frozen
1489406,2026-06-24 22:00:00+00:00,Scotland,Brazil,0,3,2,negbin_glm,0.9010097961138208,1.889081839751921,0.1743907348003865,0.2198036156833921,0.6058056495162213,0.0929006571687734,2.6735783692141166,0.9010097961138208,1.110918160248079,307e6e4a89eb4607beec0d52d1ddd0cb,frozen
1489405,2026-06-24 22:00:00+00:00,Morocco,Haiti,4,2,0,poisson_glm,1.810641383394277,0.7106669975684594,0.6368438894562266,0.2221725409586412,0.1409835695851322,0.0758793637591235,4.700887473456087,2.1893586166057233,1.2893330024315406,307e6e4a89eb4607beec0d52d1ddd0cb,frozen
1489406,2026-06-24 22:00:00+00:00,Scotland,Brazil,0,3,2,poisson_glm,0.9066628280360238,1.9556112156927292,0.1679200159188637,0.2132607535221118,0.6188192305590244,0.0867479553689028,2.6419251523378646,0.9066628280360238,1.0443887843072708,307e6e4a89eb4607beec0d52d1ddd0cb,frozen
1489405,2026-06-24 22:00:00+00:00,Morocco,Haiti,4,2,0,random_forest,1.7397494788422203,0.698243763131518,0.6240766391790209,0.2303446989869512,0.1455786618340277,0.0812557599961631,4.812603764824973,2.2602505211577797,1.301756236868482,307e6e4a89eb4607beec0d52d1ddd0cb,frozen
1489406,2026-06-24 22:00:00+00:00,Scotland,Brazil,0,3,2,random_forest,0.7752209284253081,1.831353078903393,0.1531371408596768,0.2221398457007525,0.6247230134395707,0.0821419002762766,2.583168233496607,0.7752209284253081,1.168646921096607,307e6e4a89eb4607beec0d52d1ddd0cb,frozen
1489405,2026-06-24 22:00:00+00:00,Morocco,Haiti,4,2,0,ridge,1.729110579906784,0.6259106753361494,0.6409940552009321,0.228954328409517,0.1300516163895507,0.0728993456633031,4.97288884200583,2.2708894200932157,1.3740893246638506,307e6e4a89eb4607beec0d52d1ddd0cb,frozen
1489406,2026-06-24 22:00:00+00:00,Scotland,Brazil,0,3,2,ridge,0.9771425261973302,1.906985956737056,0.1889649595590896,0.2199121949573355,0.5911228454835749,0.1014441417133084,2.739316064569764,0.9771425261973302,1.093014043262944,307e6e4a89eb4607beec0d52d1ddd0cb,frozen
1489405,2026-06-24 22:00:00+00:00,Morocco,Haiti,4,2,0,sarimax,1.8441622692271284,0.521113733256233,0.694570285300604,0.2083323369284603,0.0970973777709356,0.051357605695673,5.091950460466517,2.1558377307728716,1.478886266743767,307e6e4a89eb4607beec0d52d1ddd0cb,frozen
1489406,2026-06-24 22:00:00+00:00,Scotland,Brazil,0,3,2,sarimax,0.988646689812569,2.1311570158684803,0.1652964208431809,0.1993619571031261,0.6353416220536929,0.0801493196749988,2.641568078369387,0.988646689812569,0.8688429841315197,307e6e4a89eb4607beec0d52d1ddd0cb,frozen
1489405,2026-06-24 22:00:00+00:00,Morocco,Haiti,4,2,0,xgboost,1.6732031106948853,0.6858428716659546,0.6117885747394024,0.2383465535367934,0.1498648717238041,0.0865837952398284,4.925501169499138,2.3267968893051147,1.3141571283340454,307e6e4a89eb4607beec0d52d1ddd0cb,frozen
1489406,2026-06-24 22:00:00+00:00,Scotland,Brazil,0,3,2,xgboost,0.8214095830917358,1.82105553150177,0.1646084663876866,0.2247632521308623,0.610628281481451,0.0893531411942971,2.635975697804145,0.8214095830917358,1.17894446849823,307e6e4a89eb4607beec0d52d1ddd0cb,frozen
1489407,2026-06-25 01:00:00+00:00,South Africa,South Korea,1,0,0,bayesian_poisson,0.7735490533363732,1.6466855500652129,0.1741019589402484,0.2437352045853265,0.582162836474425,0.5105105711991417,2.677000797010522,0.2264509466636267,1.6466855500652129,4bf4d538222c48e2ad211827051e9870,frozen
1539010,2026-06-25 01:00:00+00:00,Czechia,Mexico,0,3,2,bayesian_poisson,0.8334106147557114,1.6354504408984591,0.1901865184529677,0.2459243146588439,0.5638891668881884,0.1131817852793697,2.784865728601842,0.8334106147557114,1.3645495591015409,4bf4d538222c48e2ad211827051e9870,frozen
1489407,2026-06-25 01:00:00+00:00,South Africa,South Korea,1,0,0,mean_rate_poisson,1.3242379182156134,1.3242379182156134,0.3694563434754778,0.2610873130490444,0.3694563434754778,0.2670416462587924,2.367638698522427,0.3242379182156134,1.3242379182156134,4bf4d538222c48e2ad211827051e9870,frozen
1539010,2026-06-25 01:00:00+00:00,Czechia,Mexico,0,3,2,mean_rate_poisson,1.3242379182156134,1.3242379182156134,0.3694563434754778,0.2610873130490444,0.3694563434754778,0.2670416462587924,3.597723891932882,1.3242379182156134,1.6757620817843866,4bf4d538222c48e2ad211827051e9870,frozen
1489407,2026-06-25 01:00:00+00:00,South Africa,South Korea,1,0,0,negbin_glm,0.7070991167457058,1.7085745185798231,0.1510055295413024,0.2345114769826188,0.6144829934760787,0.5491904800703835,2.762258064820432,0.2929008832542942,1.7085745185798231,4bf4d538222c48e2ad211827051e9870,frozen
1539010,2026-06-25 01:00:00+00:00,Czechia,Mexico,0,3,2,negbin_glm,0.8294562164940614,1.5000100493769335,0.2076914475780103,0.2617750992839964,0.5305334531379933,0.1317672880097931,2.904810312088016,0.8294562164940614,1.4999899506230665,4bf4d538222c48e2ad211827051e9870,frozen
1489407,2026-06-25 01:00:00+00:00,South Africa,South Korea,1,0,0,poisson_glm,0.7830676973241942,1.607545568940184,0.1813430394024601,0.2486194560602759,0.570037504537264,0.4975709878569366,2.635149394086051,0.2169323026758057,1.607545568940184,4bf4d538222c48e2ad211827051e9870,frozen
1539010,2026-06-25 01:00:00+00:00,Czechia,Mexico,0,3,2,poisson_glm,0.8297742548009367,1.6201140192356482,0.1913039115501556,0.2476566209484094,0.5610394675014349,0.1146417678329068,2.794158156229222,0.8297742548009367,1.3798859807643518,4bf4d538222c48e2ad211827051e9870,frozen
1489407,2026-06-25 01:00:00+00:00,South Africa,South Korea,1,0,0,random_forest,0.7673169943326635,1.7277117416271444,0.1629522550675433,0.233908467679031,0.6031392772534256,0.5322129575311478,2.7598840077790876,0.2326830056673364,1.7277117416271444,4bf4d538222c48e2ad211827051e9870,frozen
1539010,2026-06-25 01:00:00+00:00,Czechia,Mexico,0,3,2,random_forest,0.7445116296603866,1.7288181522011914,0.1575000920577691,0.2331465222331405,0.6093533857090904,0.0887055281275782,2.62277517296838,0.7445116296603866,1.2711818477988086,4bf4d538222c48e2ad211827051e9870,frozen
1489407,2026-06-25 01:00:00+00:00,South Africa,South Korea,1,0,0,ridge,0.8529620280676484,1.5856614292116769,0.2017341693498257,0.2517786688342573,0.5464871618159169,0.4679382772066144,2.5976637055078267,0.1470379719323515,1.5856614292116769,4bf4d538222c48e2ad211827051e9870,frozen
1539010,2026-06-25 01:00:00+00:00,Czechia,Mexico,0,3,2,ridge,0.8705411281774352,1.7752339082016395,0.1812605665868503,0.2309835888038404,0.5877558446093092,0.101400318326585,2.71573792506578,0.8705411281774352,1.2247660917983605,4bf4d538222c48e2ad211827051e9870,frozen
1489407,2026-06-25 01:00:00+00:00,South Africa,South Korea,1,0,0,sarimax,0.7295900264951566,1.725045623853409,0.154443766946216,0.2331645554216458,0.6123916776321381,0.5449944550446049,2.7699081604897313,0.2704099735048434,1.725045623853409,4bf4d538222c48e2ad211827051e9870,frozen
1539010,2026-06-25 01:00:00+00:00,Czechia,Mexico,0,3,2,sarimax,0.8862955327356494,1.8954241334396151,0.1704231160223988,0.2187395137601993,0.6108373702174018,0.0902457954470457,2.655151243574503,0.8862955327356494,1.1045758665603849,4bf4d538222c48e2ad211827051e9870,frozen
1489407,2026-06-25 01:00:00+00:00,South Africa,South Korea,1,0,0,xgboost,0.7948927879333496,1.6623423099517822,0.1773538462072079,0.242242524388893,0.5804036294038991,0.5068075336876463,2.6867831292525595,0.2051072120666504,1.6623423099517822,4bf4d538222c48e2ad211827051e9870,frozen
1539010,2026-06-25 01:00:00+00:00,Czechia,Mexico,0,3,2,xgboost,0.7846353650093079,1.5923782587051392,0.1836774025724221,0.2504799946584496,0.5658426027691281,0.1111150168930183,2.7730871162754624,0.7846353650093079,1.4076217412948608,4bf4d538222c48e2ad211827051e9870,frozen
